period_id,node_id,hull
OTPD000001,OTND00000001,مجلس الشبيبة
OTPD000001,OTND00000002,مجلس الشبيبة
OTPD000001,OTND00000003,مجلس الشبيبة
OTPD000001,OTND00000004,مجلس الشبيبة
OTPD000001,OTND00000004,مجلس فئتيّ الجامعيّة والعاملة
OTPD000001,OTND00000005,مجلس فئتيّ الجامعيّة والعاملة
OTPD000001,OTND00000006,مجلس فئتيّ الجامعيّة والعاملة
OTPD000001,OTND00000007,مجلس الشبيبة
OTPD000001,OTND00000007,مجلس فئة الثانوي
OTPD000001,OTND00000008,مجلس فئة الثانوي
OTPD000001,OTND00000009,مجلس فئة الثانوي
OTPD000001,OTND00000010,مجلس الشبيبة
OTPD000001,OTND00000010,مجلس فئة الإعدادي
OTPD000001,OTND00000011,مجلس فئة الإعدادي
OTPD000001,OTND00000012,مجلس فئة الإعدادي
OTPD000001,OTND00000013,مجلس الشبيبة
OTPD000001,OTND00000013,مجلس فئة البراعم
OTPD000001,OTND00000014,مجلس فئة البراعم
OTPD000001,OTND00000015,مجلس فئة البراعم
OTPD000001,OTND00000016,مجلس الشبيبة
OTPD000001,OTND00000017,مجلس الشبيبة
OTPD000001,OTND00000018,مجلس الشبيبة
OTPD000001,OTND00000018,اللجنة الإعلاميّة
OTPD000001,OTND00000019,مجلس الشبيبة
OTPD000001,OTND00000019,اللجنة الإعلاميّة
OTPD000001,OTND00000020,مجلس الشبيبة
OTPD000001,OTND00000020,اللجنة الإعلاميّة
OTPD000001,OTND00000021,مجلس الشبيبة
OTPD000001,OTND00000021,لجنة المساندة العامة
OTPD000001,OTND00000022,مجلس الشبيبة
OTPD000001,OTND00000022,لجنة المساندة العامة
OTPD000002,OTND00000023,مجلس الشبيبة
OTPD000002,OTND00000023,مجلس فئتيّ الجامعيّة والعاملة
OTPD000002,OTND00000024,مجلس فئتيّ الجامعيّة والعاملة
OTPD000002,OTND00000025,مجلس فئتيّ الجامعيّة والعاملة
OTPD000002,OTND00000026,مجلس فئتيّ الجامعيّة والعاملة
OTPD000002,OTND00000027,مجلس الشبيبة
OTPD000002,OTND00000027,مجلس فئة الثانوي
OTPD000002,OTND00000028,مجلس فئة الثانوي
OTPD000002,OTND00000029,مجلس فئة الثانوي
OTPD000002,OTND00000030,مجلس الشبيبة
OTPD000002,OTND00000030,مجلس فئة الإعدادي
OTPD000002,OTND00000031,مجلس فئة الإعدادي
OTPD000002,OTND00000032,مجلس فئة الإعدادي
OTPD000002,OTND00000033,مجلس الشبيبة
OTPD000002,OTND00000033,مجلس فئة البراعم
OTPD000002,OTND00000034,مجلس الشبيبة
OTPD000002,OTND00000034,مجلس فئة البراعم
OTPD000002,OTND00000035,مجلس فئة البراعم
OTPD000002,OTND00000036,مجلس فئة البراعم
OTPD000002,OTND00000037,مجلس فئة البراعم
OTPD000002,OTND00000038,مجلس فئة البراعم
OTPD000002,OTND00000039,مجلس فئة البراعم
OTPD000002,OTND00000040,مجلس فئة البراعم
OTPD000002,OTND00000041,مجلس الشبيبة
OTPD000002,OTND00000041,اللجنة الإعلاميّة
OTPD000002,OTND00000042,اللجنة الإعلاميّة
OTPD000002,OTND00000043,اللجنة الإعلاميّة
OTPD000002,OTND00000044,اللجنة الإعلاميّة
OTPD000002,OTND00000045,اللجنة الإعلاميّة
OTPD000002,OTND00000046,مجلس الشبيبة
OTPD000002,OTND00000046,اللجنة الاجتماعيّة و لجنة الخدمة
OTPD000002,OTND00000047,اللجنة الاجتماعيّة و لجنة الخدمة
OTPD000002,OTND00000048,اللجنة الاجتماعيّة و لجنة الخدمة
OTPD000002,OTND00000049,اللجنة الاجتماعيّة و لجنة الخدمة
OTPD000002,OTND00000050,اللجنة الاجتماعيّة و لجنة الخدمة
OTPD000002,OTND00000051,اللجنة الاجتماعيّة و لجنة الخدمة
OTPD000002,OTND00000052,مجلس الشبيبة
OTPD000002,OTND00000052,اللجنة الفنيّة
OTPD000002,OTND00000053,اللجنة الفنيّة
OTPD000002,OTND00000054,اللجنة الفنيّة
OTPD000002,OTND00000055,مجلس الشبيبة
OTPD000002,OTND00000056,مجلس الشبيبة
OTPD000002,OTND00000057,مجلس الشبيبة
OTPD000002,OTND00000058,مجلس الشبيبة
OTPD000002,OTND00000059,مجلس الشبيبة
OTPD000002,OTND00000060,مجلس الشبيبة
OTPD000002,OTND00000060,مجلس فئة البراعم
OTPD000002,OTND00000061,مجلس الشبيبة
OTPD000002,OTND00000061,مجلس فئة الإعدادي
OTPD000002,OTND00000062,مجلس الشبيبة
OTPD000002,OTND00000062,مجلس فئة الثانوي
OTPD000002,OTND00000063,مجلس الشبيبة
OTPD000002,OTND00000063,مجلس فئتيّ الجامعيّة والعاملة
OTPD000003,OTND00000064,مجلس الشبيبة
OTPD000003,OTND00000065,مجلس الشبيبة
OTPD000003,OTND00000065,مجلس فئتيّ الجامعيّة والعاملة
OTPD000003,OTND00000066,مجلس الشبيبة
OTPD000003,OTND00000066,مجلس فئتيّ الإعدادي والثانوي
OTPD000003,OTND00000067,مجلس الشبيبة
OTPD000003,OTND00000067,اللجنة الإعلاميّة
OTPD000003,OTND00000068,مجلس الشبيبة
OTPD000003,OTND00000068,اللجنة اللوجستية
OTPD000003,OTND00000069,مجلس الشبيبة
OTPD000003,OTND00000070,مجلس الشبيبة
OTPD000003,OTND00000070,مجلس فئة البراعم
OTPD000004,OTND00000071,مجلس الشبيبة
OTPD000004,OTND00000072,مجلس الشبيبة
OTPD000004,OTND00000073,مجلس الشبيبة
OTPD000004,OTND00000073,مجلس فئة البراعم
OTPD000005,OTND00000074,مجلس الشبيبة
OTPD000005,OTND00000075,مجلس الشبيبة
OTPD000005,OTND00000076,مجلس الشبيبة
OTPD000005,OTND00000077,مجلس الشبيبة
OTPD000005,OTND00000078,مجلس الشبيبة
OTPD000005,OTND00000078,مجلس فئة العاملة
OTPD000005,OTND00000079,مجلس الشبيبة
OTPD000005,OTND00000079,مجلس فئة الجامعيّة
OTPD000005,OTND00000080,مجلس الشبيبة
OTPD000005,OTND00000080,مجلس فئة الثانوي
OTPD000005,OTND00000081,مجلس الشبيبة
OTPD000005,OTND00000081,مجلس فئة الإعدادي
OTPD000005,OTND00000082,مجلس الشبيبة
OTPD000005,OTND00000082,مجلس فئة البراعم
OTPD000005,OTND00000083,مجلس الشبيبة
OTPD000005,OTND00000083,لجنة العلاقات العامة
OTPD000005,OTND00000084,مجلس الشبيبة
OTPD000005,OTND00000085,مجلس الشبيبة
OTPD000005,OTND00000086,مجلس الشبيبة
OTPD000005,OTND00000086,اللجنة الإعلاميّة
OTPD000005,OTND00000087,مجلس الشبيبة
OTPD000005,OTND00000087,اللجنة الترفيهيّة و لجنة المساندة العامة
OTPD000006,OTND00000088,مجلس الشبيبة
OTPD000006,OTND00000089,مجلس الشبيبة
OTPD000006,OTND00000090,مجلس الشبيبة
OTPD000006,OTND00000090,مجلس فئة الجامعيّة
OTPD000006,OTND00000091,مجلس الشبيبة
OTPD000006,OTND00000091,مجلس فئة الجامعيّة
OTPD000006,OTND00000092,مجلس الشبيبة
OTPD000006,OTND00000092,مجلس فئة الثانوي
OTPD000006,OTND00000093,مجلس الشبيبة
OTPD000006,OTND00000093,مجلس فئة الثانوي
OTPD000006,OTND00000094,مجلس الشبيبة
OTPD000006,OTND00000094,مجلس فئة الإعدادي
OTPD000006,OTND00000095,مجلس الشبيبة
OTPD000006,OTND00000095,مجلس فئة الإعدادي
OTPD000006,OTND00000096,مجلس الشبيبة
OTPD000006,OTND00000096,مجلس فئة البراعم
OTPD000006,OTND00000097,مجلس الشبيبة
OTPD000006,OTND00000097,مجلس فئة البراعم
OTPD000006,OTND00000098,مجلس الشبيبة
OTPD000006,OTND00000098,اللجنة الفنيّة
OTPD000006,OTND00000099,مجلس الشبيبة
OTPD000006,OTND00000099,اللجنة الإعلاميّة
OTPD000007,OTND00000100,مجلس الشبيبة
OTPD000007,OTND00000101,مجلس الشبيبة
OTPD000007,OTND00000102,مجلس الشبيبة
OTPD000007,OTND00000103,مجلس الشبيبة
OTPD000007,OTND00000103,مجلس فئتيّ الجامعيّة والعاملة
OTPD000007,OTND00000104,مجلس فئتيّ الجامعيّة والعاملة
OTPD000007,OTND00000105,مجلس الشبيبة
OTPD000007,OTND00000105,مجلس فئة الثانوي
OTPD000007,OTND00000106,مجلس فئة الثانوي
OTPD000007,OTND00000107,مجلس الشبيبة
OTPD000007,OTND00000107,مجلس فئة الإعدادي
OTPD000007,OTND00000108,مجلس الشبيبة
OTPD000007,OTND00000108,مجلس فئة الإعدادي
OTPD000007,OTND00000109,مجلس فئة الإعدادي
OTPD000007,OTND00000110,مجلس فئة الإعدادي
OTPD000007,OTND00000111,مجلس الشبيبة
OTPD000007,OTND00000111,مجلس فئة البراعم
OTPD000007,OTND00000112,مجلس الشبيبة
OTPD000007,OTND00000112,مجلس فئة البراعم
OTPD000007,OTND00000113,مجلس فئة البراعم
OTPD000007,OTND00000114,مجلس فئة البراعم
OTPD000007,OTND00000115,مجلس فئة البراعم
OTPD000007,OTND00000116,مجلس فئة البراعم
OTPD000007,OTND00000117,مجلس فئة البراعم
OTPD000007,OTND00000118,مجلس فئة البراعم
OTPD000007,OTND00000119,مجلس فئة البراعم
OTPD000007,OTND00000120,مجلس فئة البراعم
OTPD000007,OTND00000121,مجلس فئة البراعم
OTPD000007,OTND00000122,مجلس الشبيبة
OTPD000007,OTND00000123,مجلس الشبيبة
OTPD000007,OTND00000123,لجنة الخدمة
OTPD000007,OTND00000124,لجنة الخدمة
OTPD000007,OTND00000125,لجنة الخدمة
OTPD000007,OTND00000126,لجنة الخدمة
OTPD000007,OTND00000127,مجلس الشبيبة
OTPD000007,OTND00000127,اللجنة الإعلاميّة
OTPD000007,OTND00000128,اللجنة الإعلاميّة
OTPD000007,OTND00000129,مجلس الشبيبة
OTPD000007,OTND00000130,مجلس الشبيبة
OTPD000007,OTND00000132,مجلس الشبيبة
OTPD000007,OTND00000132,لجنة التدريب والتطوير
OTPD000007,OTND00000133,لجنة التدريب والتطوير
OTPD000007,OTND00000134,لجنة التدريب والتطوير
OTPD000007,OTND00000135,لجنة التدريب والتطوير
OTPD000007,OTND00000136,لجنة التدريب والتطوير
OTPD000007,OTND00000137,لجنة التدريب والتطوير
OTPD000007,OTND00000138,مجلس الشبيبة
OTPD000007,OTND00000138,اللجنة الترفيهيّة
OTPD000008,OTND00000139,مجلس الشبيبة
OTPD000008,OTND00000140,مجلس الشبيبة
OTPD000008,OTND00000141,مجلس الشبيبة
OTPD000008,OTND00000141,مجلس فئتيّ الجامعيّة والعاملة
OTPD000008,OTND00000142,مجلس الشبيبة
OTPD000008,OTND00000142,مجلس فئة الثانوي
OTPD000008,OTND00000143,مجلس الشبيبة
OTPD000008,OTND00000143,مجلس فئة الثانوي
OTPD000008,OTND00000144,مجلس الشبيبة
OTPD000008,OTND00000144,مجلس فئة الثانوي
OTPD000008,OTND00000145,مجلس الشبيبة
OTPD000008,OTND00000145,مجلس فئة الإعدادي
OTPD000008,OTND00000146,مجلس الشبيبة
OTPD000008,OTND00000146,مجلس فئة الإعدادي
OTPD000008,OTND00000147,مجلس الشبيبة
OTPD000008,OTND00000147,مجلس فئة البراعم
OTPD000008,OTND00000148,مجلس الشبيبة
OTPD000008,OTND00000148,مجلس فئة البراعم
OTPD000008,OTND00000149,مجلس الشبيبة
OTPD000008,OTND00000149,مجلس فئة البراعم
OTPD000008,OTND00000150,مجلس الشبيبة
OTPD000008,OTND00000150,مجلس فئة البراعم
OTPD000008,OTND00000151,مجلس الشبيبة
OTPD000008,OTND00000151,مجلس فئة البراعم
OTPD000008,OTND00000152,مجلس الشبيبة
OTPD000008,OTND00000152,مجلس فئة البراعم
OTPD000008,OTND00000153,مجلس الشبيبة
OTPD000008,OTND00000153,اللجنة الإعلاميّة
OTPD000008,OTND00000154,مجلس الشبيبة
OTPD000008,OTND00000154,اللجنة الإعلاميّة
OTPD000008,OTND00000155,مجلس الشبيبة
OTPD000008,OTND00000155,اللجنة الإعلاميّة
OTPD000008,OTND00000156,مجلس الشبيبة
OTPD000009,OTND00000157,مجلس الشبيبة
OTPD000009,OTND00000158,مجلس الشبيبة
OTPD000009,OTND00000159,مجلس الشبيبة
OTPD000009,OTND00000159,مجلس فئتيّ الجامعيّة والعاملة
OTPD000009,OTND00000160,مجلس الشبيبة
OTPD000009,OTND00000160,اللجنة الإعلاميّة
OTPD000009,OTND00000161,اللجنة الإعلاميّة
OTPD000009,OTND00000162,اللجنة الإعلاميّة
OTPD000009,OTND00000163,مجلس الشبيبة
OTPD000009,OTND00000163,لجنة الخدمة
OTPD000009,OTND00000164,مجلس الشبيبة
OTPD000009,OTND00000165,مجلس الشبيبة
OTPD000009,OTND00000166,مجلس الشبيبة
OTPD000010,OTND00000167,مجلس الشبيبة
OTPD000010,OTND00000168,مجلس الشبيبة
OTPD000010,OTND00000169,مجلس الشبيبة
OTPD000010,OTND00000169,مجلس فئة العاملة
OTPD000010,OTND00000170,مجلس الشبيبة
OTPD000010,OTND00000170,مجلس فئة الجامعيّة
OTPD000010,OTND00000171,مجلس فئتيّ الجامعيّة والعاملة
OTPD000010,OTND00000172,مجلس فئتيّ الجامعيّة والعاملة
OTPD000010,OTND00000173,مجلس فئتيّ الجامعيّة والعاملة
OTPD000010,OTND00000174,مجلس الشبيبة
OTPD000010,OTND00000174,مجلس فئة الثانوي
OTPD000010,OTND00000175,مجلس فئة الثانوي
OTPD000010,OTND00000176,مجلس الشبيبة
OTPD000010,OTND00000176,مجلس فئة الإعدادي
OTPD000010,OTND00000177,مجلس فئة الإعدادي
OTPD000010,OTND00000178,مجلس فئة الإعدادي
OTPD000010,OTND00000179,مجلس الشبيبة
OTPD000010,OTND00000179,مجلس فئة البراعم
OTPD000010,OTND00000180,مجلس فئة البراعم
OTPD000010,OTND00000181,مجلس فئة البراعم
OTPD000010,OTND00000182,مجلس فئة البراعم
OTPD000010,OTND00000183,مجلس فئة البراعم
OTPD000010,OTND00000184,مجلس الشبيبة
OTPD000010,OTND00000184,اللجنة الإعلاميّة
OTPD000010,OTND00000185,اللجنة الإعلاميّة
OTPD000010,OTND00000186,اللجنة الإعلاميّة
OTPD000010,OTND00000187,اللجنة الإعلاميّة
OTPD000010,OTND00000188,مجلس الشبيبة
OTPD000010,OTND00000188,لجنة الخدمة
OTPD000010,OTND00000189,لجنة الخدمة
OTPD000010,OTND00000190,لجنة الخدمة
OTPD000010,OTND00000191,مجلس الشبيبة
OTPD000010,OTND00000192,مجلس الشبيبة
OTPD000010,OTND00000193,مجلس الشبيبة
OTPD000010,OTND00000193,الفرقة الموسيقيّة
OTPD000010,OTND00000194,الفرقة الموسيقيّة
OTPD000010,OTND00000195,الفرقة الموسيقيّة
OTPD000010,OTND00000196,الفرقة الموسيقيّة
OTPD000010,OTND00000197,مجلس الشبيبة
OTPD000010,OTND00000198,مجلس الشبيبة
OTPD000011,OTND00000199,مجلس الشبيبة
OTPD000011,OTND00000200,مجلس الشبيبة
OTPD000011,OTND00000201,مجلس الشبيبة
OTPD000011,OTND00000201,مجلس فئتيّ الجامعيّة والعاملة
OTPD000011,OTND00000202,مجلس الشبيبة
OTPD000011,OTND00000202,مجلس فئة الثانوي
OTPD000011,OTND00000203,مجلس الشبيبة
OTPD000011,OTND00000203,مجلس فئتيّ الجامعيّة والعاملة
OTPD000011,OTND00000204,مجلس الشبيبة
OTPD000011,OTND00000204,مجلس فئة الثانوي
OTPD000011,OTND00000205,مجلس الشبيبة
OTPD000011,OTND00000205,مجلس فئة الإعدادي
OTPD000011,OTND00000206,مجلس الشبيبة
OTPD000011,OTND00000206,مجلس فئة الإعدادي
OTPD000011,OTND00000207,مجلس الشبيبة
OTPD000011,OTND00000207,مجلس فئة البراعم
OTPD000011,OTND00000208,مجلس الشبيبة
OTPD000011,OTND00000208,مجلس فئة البراعم
OTPD000011,OTND00000209,مجلس الشبيبة
OTPD000011,OTND00000209,مجلس فئة البراعم
OTPD000011,OTND00000210,مجلس الشبيبة
OTPD000011,OTND00000210,مجلس فئة الإعدادي
OTPD000011,OTND00000211,مجلس الشبيبة
OTPD000011,OTND00000211,مجلس فئة البراعم
OTPD000011,OTND00000212,مجلس الشبيبة
OTPD000011,OTND00000212,اللجنة الإعلاميّة
OTPD000011,OTND00000213,مجلس الشبيبة
OTPD000012,OTND00000214,مجلس الشبيبة
OTPD000012,OTND00000215,مجلس الشبيبة
OTPD000012,OTND00000215,مجلس فئتيّ الإعدادي والثانوي
OTPD000012,OTND00000216,مجلس فئتيّ الإعدادي والثانوي
OTPD000012,OTND00000217,مجلس فئتيّ الإعدادي والثانوي
OTPD000012,OTND00000218,مجلس الشبيبة
OTPD000012,OTND00000218,مجلس فئة البراعم
OTPD000012,OTND00000219,مجلس الشبيبة
OTPD000012,OTND00000219,مجلس فئة البراعم
OTPD000019,OTND00000401,مجلس الشبيبة
OTPD000019,OTND00000402,مجلس الشبيبة
OTPD000019,OTND00000402,مجلس فئتيّ الجامعيّة والعاملة
OTPD000019,OTND00000403,مجلس الشبيبة
OTPD000019,OTND00000403,مجلس فئة الثانوي
OTPD000019,OTND00000404,مجلس الشبيبة
OTPD000019,OTND00000404,مجلس فئة الإعدادي
OTPD000019,OTND00000405,مجلس فئة البراعم
OTPD000019,OTND00000406,مجلس الشبيبة
OTPD000019,OTND00000406,اللجنة الإعلاميّة
OTPD000019,OTND00000407,مجلس الشبيبة
OTPD000019,OTND00000407,لجنة الخدمة
OTPD000019,OTND00000408,مجلس الشبيبة
OTPD000019,OTND00000409,مجلس الشبيبة
OTPD000019,OTND00000410,مجلس فئتيّ الجامعيّة والعاملة
OTPD000019,OTND00000411,مجلس فئتيّ الجامعيّة والعاملة
OTPD000019,OTND00000412,مجلس فئتيّ الجامعيّة والعاملة
OTPD000019,OTND00000413,مجلس فئة الثانوي
OTPD000019,OTND00000414,مجلس فئة الثانوي
OTPD000019,OTND00000415,مجلس فئة الثانوي
OTPD000019,OTND00000416,مجلس فئة الثانوي
OTPD000019,OTND00000417,مجلس فئة الإعدادي
OTPD000019,OTND00000418,مجلس فئة الإعدادي
OTPD000019,OTND00000419,مجلس فئة الإعدادي
OTPD000019,OTND00000420,مجلس فئة الإعدادي
OTPD000019,OTND00000421,مجلس فئة البراعم
OTPD000019,OTND00000422,مجلس فئة البراعم
OTPD000019,OTND00000423,اللجنة الإعلاميّة
OTPD000019,OTND00000424,اللجنة الإعلاميّة
OTPD000019,OTND00000425,اللجنة الإعلاميّة
OTPD000019,OTND00000426,اللجنة الإعلاميّة
OTPD000019,OTND00000427,مجلس الشبيبة
OTPD000019,OTND00000427,مجلس فئة البراعم
OTPD000019,OTND00000428,مجلس فئة البراعم
OTPD000019,OTND00000429,مجلس الشبيبة
OTPD000019,OTND00000430,مجلس الشبيبة
OTPD000013,OTND00000220,مجلس الشبيبة
OTPD000013,OTND00000221,مجلس الشبيبة
OTPD000013,OTND00000221,مجلس فئتيّ الجامعيّة والعاملة
OTPD000013,OTND00000222,مجلس الشبيبة
OTPD000013,OTND00000222,مجلس فئة الثانوي
OTPD000013,OTND00000223,مجلس الشبيبة
OTPD000013,OTND00000223,مجلس فئة الإعدادي
OTPD000013,OTND00000224,مجلس الشبيبة
OTPD000013,OTND00000224,مجلس فئة البراعم
OTPD000013,OTND00000225,مجلس الشبيبة
OTPD000013,OTND00000225,مجلس فئة البراعم
OTPD000013,OTND00000226,مجلس الشبيبة
OTPD000013,OTND00000226,اللجنة الإعلاميّة
OTPD000013,OTND00000227,مجلس الشبيبة
OTPD000013,OTND00000227,لجنة الخدمة
OTPD000013,OTND00000228,مجلس الشبيبة
OTPD000013,OTND00000228,لجنة العلاقات العامة
OTPD000013,OTND00000229,مجلس الشبيبة
OTPD000013,OTND00000230,مجلس الشبيبة
OTPD000013,OTND00000231,مجلس فئتيّ الجامعيّة والعاملة
OTPD000013,OTND00000232,مجلس فئتيّ الجامعيّة والعاملة
OTPD000013,OTND00000233,مجلس فئتيّ الجامعيّة والعاملة
OTPD000013,OTND00000234,مجلس فئة الثانوي
OTPD000013,OTND00000235,مجلس فئة الثانوي
OTPD000013,OTND00000236,مجلس فئة الثانوي
OTPD000013,OTND00000237,مجلس فئة الثانوي
OTPD000013,OTND00000238,مجلس فئة الإعدادي
OTPD000013,OTND00000239,مجلس فئة الإعدادي
OTPD000013,OTND00000240,مجلس فئة الإعدادي
OTPD000013,OTND00000241,مجلس فئة الإعدادي
OTPD000013,OTND00000242,مجلس فئة البراعم
OTPD000013,OTND00000243,مجلس فئة البراعم
OTPD000013,OTND00000244,مجلس فئة البراعم
OTPD000013,OTND00000245,مجلس فئة البراعم
OTPD000013,OTND00000246,اللجنة الإعلاميّة
OTPD000013,OTND00000247,اللجنة الإعلاميّة
OTPD000013,OTND00000248,اللجنة الإعلاميّة
OTPD000013,OTND00000249,اللجنة الإعلاميّة
OTPD000013,OTND00000250,مجلس الشبيبة
OTPD000013,OTND00000251,مجلس الشبيبة
OTPD000020,OTND00000431,مجلس الشبيبة
OTPD000020,OTND00000431,مجلس فئتيّ الجامعيّة والعاملة
OTPD000020,OTND00000432,مجلس الشبيبة
OTPD000020,OTND00000432,مجلس فئة الإعدادي
OTPD000020,OTND00000433,مجلس الشبيبة
OTPD000020,OTND00000433,مجلس فئة البراعم
OTPD000020,OTND00000434,مجلس الشبيبة
OTPD000020,OTND00000434,مجلس فئة البراعم
OTPD000020,OTND00000435,مجلس الشبيبة
OTPD000020,OTND00000435,اللجنة الإعلاميّة
OTPD000020,OTND00000436,مجلس فئتيّ الجامعيّة والعاملة
OTPD000020,OTND00000437,مجلس فئتيّ الجامعيّة والعاملة
OTPD000020,OTND00000438,مجلس فئتيّ الجامعيّة والعاملة
OTPD000020,OTND00000439,مجلس الشبيبة
OTPD000020,OTND00000439,مجلس فئة الثانوي
OTPD000020,OTND00000440,مجلس فئة الثانوي
OTPD000020,OTND00000441,مجلس فئة الثانوي
OTPD000020,OTND00000442,مجلس فئة الإعدادي
OTPD000020,OTND00000443,مجلس فئة الإعدادي
OTPD000020,OTND00000444,مجلس فئة الإعدادي
OTPD000020,OTND00000445,مجلس فئة الإعدادي
OTPD000020,OTND00000446,مجلس فئة البراعم
OTPD000020,OTND00000447,مجلس فئة البراعم
OTPD000020,OTND00000448,مجلس فئة البراعم
OTPD000020,OTND00000449,مجلس فئة البراعم
OTPD000020,OTND00000450,اللجنة الإعلاميّة
OTPD000020,OTND00000451,اللجنة الإعلاميّة
OTPD000020,OTND00000452,اللجنة الإعلاميّة
OTPD000020,OTND00000453,اللجنة الإعلاميّة
OTPD000020,OTND00000454,مجلس فئتيّ الجامعيّة والعاملة
OTPD000020,OTND00000455,مجلس فئة الثانوي
OTPD000020,OTND00000456,مجلس فئة الثانوي
OTPD000020,OTND00000457,مجلس الشبيبة
OTPD000020,OTND00000458,مجلس الشبيبة
OTPD000018,OTND00000373,مجلس الشبيبة
OTPD000018,OTND00000373,مجلس فئتيّ الجامعيّة والعاملة
OTPD000018,OTND00000374,مجلس الشبيبة
OTPD000018,OTND00000374,مجلس فئة الإعدادي
OTPD000018,OTND00000375,مجلس الشبيبة
OTPD000018,OTND00000375,مجلس فئة البراعم
OTPD000018,OTND00000376,مجلس الشبيبة
OTPD000018,OTND00000376,مجلس فئة البراعم
OTPD000018,OTND00000377,مجلس الشبيبة
OTPD000018,OTND00000377,اللجنة الإعلاميّة
OTPD000018,OTND00000378,مجلس فئتيّ الجامعيّة والعاملة
OTPD000018,OTND00000379,مجلس فئتيّ الجامعيّة والعاملة
OTPD000018,OTND00000380,مجلس فئتيّ الجامعيّة والعاملة
OTPD000018,OTND00000381,مجلس الشبيبة
OTPD000018,OTND00000381,مجلس فئة الثانوي
OTPD000018,OTND00000382,مجلس فئة الثانوي
OTPD000018,OTND00000383,مجلس فئة الثانوي
OTPD000018,OTND00000384,مجلس فئة الإعدادي
OTPD000018,OTND00000385,مجلس فئة الإعدادي
OTPD000018,OTND00000386,مجلس فئة الإعدادي
OTPD000018,OTND00000387,مجلس فئة الإعدادي
OTPD000018,OTND00000388,مجلس فئة البراعم
OTPD000018,OTND00000389,مجلس فئة البراعم
OTPD000018,OTND00000390,مجلس فئة البراعم
OTPD000018,OTND00000391,مجلس فئة البراعم
OTPD000018,OTND00000392,اللجنة الإعلاميّة
OTPD000018,OTND00000393,اللجنة الإعلاميّة
OTPD000018,OTND00000394,اللجنة الإعلاميّة
OTPD000018,OTND00000395,اللجنة الإعلاميّة
OTPD000018,OTND00000396,مجلس الشبيبة
OTPD000018,OTND00000397,مجلس الشبيبة
OTPD000018,OTND00000398,مجلس فئتيّ الجامعيّة والعاملة
OTPD000018,OTND00000399,مجلس فئة الثانوي
OTPD000018,OTND00000400,مجلس فئة الثانوي
OTPD000017,OTND00000344,مجلس الشبيبة
OTPD000017,OTND00000345,مجلس الشبيبة
OTPD000017,OTND00000345,مجلس فئتيّ الجامعيّة والعاملة
OTPD000017,OTND00000346,مجلس الشبيبة
OTPD000017,OTND00000346,مجلس فئة الإعدادي
OTPD000017,OTND00000347,مجلس الشبيبة
OTPD000017,OTND00000347,مجلس فئة البراعم
OTPD000017,OTND00000348,مجلس الشبيبة
OTPD000017,OTND00000348,مجلس فئة البراعم
OTPD000017,OTND00000349,مجلس الشبيبة
OTPD000017,OTND00000349,اللجنة الإعلاميّة
OTPD000017,OTND00000350,مجلس الشبيبة
OTPD000017,OTND00000350,لجنة الخدمة
OTPD000017,OTND00000351,مجلس الشبيبة
OTPD000017,OTND00000351,لجنة العلاقات العامة
OTPD000017,OTND00000352,مجلس الشبيبة
OTPD000017,OTND00000353,مجلس الشبيبة
OTPD000017,OTND00000354,مجلس فئتيّ الجامعيّة والعاملة
OTPD000017,OTND00000355,مجلس فئتيّ الجامعيّة والعاملة
OTPD000017,OTND00000356,مجلس فئتيّ الجامعيّة والعاملة
OTPD000017,OTND00000357,مجلس فئة الثانوي
OTPD000017,OTND00000358,مجلس فئة الثانوي
OTPD000017,OTND00000359,مجلس فئة الثانوي
OTPD000017,OTND00000360,مجلس فئة الإعدادي
OTPD000017,OTND00000361,مجلس فئة الإعدادي
OTPD000017,OTND00000362,مجلس فئة الإعدادي
OTPD000017,OTND00000363,مجلس فئة الإعدادي
OTPD000017,OTND00000364,مجلس فئة البراعم
OTPD000017,OTND00000365,مجلس فئة البراعم
OTPD000017,OTND00000366,مجلس فئة البراعم
OTPD000017,OTND00000367,مجلس فئة البراعم
OTPD000017,OTND00000368,اللجنة الإعلاميّة
OTPD000017,OTND00000369,اللجنة الإعلاميّة
OTPD000017,OTND00000370,اللجنة الإعلاميّة
OTPD000017,OTND00000371,اللجنة الإعلاميّة
OTPD000017,OTND00000372,مجلس الشبيبة
OTPD000016,OTND00000313,مجلس الشبيبة
OTPD000016,OTND00000314,مجلس الشبيبة
OTPD000016,OTND00000314,مجلس فئتيّ الجامعيّة والعاملة
OTPD000016,OTND00000315,مجلس الشبيبة
OTPD000016,OTND00000315,مجلس فئة الثانوي
OTPD000016,OTND00000316,مجلس الشبيبة
OTPD000016,OTND00000316,مجلس فئة الإعدادي
OTPD000016,OTND00000317,مجلس الشبيبة
OTPD000016,OTND00000317,مجلس فئة البراعم
OTPD000016,OTND00000318,مجلس الشبيبة
OTPD000016,OTND00000318,مجلس فئة البراعم
OTPD000016,OTND00000319,مجلس الشبيبة
OTPD000016,OTND00000319,اللجنة الإعلاميّة
OTPD000016,OTND00000320,مجلس الشبيبة
OTPD000016,OTND00000320,لجنة الخدمة
OTPD000016,OTND00000321,مجلس الشبيبة
OTPD000016,OTND00000321,لجنة العلاقات العامة
OTPD000016,OTND00000322,مجلس الشبيبة
OTPD000016,OTND00000323,مجلس الشبيبة
OTPD000016,OTND00000324,مجلس فئتيّ الجامعيّة والعاملة
OTPD000016,OTND00000325,مجلس فئتيّ الجامعيّة والعاملة
OTPD000016,OTND00000326,مجلس فئتيّ الجامعيّة والعاملة
OTPD000016,OTND00000327,مجلس فئة الثانوي
OTPD000016,OTND00000328,مجلس فئة الثانوي
OTPD000016,OTND00000329,مجلس فئة الثانوي
OTPD000016,OTND00000330,مجلس فئة الثانوي
OTPD000016,OTND00000331,مجلس فئة الإعدادي
OTPD000016,OTND00000332,مجلس فئة الإعدادي
OTPD000016,OTND00000333,مجلس فئة الإعدادي
OTPD000016,OTND00000334,مجلس فئة الإعدادي
OTPD000016,OTND00000335,مجلس فئة البراعم
OTPD000016,OTND00000336,مجلس فئة البراعم
OTPD000016,OTND00000337,مجلس فئة البراعم
OTPD000016,OTND00000338,مجلس فئة البراعم
OTPD000016,OTND00000339,اللجنة الإعلاميّة
OTPD000016,OTND00000340,اللجنة الإعلاميّة
OTPD000016,OTND00000341,اللجنة الإعلاميّة
OTPD000016,OTND00000342,اللجنة الإعلاميّة
OTPD000016,OTND00000343,مجلس الشبيبة
OTPD000015,OTND00000283,مجلس الشبيبة
OTPD000015,OTND00000284,مجلس الشبيبة
OTPD000015,OTND00000284,مجلس فئتيّ الجامعيّة والعاملة
OTPD000015,OTND00000285,مجلس الشبيبة
OTPD000015,OTND00000285,مجلس فئة الثانوي
OTPD000015,OTND00000286,مجلس الشبيبة
OTPD000015,OTND00000286,مجلس فئة الإعدادي
OTPD000015,OTND00000287,مجلس فئة البراعم
OTPD000015,OTND00000288,مجلس الشبيبة
OTPD000015,OTND00000288,اللجنة الإعلاميّة
OTPD000015,OTND00000289,مجلس الشبيبة
OTPD000015,OTND00000289,لجنة الخدمة
OTPD000015,OTND00000290,مجلس الشبيبة
OTPD000015,OTND00000291,مجلس الشبيبة
OTPD000015,OTND00000292,مجلس فئتيّ الجامعيّة والعاملة
OTPD000015,OTND00000293,مجلس فئتيّ الجامعيّة والعاملة
OTPD000015,OTND00000294,مجلس فئتيّ الجامعيّة والعاملة
OTPD000015,OTND00000295,مجلس فئة الثانوي
OTPD000015,OTND00000296,مجلس فئة الثانوي
OTPD000015,OTND00000297,مجلس فئة الثانوي
OTPD000015,OTND00000298,مجلس فئة الثانوي
OTPD000015,OTND00000299,مجلس فئة الإعدادي
OTPD000015,OTND00000300,مجلس فئة الإعدادي
OTPD000015,OTND00000301,مجلس فئة الإعدادي
OTPD000015,OTND00000302,مجلس فئة الإعدادي
OTPD000015,OTND00000303,مجلس فئة البراعم
OTPD000015,OTND00000304,مجلس فئة البراعم
OTPD000015,OTND00000305,اللجنة الإعلاميّة
OTPD000015,OTND00000306,اللجنة الإعلاميّة
OTPD000015,OTND00000307,اللجنة الإعلاميّة
OTPD000015,OTND00000308,اللجنة الإعلاميّة
OTPD000015,OTND00000309,مجلس الشبيبة
OTPD000015,OTND00000309,مجلس فئة البراعم
OTPD000015,OTND00000310,مجلس فئة البراعم
OTPD000015,OTND00000311,مجلس الشبيبة
OTPD000015,OTND00000312,مجلس الشبيبة
OTPD000014,OTND00000252,مجلس الشبيبة
OTPD000014,OTND00000253,مجلس الشبيبة
OTPD000014,OTND00000253,مجلس فئتيّ الجامعيّة والعاملة
OTPD000014,OTND00000254,مجلس الشبيبة
OTPD000014,OTND00000254,مجلس فئة الثانوي
OTPD000014,OTND00000255,مجلس الشبيبة
OTPD000014,OTND00000255,مجلس فئة الإعدادي
OTPD000014,OTND00000256,مجلس الشبيبة
OTPD000014,OTND00000256,مجلس فئة البراعم
OTPD000014,OTND00000257,مجلس الشبيبة
OTPD000014,OTND00000257,مجلس فئة البراعم
OTPD000014,OTND00000258,مجلس الشبيبة
OTPD000014,OTND00000258,اللجنة الإعلاميّة
OTPD000014,OTND00000259,مجلس الشبيبة
OTPD000014,OTND00000259,لجنة الخدمة
OTPD000014,OTND00000260,مجلس الشبيبة
OTPD000014,OTND00000260,لجنة العلاقات العامة
OTPD000014,OTND00000261,مجلس الشبيبة
OTPD000014,OTND00000262,مجلس الشبيبة
OTPD000014,OTND00000263,مجلس فئتيّ الجامعيّة والعاملة
OTPD000014,OTND00000264,مجلس فئتيّ الجامعيّة والعاملة
OTPD000014,OTND00000265,مجلس فئتيّ الجامعيّة والعاملة
OTPD000014,OTND00000266,مجلس فئة الثانوي
OTPD000014,OTND00000267,مجلس فئة الثانوي
OTPD000014,OTND00000268,مجلس فئة الثانوي
OTPD000014,OTND00000269,مجلس فئة الثانوي
OTPD000014,OTND00000270,مجلس فئة الإعدادي
OTPD000014,OTND00000271,مجلس فئة الإعدادي
OTPD000014,OTND00000272,مجلس فئة الإعدادي
OTPD000014,OTND00000273,مجلس فئة الإعدادي
OTPD000014,OTND00000274,مجلس فئة البراعم
OTPD000014,OTND00000275,مجلس فئة البراعم
OTPD000014,OTND00000276,مجلس فئة البراعم
OTPD000014,OTND00000277,مجلس فئة البراعم
OTPD000014,OTND00000278,اللجنة الإعلاميّة
OTPD000014,OTND00000279,اللجنة الإعلاميّة
OTPD000014,OTND00000280,اللجنة الإعلاميّة
OTPD000014,OTND00000281,اللجنة الإعلاميّة
OTPD000014,OTND00000282,مجلس الشبيبة
OTPD000021,OTND00000459,مجلس الشبيبة
OTPD000021,OTND00000460,مجلس الشبيبة
OTPD000021,OTND00000461,مجلس الشبيبة
OTPD000021,OTND00000462,مجلس الشبيبة
OTPD000021,OTND00000462,مجلس فئة العاملة
OTPD000021,OTND00000463,مجلس الشبيبة
OTPD000021,OTND00000463,مجلس فئة العاملة
OTPD000021,OTND00000464,مجلس الشبيبة
OTPD000021,OTND00000465,مجلس الشبيبة
OTPD000021,OTND00000465,مجلس فئة الجامعيّة
OTPD000021,OTND00000466,مجلس الشبيبة
OTPD000021,OTND00000466,مجلس فئة الجامعيّة
OTPD000021,OTND00000467,مجلس الشبيبة
OTPD000021,OTND00000467,مجلس فئة الثانوي
OTPD000021,OTND00000468,مجلس الشبيبة
OTPD000021,OTND00000468,مجلس فئة الثانوي
OTPD000021,OTND00000469,مجلس الشبيبة
OTPD000021,OTND00000469,مجلس فئة الثانوي
OTPD000021,OTND00000470,مجلس الشبيبة
OTPD000021,OTND00000470,مجلس فئة الإعدادي
OTPD000021,OTND00000471,مجلس الشبيبة
OTPD000021,OTND00000471,مجلس فئة الإعدادي
OTPD000021,OTND00000472,مجلس الشبيبة
OTPD000021,OTND00000472,مجلس فئة البراعم
OTPD000021,OTND00000473,مجلس الشبيبة
OTPD000021,OTND00000473,مجلس فئة البراعم
OTPD000021,OTND00000474,مجلس الشبيبة
OTPD000021,OTND00000474,مجلس فئة البراعم
OTPD000021,OTND00000475,مجلس الشبيبة
OTPD000021,OTND00000475,اللجنة الإعلاميّة
OTPD000021,OTND00000476,مجلس الشبيبة
OTPD000021,OTND00000476,اللجنة الإعلاميّة
OTPD000021,OTND00000477,مجلس الشبيبة
OTPD000021,OTND00000477,اللجنة الإعلاميّة
OTPD000021,OTND00000478,مجلس الشبيبة
OTPD000021,OTND00000478,لجنة الخدمة
OTPD000021,OTND00000479,مجلس الشبيبة
OTPD000021,OTND00000479,لجنة الخدمة
OTPD000021,OTND00000480,مجلس الشبيبة
OTPD000021,OTND00000480,لجنة الخدمة
OTPD000022,OTND00000481,مجلس الشبيبة
OTPD000022,OTND00000482,مجلس الشبيبة
OTPD000022,OTND00000483,مجلس الشبيبة
OTPD000022,OTND00000483,مجلس فئتيّ الجامعيّة والعاملة
OTPD000022,OTND00000484,مجلس الشبيبة
OTPD000022,OTND00000484,مجلس فئة الثانوي
OTPD000022,OTND00000485,مجلس الشبيبة
OTPD000022,OTND00000485,مجلس فئة الإعدادي
OTPD000022,OTND00000486,مجلس الشبيبة
OTPD000022,OTND00000486,مجلس فئة البراعم
OTPD000022,OTND00000487,مجلس الشبيبة
OTPD000022,OTND00000487,لجنة العلاقات العامة
OTPD000022,OTND00000488,مجلس الشبيبة
OTPD000022,OTND00000488,اللجنة الإعلاميّة
OTPD000022,OTND00000489,مجلس الشبيبة
OTPD000023,OTND00000490,مجلس الشبيبة
OTPD000023,OTND00000491,مجلس الشبيبة
OTPD000023,OTND00000492,مجلس الشبيبة
OTPD000023,OTND00000492,لجنة العلاقات العامة
OTPD000023,OTND00000493,مجلس الشبيبة
OTPD000023,OTND00000494,مجلس الشبيبة
OTPD000023,OTND00000494,مجلس فئتيّ الجامعيّة والعاملة
OTPD000023,OTND00000495,مجلس الشبيبة
