node_id,hull
OTND00000001,مجلس الشبيبة
OTND00000002,مجلس الشبيبة
OTND00000003,مجلس الشبيبة
OTND00000004,مجلس الشبيبة
OTND00000004,مجلس فئتيّ الجامعيّة والعاملة
OTND00000005,مجلس فئتيّ الجامعيّة والعاملة
OTND00000006,مجلس فئتيّ الجامعيّة والعاملة
OTND00000007,مجلس الشبيبة
OTND00000007,مجلس فئة الثانوي
OTND00000008,مجلس فئة الثانوي
OTND00000009,مجلس فئة الثانوي
OTND00000010,مجلس الشبيبة
OTND00000010,مجلس فئة الإعدادي
OTND00000011,مجلس فئة الإعدادي
OTND00000012,مجلس فئة الإعدادي
OTND00000013,مجلس الشبيبة
OTND00000013,مجلس فئة البراعم
OTND00000014,مجلس فئة البراعم
OTND00000015,مجلس فئة البراعم
OTND00000016,مجلس الشبيبة
OTND00000017,مجلس الشبيبة
OTND00000018,مجلس الشبيبة
OTND00000018,اللجنة الإعلاميّة
OTND00000019,مجلس الشبيبة
OTND00000019,اللجنة الإعلاميّة
OTND00000020,مجلس الشبيبة
OTND00000020,اللجنة الإعلاميّة
OTND00000021,مجلس الشبيبة
OTND00000021,لجنة المساندة العامة
OTND00000022,مجلس الشبيبة
OTND00000022,لجنة المساندة العامة
OTND00000023,مجلس الشبيبة
OTND00000023,مجلس فئتيّ الجامعيّة والعاملة
OTND00000024,مجلس فئتيّ الجامعيّة والعاملة
OTND00000025,مجلس فئتيّ الجامعيّة والعاملة
OTND00000026,مجلس فئتيّ الجامعيّة والعاملة
OTND00000027,مجلس الشبيبة
OTND00000027,مجلس فئة الثانوي
OTND00000028,مجلس فئة الثانوي
OTND00000029,مجلس فئة الثانوي
OTND00000030,مجلس الشبيبة
OTND00000030,مجلس فئة الإعدادي
OTND00000031,مجلس فئة الإعدادي
OTND00000032,مجلس فئة الإعدادي
OTND00000033,مجلس الشبيبة
OTND00000033,مجلس فئة البراعم
OTND00000034,مجلس الشبيبة
OTND00000034,مجلس فئة البراعم
OTND00000035,مجلس فئة البراعم
OTND00000036,مجلس فئة البراعم
OTND00000037,مجلس فئة البراعم
OTND00000038,مجلس فئة البراعم
OTND00000039,مجلس فئة البراعم
OTND00000040,مجلس فئة البراعم
OTND00000041,مجلس الشبيبة
OTND00000041,اللجنة الإعلاميّة
OTND00000042,اللجنة الإعلاميّة
OTND00000043,اللجنة الإعلاميّة
OTND00000044,اللجنة الإعلاميّة
OTND00000045,اللجنة الإعلاميّة
OTND00000046,مجلس الشبيبة
OTND00000046,اللجنة الاجتماعيّة و لجنة الخدمة
OTND00000047,اللجنة الاجتماعيّة و لجنة الخدمة
OTND00000048,اللجنة الاجتماعيّة و لجنة الخدمة
OTND00000049,اللجنة الاجتماعيّة و لجنة الخدمة
OTND00000050,اللجنة الاجتماعيّة و لجنة الخدمة
OTND00000051,اللجنة الاجتماعيّة و لجنة الخدمة
OTND00000052,مجلس الشبيبة
OTND00000052,اللجنة الفنيّة
OTND00000053,اللجنة الفنيّة
OTND00000054,اللجنة الفنيّة
OTND00000055,مجلس الشبيبة
OTND00000056,مجلس الشبيبة
OTND00000057,مجلس الشبيبة
OTND00000058,مجلس الشبيبة
OTND00000059,مجلس الشبيبة
OTND00000060,مجلس الشبيبة
OTND00000060,مجلس فئة البراعم
OTND00000061,مجلس الشبيبة
OTND00000061,مجلس فئة الإعدادي
OTND00000062,مجلس الشبيبة
OTND00000062,مجلس فئة الثانوي
OTND00000063,مجلس الشبيبة
OTND00000063,مجلس فئتيّ الجامعيّة والعاملة
OTND00000064,مجلس الشبيبة
OTND00000065,مجلس الشبيبة
OTND00000065,مجلس فئتيّ الجامعيّة والعاملة
OTND00000066,مجلس الشبيبة
OTND00000066,مجلس فئتيّ الإعدادي والثانوي
OTND00000067,مجلس الشبيبة
OTND00000067,اللجنة الإعلاميّة
OTND00000068,مجلس الشبيبة
OTND00000068,اللجنة اللوجستية
OTND00000069,مجلس الشبيبة
OTND00000070,مجلس الشبيبة
OTND00000070,مجلس فئة البراعم
OTND00000071,مجلس الشبيبة
OTND00000072,مجلس الشبيبة
OTND00000073,مجلس الشبيبة
OTND00000073,مجلس فئة البراعم
OTND00000074,مجلس الشبيبة
OTND00000075,مجلس الشبيبة
OTND00000076,مجلس الشبيبة
OTND00000077,مجلس الشبيبة
OTND00000078,مجلس الشبيبة
OTND00000078,مجلس فئة العاملة
OTND00000079,مجلس الشبيبة
OTND00000079,مجلس فئة الجامعيّة
OTND00000080,مجلس الشبيبة
OTND00000080,مجلس فئة الثانوي
OTND00000081,مجلس الشبيبة
OTND00000081,مجلس فئة الإعدادي
OTND00000082,مجلس الشبيبة
OTND00000082,مجلس فئة البراعم
OTND00000083,مجلس الشبيبة
OTND00000083,لجنة العلاقات العامة
OTND00000084,مجلس الشبيبة
OTND00000085,مجلس الشبيبة
OTND00000086,مجلس الشبيبة
OTND00000086,اللجنة الإعلاميّة
OTND00000087,مجلس الشبيبة
OTND00000087,اللجنة الترفيهيّة و لجنة المساندة العامة
OTND00000088,مجلس الشبيبة
OTND00000089,مجلس الشبيبة
OTND00000090,مجلس الشبيبة
OTND00000090,مجلس فئة الجامعيّة
OTND00000091,مجلس الشبيبة
OTND00000091,مجلس فئة الجامعيّة
OTND00000092,مجلس الشبيبة
OTND00000092,مجلس فئة الثانوي
OTND00000093,مجلس الشبيبة
OTND00000093,مجلس فئة الثانوي
OTND00000094,مجلس الشبيبة
OTND00000094,مجلس فئة الإعدادي
OTND00000095,مجلس الشبيبة
OTND00000095,مجلس فئة الإعدادي
OTND00000096,مجلس الشبيبة
OTND00000096,مجلس فئة البراعم
OTND00000097,مجلس الشبيبة
OTND00000097,مجلس فئة البراعم
OTND00000098,مجلس الشبيبة
OTND00000098,اللجنة الفنيّة
OTND00000099,مجلس الشبيبة
OTND00000099,اللجنة الإعلاميّة
OTND00000100,مجلس الشبيبة
OTND00000101,مجلس الشبيبة
OTND00000102,مجلس الشبيبة
OTND00000103,مجلس الشبيبة
OTND00000103,مجلس فئتيّ الجامعيّة والعاملة
OTND00000104,مجلس فئتيّ الجامعيّة والعاملة
OTND00000105,مجلس الشبيبة
OTND00000105,مجلس فئة الثانوي
OTND00000106,مجلس فئة الثانوي
OTND00000107,مجلس الشبيبة
OTND00000107,مجلس فئة الإعدادي
OTND00000108,مجلس الشبيبة
OTND00000108,مجلس فئة الإعدادي
OTND00000109,مجلس فئة الإعدادي
OTND00000110,مجلس فئة الإعدادي
OTND00000111,مجلس الشبيبة
OTND00000111,مجلس فئة البراعم
OTND00000112,مجلس الشبيبة
OTND00000112,مجلس فئة البراعم
OTND00000113,مجلس فئة البراعم
OTND00000114,مجلس فئة البراعم
OTND00000115,مجلس فئة البراعم
OTND00000116,مجلس فئة البراعم
OTND00000117,مجلس فئة البراعم
OTND00000118,مجلس فئة البراعم
OTND00000119,مجلس فئة البراعم
OTND00000120,مجلس فئة البراعم
OTND00000121,مجلس فئة البراعم
OTND00000122,مجلس الشبيبة
OTND00000123,مجلس الشبيبة
OTND00000123,لجنة الخدمة
OTND00000124,لجنة الخدمة
OTND00000125,لجنة الخدمة
OTND00000126,لجنة الخدمة
OTND00000127,مجلس الشبيبة
OTND00000127,اللجنة الإعلاميّة
OTND00000128,اللجنة الإعلاميّة
OTND00000129,مجلس الشبيبة
OTND00000130,مجلس الشبيبة
OTND00000132,مجلس الشبيبة
OTND00000132,لجنة التدريب والتطوير
OTND00000133,لجنة التدريب والتطوير
OTND00000134,لجنة التدريب والتطوير
OTND00000135,لجنة التدريب والتطوير
OTND00000136,لجنة التدريب والتطوير
OTND00000137,لجنة التدريب والتطوير
OTND00000138,مجلس الشبيبة
OTND00000138,اللجنة الترفيهيّة
OTND00000139,مجلس الشبيبة
OTND00000140,مجلس الشبيبة
OTND00000141,مجلس الشبيبة
OTND00000141,مجلس فئتيّ الجامعيّة والعاملة
OTND00000142,مجلس الشبيبة
OTND00000142,مجلس فئة الثانوي
OTND00000143,مجلس الشبيبة
OTND00000143,مجلس فئة الثانوي
OTND00000144,مجلس الشبيبة
OTND00000144,مجلس فئة الثانوي
OTND00000145,مجلس الشبيبة
OTND00000145,مجلس فئة الإعدادي
OTND00000146,مجلس الشبيبة
OTND00000146,مجلس فئة الإعدادي
OTND00000147,مجلس الشبيبة
OTND00000147,مجلس فئة البراعم
OTND00000148,مجلس الشبيبة
OTND00000148,مجلس فئة البراعم
OTND00000149,مجلس الشبيبة
OTND00000149,مجلس فئة البراعم
OTND00000150,مجلس الشبيبة
OTND00000150,مجلس فئة البراعم
OTND00000151,مجلس الشبيبة
OTND00000151,مجلس فئة البراعم
OTND00000152,مجلس الشبيبة
OTND00000152,مجلس فئة البراعم
OTND00000153,مجلس الشبيبة
OTND00000153,اللجنة الإعلاميّة
OTND00000154,مجلس الشبيبة
OTND00000154,اللجنة الإعلاميّة
OTND00000155,مجلس الشبيبة
OTND00000155,اللجنة الإعلاميّة
OTND00000156,مجلس الشبيبة
OTND00000157,مجلس الشبيبة
OTND00000158,مجلس الشبيبة
OTND00000159,مجلس الشبيبة
OTND00000159,مجلس فئتيّ الجامعيّة والعاملة
OTND00000160,مجلس الشبيبة
OTND00000160,اللجنة الإعلاميّة
OTND00000161,اللجنة الإعلاميّة
OTND00000162,اللجنة الإعلاميّة
OTND00000163,مجلس الشبيبة
OTND00000163,لجنة الخدمة
OTND00000164,مجلس الشبيبة
OTND00000165,مجلس الشبيبة
OTND00000166,مجلس الشبيبة
OTND00000167,مجلس الشبيبة
OTND00000168,مجلس الشبيبة
OTND00000169,مجلس الشبيبة
OTND00000169,مجلس فئة العاملة
OTND00000170,مجلس الشبيبة
OTND00000170,مجلس فئة الجامعيّة
OTND00000171,مجلس فئتيّ الجامعيّة والعاملة
OTND00000172,مجلس فئتيّ الجامعيّة والعاملة
OTND00000173,مجلس فئتيّ الجامعيّة والعاملة
OTND00000174,مجلس الشبيبة
OTND00000174,مجلس فئة الثانوي
OTND00000175,مجلس فئة الثانوي
OTND00000176,مجلس الشبيبة
OTND00000176,مجلس فئة الإعدادي
OTND00000177,مجلس فئة الإعدادي
OTND00000178,مجلس فئة الإعدادي
OTND00000179,مجلس الشبيبة
OTND00000179,مجلس فئة البراعم
OTND00000180,مجلس فئة البراعم
OTND00000181,مجلس فئة البراعم
OTND00000182,مجلس فئة البراعم
OTND00000183,مجلس فئة البراعم
OTND00000184,مجلس الشبيبة
OTND00000184,اللجنة الإعلاميّة
OTND00000185,اللجنة الإعلاميّة
OTND00000186,اللجنة الإعلاميّة
OTND00000187,اللجنة الإعلاميّة
OTND00000188,مجلس الشبيبة
OTND00000188,لجنة الخدمة
OTND00000189,لجنة الخدمة
OTND00000190,لجنة الخدمة
OTND00000191,مجلس الشبيبة
OTND00000192,مجلس الشبيبة
OTND00000193,مجلس الشبيبة
OTND00000193,الفرقة الموسيقيّة
OTND00000194,الفرقة الموسيقيّة
OTND00000195,الفرقة الموسيقيّة
OTND00000196,الفرقة الموسيقيّة
OTND00000197,مجلس الشبيبة
OTND00000198,مجلس الشبيبة
OTND00000199,مجلس الشبيبة
OTND00000200,مجلس الشبيبة
OTND00000201,مجلس الشبيبة
OTND00000201,مجلس فئتيّ الجامعيّة والعاملة
OTND00000202,مجلس الشبيبة
OTND00000202,مجلس فئة الثانوي
OTND00000203,مجلس الشبيبة
OTND00000203,مجلس فئتيّ الجامعيّة والعاملة
OTND00000204,مجلس الشبيبة
OTND00000204,مجلس فئة الثانوي
OTND00000205,مجلس الشبيبة
OTND00000205,مجلس فئة الإعدادي
OTND00000206,مجلس الشبيبة
OTND00000206,مجلس فئة الإعدادي
OTND00000207,مجلس الشبيبة
OTND00000207,مجلس فئة البراعم
OTND00000208,مجلس الشبيبة
OTND00000208,مجلس فئة البراعم
OTND00000209,مجلس الشبيبة
OTND00000209,مجلس فئة البراعم
OTND00000210,مجلس الشبيبة
OTND00000210,مجلس فئة الإعدادي
OTND00000211,مجلس الشبيبة
OTND00000211,مجلس فئة البراعم
OTND00000212,مجلس الشبيبة
OTND00000212,اللجنة الإعلاميّة
OTND00000213,مجلس الشبيبة
OTND00000214,مجلس الشبيبة
OTND00000215,مجلس الشبيبة
OTND00000215,مجلس فئتيّ الإعدادي والثانوي
OTND00000216,مجلس فئتيّ الإعدادي والثانوي
OTND00000217,مجلس فئتيّ الإعدادي والثانوي
OTND00000218,مجلس الشبيبة
OTND00000218,مجلس فئة البراعم
OTND00000219,مجلس الشبيبة
OTND00000219,مجلس فئة البراعم
OTND00000401,مجلس الشبيبة
OTND00000402,مجلس الشبيبة
OTND00000402,مجلس فئتيّ الجامعيّة والعاملة
OTND00000403,مجلس الشبيبة
OTND00000403,مجلس فئة الثانوي
OTND00000404,مجلس الشبيبة
OTND00000404,مجلس فئة الإعدادي
OTND00000405,مجلس فئة البراعم
OTND00000406,مجلس الشبيبة
OTND00000406,اللجنة الإعلاميّة
OTND00000407,مجلس الشبيبة
OTND00000407,لجنة الخدمة
OTND00000408,مجلس الشبيبة
OTND00000409,مجلس الشبيبة
OTND00000410,مجلس فئتيّ الجامعيّة والعاملة
OTND00000411,مجلس فئتيّ الجامعيّة والعاملة
OTND00000412,مجلس فئتيّ الجامعيّة والعاملة
OTND00000413,مجلس فئة الثانوي
OTND00000414,مجلس فئة الثانوي
OTND00000415,مجلس فئة الثانوي
OTND00000416,مجلس فئة الثانوي
OTND00000417,مجلس فئة الإعدادي
OTND00000418,مجلس فئة الإعدادي
OTND00000419,مجلس فئة الإعدادي
OTND00000420,مجلس فئة الإعدادي
OTND00000421,مجلس فئة البراعم
OTND00000422,مجلس فئة البراعم
OTND00000423,اللجنة الإعلاميّة
OTND00000424,اللجنة الإعلاميّة
OTND00000425,اللجنة الإعلاميّة
OTND00000426,اللجنة الإعلاميّة
OTND00000427,مجلس الشبيبة
OTND00000427,مجلس فئة البراعم
OTND00000428,مجلس فئة البراعم
OTND00000429,مجلس الشبيبة
OTND00000430,مجلس الشبيبة
OTND00000220,مجلس الشبيبة
OTND00000221,مجلس الشبيبة
OTND00000221,مجلس فئتيّ الجامعيّة والعاملة
OTND00000222,مجلس الشبيبة
OTND00000222,مجلس فئة الثانوي
OTND00000223,مجلس الشبيبة
OTND00000223,مجلس فئة الإعدادي
OTND00000224,مجلس الشبيبة
OTND00000224,مجلس فئة البراعم
OTND00000225,مجلس الشبيبة
OTND00000225,مجلس فئة البراعم
OTND00000226,مجلس الشبيبة
OTND00000226,اللجنة الإعلاميّة
OTND00000227,مجلس الشبيبة
OTND00000227,لجنة الخدمة
OTND00000228,مجلس الشبيبة
OTND00000228,لجنة العلاقات العامة
OTND00000229,مجلس الشبيبة
OTND00000230,مجلس الشبيبة
OTND00000231,مجلس فئتيّ الجامعيّة والعاملة
OTND00000232,مجلس فئتيّ الجامعيّة والعاملة
OTND00000233,مجلس فئتيّ الجامعيّة والعاملة
OTND00000234,مجلس فئة الثانوي
OTND00000235,مجلس فئة الثانوي
OTND00000236,مجلس فئة الثانوي
OTND00000237,مجلس فئة الثانوي
OTND00000238,مجلس فئة الإعدادي
OTND00000239,مجلس فئة الإعدادي
OTND00000240,مجلس فئة الإعدادي
OTND00000241,مجلس فئة الإعدادي
OTND00000242,مجلس فئة البراعم
OTND00000243,مجلس فئة البراعم
OTND00000244,مجلس فئة البراعم
OTND00000245,مجلس فئة البراعم
OTND00000246,اللجنة الإعلاميّة
OTND00000247,اللجنة الإعلاميّة
OTND00000248,اللجنة الإعلاميّة
OTND00000249,اللجنة الإعلاميّة
OTND00000250,مجلس الشبيبة
OTND00000251,مجلس الشبيبة
OTND00000431,مجلس الشبيبة
OTND00000431,مجلس فئتيّ الجامعيّة والعاملة
OTND00000432,مجلس الشبيبة
OTND00000432,مجلس فئة الإعدادي
OTND00000433,مجلس الشبيبة
OTND00000433,مجلس فئة البراعم
OTND00000434,مجلس الشبيبة
OTND00000434,مجلس فئة البراعم
OTND00000435,مجلس الشبيبة
OTND00000435,اللجنة الإعلاميّة
OTND00000436,مجلس فئتيّ الجامعيّة والعاملة
OTND00000437,مجلس فئتيّ الجامعيّة والعاملة
OTND00000438,مجلس فئتيّ الجامعيّة والعاملة
OTND00000439,مجلس الشبيبة
OTND00000439,مجلس فئة الثانوي
OTND00000440,مجلس فئة الثانوي
OTND00000441,مجلس فئة الثانوي
OTND00000442,مجلس فئة الإعدادي
OTND00000443,مجلس فئة الإعدادي
OTND00000444,مجلس فئة الإعدادي
OTND00000445,مجلس فئة الإعدادي
OTND00000446,مجلس فئة البراعم
OTND00000447,مجلس فئة البراعم
OTND00000448,مجلس فئة البراعم
OTND00000449,مجلس فئة البراعم
OTND00000450,اللجنة الإعلاميّة
OTND00000451,اللجنة الإعلاميّة
OTND00000452,اللجنة الإعلاميّة
OTND00000453,اللجنة الإعلاميّة
OTND00000454,مجلس فئتيّ الجامعيّة والعاملة
OTND00000455,مجلس فئة الثانوي
OTND00000456,مجلس فئة الثانوي
OTND00000457,مجلس الشبيبة
OTND00000458,مجلس الشبيبة
OTND00000373,مجلس الشبيبة
OTND00000373,مجلس فئتيّ الجامعيّة والعاملة
OTND00000374,مجلس الشبيبة
OTND00000374,مجلس فئة الإعدادي
OTND00000375,مجلس الشبيبة
OTND00000375,مجلس فئة البراعم
OTND00000376,مجلس الشبيبة
OTND00000376,مجلس فئة البراعم
OTND00000377,مجلس الشبيبة
OTND00000377,اللجنة الإعلاميّة
OTND00000378,مجلس فئتيّ الجامعيّة والعاملة
OTND00000379,مجلس فئتيّ الجامعيّة والعاملة
OTND00000380,مجلس فئتيّ الجامعيّة والعاملة
OTND00000381,مجلس الشبيبة
OTND00000381,مجلس فئة الثانوي
OTND00000382,مجلس فئة الثانوي
OTND00000383,مجلس فئة الثانوي
OTND00000384,مجلس فئة الإعدادي
OTND00000385,مجلس فئة الإعدادي
OTND00000386,مجلس فئة الإعدادي
OTND00000387,مجلس فئة الإعدادي
OTND00000388,مجلس فئة البراعم
OTND00000389,مجلس فئة البراعم
OTND00000390,مجلس فئة البراعم
OTND00000391,مجلس فئة البراعم
OTND00000392,اللجنة الإعلاميّة
OTND00000393,اللجنة الإعلاميّة
OTND00000394,اللجنة الإعلاميّة
OTND00000395,اللجنة الإعلاميّة
OTND00000396,مجلس الشبيبة
OTND00000397,مجلس الشبيبة
OTND00000398,مجلس فئتيّ الجامعيّة والعاملة
OTND00000399,مجلس فئة الثانوي
OTND00000400,مجلس فئة الثانوي
OTND00000344,مجلس الشبيبة
OTND00000345,مجلس الشبيبة
OTND00000345,مجلس فئتيّ الجامعيّة والعاملة
OTND00000346,مجلس الشبيبة
OTND00000346,مجلس فئة الإعدادي
OTND00000347,مجلس الشبيبة
OTND00000347,مجلس فئة البراعم
OTND00000348,مجلس الشبيبة
OTND00000348,مجلس فئة البراعم
OTND00000349,مجلس الشبيبة
OTND00000349,اللجنة الإعلاميّة
OTND00000350,مجلس الشبيبة
OTND00000350,لجنة الخدمة
OTND00000351,مجلس الشبيبة
OTND00000351,لجنة العلاقات العامة
OTND00000352,مجلس الشبيبة
OTND00000353,مجلس الشبيبة
OTND00000354,مجلس فئتيّ الجامعيّة والعاملة
OTND00000355,مجلس فئتيّ الجامعيّة والعاملة
OTND00000356,مجلس فئتيّ الجامعيّة والعاملة
OTND00000357,مجلس فئة الثانوي
OTND00000358,مجلس فئة الثانوي
OTND00000359,مجلس فئة الثانوي
OTND00000360,مجلس فئة الإعدادي
OTND00000361,مجلس فئة الإعدادي
OTND00000362,مجلس فئة الإعدادي
OTND00000363,مجلس فئة الإعدادي
OTND00000364,مجلس فئة البراعم
OTND00000365,مجلس فئة البراعم
OTND00000366,مجلس فئة البراعم
OTND00000367,مجلس فئة البراعم
OTND00000368,اللجنة الإعلاميّة
OTND00000369,اللجنة الإعلاميّة
OTND00000370,اللجنة الإعلاميّة
OTND00000371,اللجنة الإعلاميّة
OTND00000372,مجلس الشبيبة
OTND00000313,مجلس الشبيبة
OTND00000314,مجلس الشبيبة
OTND00000314,مجلس فئتيّ الجامعيّة والعاملة
OTND00000315,مجلس الشبيبة
OTND00000315,مجلس فئة الثانوي
OTND00000316,مجلس الشبيبة
OTND00000316,مجلس فئة الإعدادي
OTND00000317,مجلس الشبيبة
OTND00000317,مجلس فئة البراعم
OTND00000318,مجلس الشبيبة
OTND00000318,مجلس فئة البراعم
OTND00000319,مجلس الشبيبة
OTND00000319,اللجنة الإعلاميّة
OTND00000320,مجلس الشبيبة
OTND00000320,لجنة الخدمة
OTND00000321,مجلس الشبيبة
OTND00000321,لجنة العلاقات العامة
OTND00000322,مجلس الشبيبة
OTND00000323,مجلس الشبيبة
OTND00000324,مجلس فئتيّ الجامعيّة والعاملة
OTND00000325,مجلس فئتيّ الجامعيّة والعاملة
OTND00000326,مجلس فئتيّ الجامعيّة والعاملة
OTND00000327,مجلس فئة الثانوي
OTND00000328,مجلس فئة الثانوي
OTND00000329,مجلس فئة الثانوي
OTND00000330,مجلس فئة الثانوي
OTND00000331,مجلس فئة الإعدادي
OTND00000332,مجلس فئة الإعدادي
OTND00000333,مجلس فئة الإعدادي
OTND00000334,مجلس فئة الإعدادي
OTND00000335,مجلس فئة البراعم
OTND00000336,مجلس فئة البراعم
OTND00000337,مجلس فئة البراعم
OTND00000338,مجلس فئة البراعم
OTND00000339,اللجنة الإعلاميّة
OTND00000340,اللجنة الإعلاميّة
OTND00000341,اللجنة الإعلاميّة
OTND00000342,اللجنة الإعلاميّة
OTND00000343,مجلس الشبيبة
OTND00000283,مجلس الشبيبة
OTND00000284,مجلس الشبيبة
OTND00000284,مجلس فئتيّ الجامعيّة والعاملة
OTND00000285,مجلس الشبيبة
OTND00000285,مجلس فئة الثانوي
OTND00000286,مجلس الشبيبة
OTND00000286,مجلس فئة الإعدادي
OTND00000287,مجلس فئة البراعم
OTND00000288,مجلس الشبيبة
OTND00000288,اللجنة الإعلاميّة
OTND00000289,مجلس الشبيبة
OTND00000289,لجنة الخدمة
OTND00000290,مجلس الشبيبة
OTND00000291,مجلس الشبيبة
OTND00000292,مجلس فئتيّ الجامعيّة والعاملة
OTND00000293,مجلس فئتيّ الجامعيّة والعاملة
OTND00000294,مجلس فئتيّ الجامعيّة والعاملة
OTND00000295,مجلس فئة الثانوي
OTND00000296,مجلس فئة الثانوي
OTND00000297,مجلس فئة الثانوي
OTND00000298,مجلس فئة الثانوي
OTND00000299,مجلس فئة الإعدادي
OTND00000300,مجلس فئة الإعدادي
OTND00000301,مجلس فئة الإعدادي
OTND00000302,مجلس فئة الإعدادي
OTND00000303,مجلس فئة البراعم
OTND00000304,مجلس فئة البراعم
OTND00000305,اللجنة الإعلاميّة
OTND00000306,اللجنة الإعلاميّة
OTND00000307,اللجنة الإعلاميّة
OTND00000308,اللجنة الإعلاميّة
OTND00000309,مجلس الشبيبة
OTND00000309,مجلس فئة البراعم
OTND00000310,مجلس فئة البراعم
OTND00000311,مجلس الشبيبة
OTND00000312,مجلس الشبيبة
OTND00000252,مجلس الشبيبة
OTND00000253,مجلس الشبيبة
OTND00000253,مجلس فئتيّ الجامعيّة والعاملة
OTND00000254,مجلس الشبيبة
OTND00000254,مجلس فئة الثانوي
OTND00000255,مجلس الشبيبة
OTND00000255,مجلس فئة الإعدادي
OTND00000256,مجلس الشبيبة
OTND00000256,مجلس فئة البراعم
OTND00000257,مجلس الشبيبة
OTND00000257,مجلس فئة البراعم
OTND00000258,مجلس الشبيبة
OTND00000258,اللجنة الإعلاميّة
OTND00000259,مجلس الشبيبة
OTND00000259,لجنة الخدمة
OTND00000260,مجلس الشبيبة
OTND00000260,لجنة العلاقات العامة
OTND00000261,مجلس الشبيبة
OTND00000262,مجلس الشبيبة
OTND00000263,مجلس فئتيّ الجامعيّة والعاملة
OTND00000264,مجلس فئتيّ الجامعيّة والعاملة
OTND00000265,مجلس فئتيّ الجامعيّة والعاملة
OTND00000266,مجلس فئة الثانوي
OTND00000267,مجلس فئة الثانوي
OTND00000268,مجلس فئة الثانوي
OTND00000269,مجلس فئة الثانوي
OTND00000270,مجلس فئة الإعدادي
OTND00000271,مجلس فئة الإعدادي
OTND00000272,مجلس فئة الإعدادي
OTND00000273,مجلس فئة الإعدادي
OTND00000274,مجلس فئة البراعم
OTND00000275,مجلس فئة البراعم
OTND00000276,مجلس فئة البراعم
OTND00000277,مجلس فئة البراعم
OTND00000278,اللجنة الإعلاميّة
OTND00000279,اللجنة الإعلاميّة
OTND00000280,اللجنة الإعلاميّة
OTND00000281,اللجنة الإعلاميّة
OTND00000282,مجلس الشبيبة
OTND00000459,مجلس الشبيبة
OTND00000460,مجلس الشبيبة
OTND00000461,مجلس الشبيبة
OTND00000462,مجلس الشبيبة
OTND00000462,مجلس فئة العاملة
OTND00000463,مجلس الشبيبة
OTND00000463,مجلس فئة العاملة
OTND00000464,مجلس الشبيبة
OTND00000465,مجلس الشبيبة
OTND00000465,مجلس فئة الجامعيّة
OTND00000466,مجلس الشبيبة
OTND00000466,مجلس فئة الجامعيّة
OTND00000467,مجلس الشبيبة
OTND00000467,مجلس فئة الثانوي
OTND00000468,مجلس الشبيبة
OTND00000468,مجلس فئة الثانوي
OTND00000469,مجلس الشبيبة
OTND00000469,مجلس فئة الثانوي
OTND00000470,مجلس الشبيبة
OTND00000470,مجلس فئة الإعدادي
OTND00000471,مجلس الشبيبة
OTND00000471,مجلس فئة الإعدادي
OTND00000472,مجلس الشبيبة
OTND00000472,مجلس فئة البراعم
OTND00000473,مجلس الشبيبة
OTND00000473,مجلس فئة البراعم
OTND00000474,مجلس الشبيبة
OTND00000474,مجلس فئة البراعم
OTND00000475,مجلس الشبيبة
OTND00000475,اللجنة الإعلاميّة
OTND00000476,مجلس الشبيبة
OTND00000476,اللجنة الإعلاميّة
OTND00000477,مجلس الشبيبة
OTND00000477,اللجنة الإعلاميّة
OTND00000478,مجلس الشبيبة
OTND00000478,لجنة الخدمة
OTND00000479,مجلس الشبيبة
OTND00000479,لجنة الخدمة
OTND00000480,مجلس الشبيبة
OTND00000480,لجنة الخدمة
OTND00000481,مجلس الشبيبة
OTND00000482,مجلس الشبيبة
OTND00000483,مجلس الشبيبة
OTND00000483,مجلس فئتيّ الجامعيّة والعاملة
OTND00000484,مجلس الشبيبة
OTND00000484,مجلس فئة الثانوي
OTND00000485,مجلس الشبيبة
OTND00000485,مجلس فئة الإعدادي
OTND00000486,مجلس الشبيبة
OTND00000486,مجلس فئة البراعم
OTND00000487,مجلس الشبيبة
OTND00000487,لجنة العلاقات العامة
OTND00000488,مجلس الشبيبة
OTND00000488,اللجنة الإعلاميّة
OTND00000489,مجلس الشبيبة
OTND00000490,مجلس الشبيبة
OTND00000491,مجلس الشبيبة
OTND00000492,مجلس الشبيبة
OTND00000492,لجنة العلاقات العامة
OTND00000493,مجلس الشبيبة
OTND00000494,مجلس الشبيبة
OTND00000494,مجلس فئتيّ الجامعيّة والعاملة
OTND00000495,مجلس الشبيبة
OTND00000496,الأمانة العامة
OTND00000497,الأمانة العامة
OTND00000498,الأمانة العامة
OTND00000498,لجنة تطوير شبيبات الشمال
OTND00000499,الأمانة العامة
OTND00000499,لجنة تطوير شبيبات الوسط
OTND00000500,الأمانة العامة
OTND00000500,لجنة تطوير شبيبات الوسط
OTND00000501,الأمانة العامة
OTND00000501,لجنة تطوير شبيبات الجنوب
OTND00000502,الأمانة العامة
OTND00000502,لجنة النشاطات
OTND00000503,الأمانة العامة
OTND00000503,لجنة العلاقات العامة
OTND00000504,الأمانة العامة
OTND00000504,لجنة التدريب والتطوير
OTND00000505,الأمانة العامة
OTND00000505,لجنة الإعلام
OTND00000506,الأمانة العامة
OTND00000506,لجنة الخدمة
OTND00000507,لجنة تطوير شبيبات الوسط
OTND00000508,لجنة تطوير شبيبات الوسط
OTND00000509,لجنة تطوير شبيبات الوسط
OTND00000510,لجنة تطوير شبيبات الوسط
OTND00000511,لجنة تطوير شبيبات الوسط
OTND00000512,لجنة تطوير شبيبات الوسط
OTND00000513,لجنة تطوير شبيبات الوسط
OTND00000514,لجنة تطوير شبيبات الوسط
OTND00000515,لجنة تطوير شبيبات الوسط
OTND00000516,لجنة تطوير شبيبات الوسط
OTND00000517,لجنة تطوير شبيبات الجنوب
OTND00000518,لجنة تطوير شبيبات الجنوب
OTND00000519,لجنة تطوير شبيبات الجنوب
OTND00000520,لجنة النشاطات
OTND00000521,لجنة النشاطات
OTND00000522,لجنة النشاطات
OTND00000523,لجنة النشاطات
OTND00000524,لجنة تطوير شبيبات الشمال
OTND00000525,لجنة تطوير شبيبات الشمال
OTND00000526,لجنة تطوير شبيبات الشمال
OTND00000527,لجنة تطوير شبيبات الشمال
OTND00000528,لجنة التدريب والتطوير
OTND00000529,لجنة التدريب والتطوير
OTND00000530,لجنة التدريب والتطوير
OTND00000531,لجنة العلاقات العامة
OTND00000532,لجنة العلاقات العامة
OTND00000533,لجنة العلاقات العامة
OTND00000534,لجنة الإعلام
OTND00000535,لجنة الإعلام
OTND00000536,لجنة الإعلام
OTND00000537,لجنة الإعلام
OTND00000538,لجنة الإعلام
OTND00000539,لجنة الإعلام
OTND00000540,لجنة الإعلام
OTND00000541,لجنة الخدمة
OTND00000542,لجنة الخدمة
OTND00000543,لجنة الخدمة
OTND00000544,لجنة الخدمة
OTND00000545,لجنة الخدمة
OTND00000546,لجنة الخدمة
OTND00000547,الأمانة العامة
OTND00000548,شبيبة ستور
OTND00000549,شبيبة ستور
OTND00000550,المسرح
OTND00000552,الأمانة العامة
OTND00000553,الأمانة العامة
OTND00000554,الأمانة العامة
OTND00000554,لجنة تطوير شبيبات الشمال
OTND00000555,الأمانة العامة
OTND00000555,لجنة تطوير شبيبات الوسط
OTND00000556,الأمانة العامة
OTND00000556,لجنة تطوير شبيبات الوسط
OTND00000557,الأمانة العامة
OTND00000557,لجنة تطوير شبيبات الجنوب
OTND00000558,الأمانة العامة
OTND00000558,لجنة النشاطات
OTND00000559,الأمانة العامة
OTND00000559,لجنة العلاقات العامة
OTND00000560,الأمانة العامة
OTND00000560,لجنة التدريب والتطوير
OTND00000561,الأمانة العامة
OTND00000561,لجنة الإعلام
OTND00000562,الأمانة العامة
OTND00000562,لجنة الخدمة
OTND00000563,الأمانة العامة
OTND00000564,شبيبة ستور
OTND00000565,شبيبة ستور
OTND00000567,الأمانة العامة
OTND00000568,الأمانة العامة
OTND00000569,الأمانة العامة
OTND00000570,الأمانة العامة
