period_id,from_node_id,to_node_id,edge_type
OTPD000013,OTND00000221,OTND00000231,hierarchy
OTPD000013,OTND00000221,OTND00000232,hierarchy
OTPD000013,OTND00000221,OTND00000233,hierarchy
OTPD000013,OTND00000222,OTND00000234,hierarchy
OTPD000013,OTND00000222,OTND00000235,hierarchy
OTPD000013,OTND00000222,OTND00000236,hierarchy
OTPD000013,OTND00000222,OTND00000237,hierarchy
OTPD000013,OTND00000223,OTND00000238,hierarchy
OTPD000013,OTND00000223,OTND00000239,hierarchy
OTPD000013,OTND00000223,OTND00000240,hierarchy
OTPD000013,OTND00000223,OTND00000241,hierarchy
OTPD000013,OTND00000224,OTND00000242,hierarchy
OTPD000013,OTND00000224,OTND00000243,hierarchy
OTPD000013,OTND00000224,OTND00000244,hierarchy
OTPD000013,OTND00000224,OTND00000245,hierarchy
OTPD000013,OTND00000225,OTND00000242,hierarchy
OTPD000013,OTND00000225,OTND00000243,hierarchy
OTPD000013,OTND00000225,OTND00000244,hierarchy
OTPD000013,OTND00000225,OTND00000245,hierarchy
OTPD000013,OTND00000226,OTND00000246,hierarchy
OTPD000013,OTND00000226,OTND00000247,hierarchy
OTPD000013,OTND00000226,OTND00000248,hierarchy
OTPD000013,OTND00000226,OTND00000249,hierarchy
OTPD000014,OTND00000253,OTND00000263,hierarchy
OTPD000014,OTND00000253,OTND00000264,hierarchy
OTPD000014,OTND00000253,OTND00000265,hierarchy
OTPD000014,OTND00000254,OTND00000266,hierarchy
OTPD000014,OTND00000254,OTND00000267,hierarchy
OTPD000014,OTND00000254,OTND00000268,hierarchy
OTPD000014,OTND00000254,OTND00000269,hierarchy
OTPD000014,OTND00000255,OTND00000270,hierarchy
OTPD000014,OTND00000255,OTND00000271,hierarchy
OTPD000014,OTND00000255,OTND00000272,hierarchy
OTPD000014,OTND00000255,OTND00000273,hierarchy
OTPD000014,OTND00000256,OTND00000274,hierarchy
OTPD000014,OTND00000256,OTND00000275,hierarchy
OTPD000014,OTND00000256,OTND00000276,hierarchy
OTPD000014,OTND00000256,OTND00000277,hierarchy
OTPD000014,OTND00000257,OTND00000274,hierarchy
OTPD000014,OTND00000257,OTND00000275,hierarchy
OTPD000014,OTND00000257,OTND00000276,hierarchy
OTPD000014,OTND00000257,OTND00000277,hierarchy
OTPD000014,OTND00000258,OTND00000278,hierarchy
OTPD000014,OTND00000258,OTND00000279,hierarchy
OTPD000014,OTND00000258,OTND00000280,hierarchy
OTPD000014,OTND00000258,OTND00000281,hierarchy
OTPD000015,OTND00000284,OTND00000292,hierarchy
OTPD000015,OTND00000284,OTND00000293,hierarchy
OTPD000015,OTND00000284,OTND00000294,hierarchy
OTPD000015,OTND00000285,OTND00000295,hierarchy
OTPD000015,OTND00000285,OTND00000296,hierarchy
OTPD000015,OTND00000285,OTND00000297,hierarchy
OTPD000015,OTND00000285,OTND00000298,hierarchy
OTPD000015,OTND00000286,OTND00000299,hierarchy
OTPD000015,OTND00000286,OTND00000300,hierarchy
OTPD000015,OTND00000286,OTND00000301,hierarchy
OTPD000015,OTND00000286,OTND00000302,hierarchy
OTPD000015,OTND00000288,OTND00000305,hierarchy
OTPD000015,OTND00000288,OTND00000306,hierarchy
OTPD000015,OTND00000288,OTND00000307,hierarchy
OTPD000015,OTND00000288,OTND00000308,hierarchy
OTPD000016,OTND00000314,OTND00000324,hierarchy
OTPD000016,OTND00000314,OTND00000325,hierarchy
OTPD000016,OTND00000314,OTND00000326,hierarchy
OTPD000016,OTND00000315,OTND00000327,hierarchy
OTPD000016,OTND00000315,OTND00000328,hierarchy
OTPD000016,OTND00000315,OTND00000329,hierarchy
OTPD000016,OTND00000315,OTND00000330,hierarchy
OTPD000016,OTND00000316,OTND00000331,hierarchy
OTPD000016,OTND00000316,OTND00000332,hierarchy
OTPD000016,OTND00000316,OTND00000333,hierarchy
OTPD000016,OTND00000316,OTND00000334,hierarchy
OTPD000016,OTND00000317,OTND00000335,hierarchy
OTPD000016,OTND00000317,OTND00000336,hierarchy
OTPD000016,OTND00000317,OTND00000337,hierarchy
OTPD000016,OTND00000317,OTND00000338,hierarchy
OTPD000016,OTND00000318,OTND00000335,hierarchy
OTPD000016,OTND00000318,OTND00000336,hierarchy
OTPD000016,OTND00000318,OTND00000337,hierarchy
OTPD000016,OTND00000318,OTND00000338,hierarchy
OTPD000016,OTND00000319,OTND00000339,hierarchy
OTPD000016,OTND00000319,OTND00000340,hierarchy
OTPD000016,OTND00000319,OTND00000341,hierarchy
OTPD000016,OTND00000319,OTND00000342,hierarchy
OTPD000017,OTND00000345,OTND00000354,hierarchy
OTPD000017,OTND00000345,OTND00000355,hierarchy
OTPD000017,OTND00000345,OTND00000356,hierarchy
OTPD000017,OTND00000346,OTND00000360,hierarchy
OTPD000017,OTND00000346,OTND00000361,hierarchy
OTPD000017,OTND00000346,OTND00000362,hierarchy
OTPD000017,OTND00000346,OTND00000363,hierarchy
OTPD000017,OTND00000347,OTND00000364,hierarchy
OTPD000017,OTND00000347,OTND00000365,hierarchy
OTPD000017,OTND00000347,OTND00000366,hierarchy
OTPD000017,OTND00000347,OTND00000367,hierarchy
OTPD000017,OTND00000348,OTND00000364,hierarchy
OTPD000017,OTND00000348,OTND00000365,hierarchy
OTPD000017,OTND00000348,OTND00000366,hierarchy
OTPD000017,OTND00000348,OTND00000367,hierarchy
OTPD000017,OTND00000349,OTND00000368,hierarchy
OTPD000017,OTND00000349,OTND00000369,hierarchy
OTPD000017,OTND00000349,OTND00000370,hierarchy
OTPD000017,OTND00000349,OTND00000371,hierarchy
OTPD000018,OTND00000373,OTND00000378,hierarchy
OTPD000018,OTND00000373,OTND00000379,hierarchy
OTPD000018,OTND00000373,OTND00000380,hierarchy
OTPD000018,OTND00000374,OTND00000384,hierarchy
OTPD000018,OTND00000374,OTND00000385,hierarchy
OTPD000018,OTND00000374,OTND00000386,hierarchy
OTPD000018,OTND00000374,OTND00000387,hierarchy
OTPD000018,OTND00000375,OTND00000388,hierarchy
OTPD000018,OTND00000375,OTND00000389,hierarchy
OTPD000018,OTND00000375,OTND00000390,hierarchy
OTPD000018,OTND00000375,OTND00000391,hierarchy
OTPD000018,OTND00000376,OTND00000388,hierarchy
OTPD000018,OTND00000376,OTND00000389,hierarchy
OTPD000018,OTND00000376,OTND00000390,hierarchy
OTPD000018,OTND00000376,OTND00000391,hierarchy
OTPD000018,OTND00000377,OTND00000392,hierarchy
OTPD000018,OTND00000377,OTND00000393,hierarchy
OTPD000018,OTND00000377,OTND00000394,hierarchy
OTPD000018,OTND00000377,OTND00000395,hierarchy
OTPD000019,OTND00000402,OTND00000410,hierarchy
OTPD000019,OTND00000402,OTND00000411,hierarchy
OTPD000019,OTND00000402,OTND00000412,hierarchy
OTPD000019,OTND00000403,OTND00000413,hierarchy
OTPD000019,OTND00000403,OTND00000414,hierarchy
OTPD000019,OTND00000403,OTND00000415,hierarchy
OTPD000019,OTND00000403,OTND00000416,hierarchy
OTPD000019,OTND00000404,OTND00000417,hierarchy
OTPD000019,OTND00000404,OTND00000418,hierarchy
OTPD000019,OTND00000404,OTND00000419,hierarchy
OTPD000019,OTND00000404,OTND00000420,hierarchy
OTPD000019,OTND00000406,OTND00000423,hierarchy
OTPD000019,OTND00000406,OTND00000424,hierarchy
OTPD000019,OTND00000406,OTND00000425,hierarchy
OTPD000019,OTND00000406,OTND00000426,hierarchy
OTPD000020,OTND00000431,OTND00000436,hierarchy
OTPD000020,OTND00000431,OTND00000437,hierarchy
OTPD000020,OTND00000431,OTND00000438,hierarchy
OTPD000020,OTND00000432,OTND00000442,hierarchy
OTPD000020,OTND00000432,OTND00000443,hierarchy
OTPD000020,OTND00000432,OTND00000444,hierarchy
OTPD000020,OTND00000432,OTND00000445,hierarchy
OTPD000020,OTND00000433,OTND00000446,hierarchy
OTPD000020,OTND00000433,OTND00000447,hierarchy
OTPD000020,OTND00000433,OTND00000448,hierarchy
OTPD000020,OTND00000433,OTND00000449,hierarchy
OTPD000020,OTND00000434,OTND00000446,hierarchy
OTPD000020,OTND00000434,OTND00000447,hierarchy
OTPD000020,OTND00000434,OTND00000448,hierarchy
OTPD000020,OTND00000434,OTND00000449,hierarchy
OTPD000020,OTND00000435,OTND00000450,hierarchy
OTPD000020,OTND00000435,OTND00000451,hierarchy
OTPD000020,OTND00000435,OTND00000452,hierarchy
OTPD000020,OTND00000435,OTND00000453,hierarchy
OTPD000001,OTND00000001,OTND00000002,peer
OTPD000001,OTND00000001,OTND00000003,hierarchy
OTPD000001,OTND00000001,OTND00000004,hierarchy
OTPD000001,OTND00000001,OTND00000007,hierarchy
OTPD000001,OTND00000001,OTND00000010,hierarchy
OTPD000001,OTND00000001,OTND00000013,hierarchy
OTPD000001,OTND00000001,OTND00000016,hierarchy
OTPD000001,OTND00000001,OTND00000017,hierarchy
OTPD000001,OTND00000001,OTND00000018,hierarchy
OTPD000001,OTND00000001,OTND00000019,hierarchy
OTPD000001,OTND00000001,OTND00000020,hierarchy
OTPD000001,OTND00000001,OTND00000021,hierarchy
OTPD000001,OTND00000001,OTND00000022,hierarchy
OTPD000001,OTND00000004,OTND00000005,hierarchy
OTPD000001,OTND00000004,OTND00000006,hierarchy
OTPD000001,OTND00000007,OTND00000008,hierarchy
OTPD000001,OTND00000007,OTND00000009,hierarchy
OTPD000001,OTND00000010,OTND00000011,hierarchy
OTPD000001,OTND00000010,OTND00000012,hierarchy
OTPD000001,OTND00000013,OTND00000014,hierarchy
OTPD000001,OTND00000013,OTND00000015,hierarchy
OTPD000002,OTND00000058,OTND00000059,peer
OTPD000002,OTND00000058,OTND00000023,hierarchy
OTPD000002,OTND00000058,OTND00000027,hierarchy
OTPD000002,OTND00000058,OTND00000030,hierarchy
OTPD000002,OTND00000058,OTND00000033,hierarchy
OTPD000002,OTND00000058,OTND00000034,hierarchy
OTPD000002,OTND00000058,OTND00000041,hierarchy
OTPD000002,OTND00000058,OTND00000046,hierarchy
OTPD000002,OTND00000058,OTND00000052,hierarchy
OTPD000002,OTND00000058,OTND00000055,hierarchy
OTPD000002,OTND00000058,OTND00000056,hierarchy
OTPD000002,OTND00000058,OTND00000057,hierarchy
OTPD000002,OTND00000041,OTND00000042,hierarchy
OTPD000002,OTND00000041,OTND00000043,hierarchy
OTPD000002,OTND00000041,OTND00000044,hierarchy
OTPD000002,OTND00000041,OTND00000045,hierarchy
OTPD000002,OTND00000046,OTND00000047,hierarchy
OTPD000002,OTND00000046,OTND00000048,hierarchy
OTPD000002,OTND00000046,OTND00000049,hierarchy
OTPD000002,OTND00000046,OTND00000050,hierarchy
OTPD000002,OTND00000046,OTND00000051,hierarchy
OTPD000002,OTND00000052,OTND00000053,hierarchy
OTPD000002,OTND00000052,OTND00000054,hierarchy
OTPD000002,OTND00000023,OTND00000024,hierarchy
OTPD000002,OTND00000023,OTND00000025,hierarchy
OTPD000002,OTND00000023,OTND00000026,hierarchy
OTPD000002,OTND00000027,OTND00000028,hierarchy
OTPD000002,OTND00000027,OTND00000029,hierarchy
OTPD000002,OTND00000030,OTND00000031,hierarchy
OTPD000002,OTND00000030,OTND00000032,hierarchy
OTPD000002,OTND00000033,OTND00000035,hierarchy
OTPD000002,OTND00000034,OTND00000035,hierarchy
OTPD000002,OTND00000033,OTND00000036,hierarchy
OTPD000002,OTND00000034,OTND00000036,hierarchy
OTPD000002,OTND00000033,OTND00000037,hierarchy
OTPD000002,OTND00000034,OTND00000037,hierarchy
OTPD000002,OTND00000033,OTND00000038,hierarchy
OTPD000002,OTND00000034,OTND00000038,hierarchy
OTPD000002,OTND00000033,OTND00000039,hierarchy
OTPD000002,OTND00000034,OTND00000039,hierarchy
OTPD000002,OTND00000033,OTND00000040,hierarchy
OTPD000002,OTND00000034,OTND00000040,hierarchy
OTPD000002,OTND00000060,OTND00000033,peer
OTPD000002,OTND00000060,OTND00000034,peer
OTPD000002,OTND00000061,OTND00000030,peer
OTPD000002,OTND00000062,OTND00000027,peer
OTPD000002,OTND00000063,OTND00000023,peer
OTPD000003,OTND00000064,OTND00000065,hierarchy
OTPD000003,OTND00000064,OTND00000066,hierarchy
OTPD000003,OTND00000064,OTND00000067,hierarchy
OTPD000003,OTND00000064,OTND00000068,hierarchy
OTPD000003,OTND00000064,OTND00000069,hierarchy
OTPD000003,OTND00000064,OTND00000070,hierarchy
OTPD000004,OTND00000071,OTND00000072,peer
OTPD000004,OTND00000071,OTND00000073,hierarchy
OTPD000005,OTND00000076,OTND00000074,peer
OTPD000005,OTND00000074,OTND00000075,hierarchy
OTPD000005,OTND00000076,OTND00000077,hierarchy
OTPD000005,OTND00000076,OTND00000078,hierarchy
OTPD000005,OTND00000076,OTND00000079,hierarchy
OTPD000005,OTND00000076,OTND00000080,hierarchy
OTPD000005,OTND00000076,OTND00000081,hierarchy
OTPD000005,OTND00000076,OTND00000082,hierarchy
OTPD000005,OTND00000076,OTND00000083,hierarchy
OTPD000005,OTND00000076,OTND00000084,hierarchy
OTPD000005,OTND00000076,OTND00000085,hierarchy
OTPD000005,OTND00000076,OTND00000086,hierarchy
OTPD000005,OTND00000076,OTND00000087,hierarchy
OTPD000006,OTND00000088,OTND00000089,peer
OTPD000006,OTND00000088,OTND00000090,hierarchy
OTPD000006,OTND00000088,OTND00000091,hierarchy
OTPD000006,OTND00000088,OTND00000092,hierarchy
OTPD000006,OTND00000088,OTND00000093,hierarchy
OTPD000006,OTND00000088,OTND00000094,hierarchy
OTPD000006,OTND00000088,OTND00000095,hierarchy
OTPD000006,OTND00000088,OTND00000096,hierarchy
OTPD000006,OTND00000088,OTND00000097,hierarchy
OTPD000006,OTND00000088,OTND00000098,hierarchy
OTPD000006,OTND00000088,OTND00000099,hierarchy
OTPD000007,OTND00000101,OTND00000100,peer
OTPD000007,OTND00000100,OTND00000102,hierarchy
OTPD000007,OTND00000101,OTND00000103,hierarchy
OTPD000007,OTND00000101,OTND00000105,hierarchy
OTPD000007,OTND00000101,OTND00000107,hierarchy
OTPD000007,OTND00000101,OTND00000108,hierarchy
OTPD000007,OTND00000101,OTND00000111,hierarchy
OTPD000007,OTND00000101,OTND00000112,hierarchy
OTPD000007,OTND00000101,OTND00000122,hierarchy
OTPD000007,OTND00000101,OTND00000123,hierarchy
OTPD000007,OTND00000101,OTND00000127,hierarchy
OTPD000007,OTND00000101,OTND00000129,hierarchy
OTPD000007,OTND00000101,OTND00000130,hierarchy
OTPD000007,OTND00000101,OTND00000132,hierarchy
OTPD000007,OTND00000101,OTND00000138,hierarchy
OTPD000007,OTND00000130,OTND00000131,hierarchy
OTPD000007,OTND00000123,OTND00000124,hierarchy
OTPD000007,OTND00000123,OTND00000125,hierarchy
OTPD000007,OTND00000123,OTND00000126,hierarchy
OTPD000007,OTND00000127,OTND00000128,hierarchy
OTPD000007,OTND00000132,OTND00000133,hierarchy
OTPD000007,OTND00000132,OTND00000134,hierarchy
OTPD000007,OTND00000132,OTND00000135,hierarchy
OTPD000007,OTND00000132,OTND00000136,hierarchy
OTPD000007,OTND00000132,OTND00000137,hierarchy
OTPD000007,OTND00000103,OTND00000104,hierarchy
OTPD000007,OTND00000105,OTND00000106,hierarchy
OTPD000007,OTND00000107,OTND00000109,hierarchy
OTPD000007,OTND00000108,OTND00000109,hierarchy
OTPD000007,OTND00000107,OTND00000110,hierarchy
OTPD000007,OTND00000108,OTND00000110,hierarchy
OTPD000007,OTND00000111,OTND00000113,hierarchy
OTPD000007,OTND00000112,OTND00000113,hierarchy
OTPD000007,OTND00000111,OTND00000114,hierarchy
OTPD000007,OTND00000112,OTND00000114,hierarchy
OTPD000007,OTND00000111,OTND00000115,hierarchy
OTPD000007,OTND00000112,OTND00000115,hierarchy
OTPD000007,OTND00000111,OTND00000116,hierarchy
OTPD000007,OTND00000112,OTND00000116,hierarchy
OTPD000007,OTND00000111,OTND00000117,hierarchy
OTPD000007,OTND00000112,OTND00000117,hierarchy
OTPD000007,OTND00000111,OTND00000118,hierarchy
OTPD000007,OTND00000112,OTND00000118,hierarchy
OTPD000007,OTND00000111,OTND00000119,hierarchy
OTPD000007,OTND00000112,OTND00000119,hierarchy
OTPD000007,OTND00000111,OTND00000120,hierarchy
OTPD000007,OTND00000112,OTND00000120,hierarchy
OTPD000007,OTND00000111,OTND00000121,hierarchy
OTPD000007,OTND00000112,OTND00000121,hierarchy
OTPD000008,OTND00000140,OTND00000139,peer
OTPD000008,OTND00000140,OTND00000141,hierarchy
OTPD000008,OTND00000140,OTND00000142,hierarchy
OTPD000008,OTND00000140,OTND00000143,hierarchy
OTPD000008,OTND00000140,OTND00000144,hierarchy
OTPD000008,OTND00000140,OTND00000145,hierarchy
OTPD000008,OTND00000140,OTND00000146,hierarchy
OTPD000008,OTND00000140,OTND00000147,hierarchy
OTPD000008,OTND00000140,OTND00000148,hierarchy
OTPD000008,OTND00000140,OTND00000149,hierarchy
OTPD000008,OTND00000140,OTND00000150,hierarchy
OTPD000008,OTND00000140,OTND00000151,hierarchy
OTPD000008,OTND00000140,OTND00000152,hierarchy
OTPD000008,OTND00000140,OTND00000153,hierarchy
OTPD000008,OTND00000140,OTND00000154,hierarchy
OTPD000008,OTND00000140,OTND00000155,hierarchy
OTPD000008,OTND00000140,OTND00000156,hierarchy
OTPD000009,OTND00000158,OTND00000157,peer
OTPD000009,OTND00000158,OTND00000159,hierarchy
OTPD000009,OTND00000158,OTND00000160,hierarchy
OTPD000009,OTND00000158,OTND00000163,hierarchy
OTPD000009,OTND00000158,OTND00000164,hierarchy
OTPD000009,OTND00000158,OTND00000165,hierarchy
OTPD000009,OTND00000158,OTND00000166,hierarchy
OTPD000009,OTND00000160,OTND00000161,hierarchy
OTPD000009,OTND00000160,OTND00000162,hierarchy
OTPD000010,OTND00000167,OTND00000197,peer
OTPD000010,OTND00000197,OTND00000198,hierarchy
OTPD000010,OTND00000167,OTND00000168,hierarchy
OTPD000010,OTND00000167,OTND00000169,hierarchy
OTPD000010,OTND00000167,OTND00000170,hierarchy
OTPD000010,OTND00000167,OTND00000174,hierarchy
OTPD000010,OTND00000167,OTND00000176,hierarchy
OTPD000010,OTND00000167,OTND00000179,hierarchy
OTPD000010,OTND00000167,OTND00000184,hierarchy
OTPD000010,OTND00000167,OTND00000188,hierarchy
OTPD000010,OTND00000167,OTND00000191,hierarchy
OTPD000010,OTND00000167,OTND00000192,hierarchy
OTPD000010,OTND00000167,OTND00000193,hierarchy
OTPD000010,OTND00000184,OTND00000185,hierarchy
OTPD000010,OTND00000184,OTND00000186,hierarchy
OTPD000010,OTND00000184,OTND00000187,hierarchy
OTPD000010,OTND00000188,OTND00000189,hierarchy
OTPD000010,OTND00000188,OTND00000190,hierarchy
OTPD000010,OTND00000193,OTND00000194,hierarchy
OTPD000010,OTND00000193,OTND00000195,hierarchy
OTPD000010,OTND00000193,OTND00000196,hierarchy
OTPD000010,OTND00000169,OTND00000171,hierarchy
OTPD000010,OTND00000170,OTND00000171,hierarchy
OTPD000010,OTND00000169,OTND00000172,hierarchy
OTPD000010,OTND00000170,OTND00000172,hierarchy
OTPD000010,OTND00000169,OTND00000173,hierarchy
OTPD000010,OTND00000170,OTND00000173,hierarchy
OTPD000010,OTND00000174,OTND00000175,hierarchy
OTPD000010,OTND00000176,OTND00000177,hierarchy
OTPD000010,OTND00000176,OTND00000178,hierarchy
OTPD000010,OTND00000179,OTND00000180,hierarchy
OTPD000010,OTND00000179,OTND00000181,hierarchy
OTPD000010,OTND00000179,OTND00000182,hierarchy
OTPD000010,OTND00000179,OTND00000183,hierarchy
OTPD000011,OTND00000200,OTND00000199,peer
OTPD000011,OTND00000200,OTND00000201,hierarchy
OTPD000011,OTND00000200,OTND00000202,hierarchy
OTPD000011,OTND00000200,OTND00000205,hierarchy
OTPD000011,OTND00000200,OTND00000206,hierarchy
OTPD000011,OTND00000200,OTND00000207,hierarchy
OTPD000011,OTND00000200,OTND00000208,hierarchy
OTPD000011,OTND00000200,OTND00000209,hierarchy
OTPD000011,OTND00000200,OTND00000212,hierarchy
OTPD000011,OTND00000200,OTND00000213,hierarchy
OTPD000011,OTND00000203,OTND00000201,peer
OTPD000011,OTND00000204,OTND00000202,peer
OTPD000011,OTND00000210,OTND00000205,peer
OTPD000011,OTND00000210,OTND00000206,peer
OTPD000011,OTND00000211,OTND00000207,peer
OTPD000011,OTND00000211,OTND00000208,peer
OTPD000011,OTND00000211,OTND00000209,peer
OTPD000012,OTND00000214,OTND00000215,hierarchy
OTPD000012,OTND00000214,OTND00000218,hierarchy
OTPD000012,OTND00000214,OTND00000219,hierarchy
OTPD000012,OTND00000215,OTND00000216,hierarchy
OTPD000012,OTND00000215,OTND00000217,hierarchy
OTPD000019,OTND00000430,OTND00000429,peer
OTPD000019,OTND00000430,OTND00000401,hierarchy
OTPD000019,OTND00000430,OTND00000402,hierarchy
OTPD000019,OTND00000430,OTND00000403,hierarchy
OTPD000019,OTND00000430,OTND00000404,hierarchy
OTPD000019,OTND00000430,OTND00000406,hierarchy
OTPD000019,OTND00000430,OTND00000407,hierarchy
OTPD000019,OTND00000430,OTND00000408,hierarchy
OTPD000019,OTND00000430,OTND00000409,hierarchy
OTPD000019,OTND00000430,OTND00000427,hierarchy
OTPD000019,OTND00000427,OTND00000405,hierarchy
OTPD000019,OTND00000427,OTND00000421,hierarchy
OTPD000019,OTND00000427,OTND00000422,hierarchy
OTPD000019,OTND00000427,OTND00000428,hierarchy
OTPD000013,OTND00000250,OTND00000251,peer
OTPD000013,OTND00000250,OTND00000220,hierarchy
OTPD000013,OTND00000250,OTND00000221,hierarchy
OTPD000013,OTND00000250,OTND00000222,hierarchy
OTPD000013,OTND00000250,OTND00000223,hierarchy
OTPD000013,OTND00000250,OTND00000224,hierarchy
OTPD000013,OTND00000250,OTND00000225,hierarchy
OTPD000013,OTND00000250,OTND00000226,hierarchy
OTPD000013,OTND00000250,OTND00000227,hierarchy
OTPD000013,OTND00000250,OTND00000228,hierarchy
OTPD000013,OTND00000250,OTND00000229,hierarchy
OTPD000013,OTND00000250,OTND00000230,hierarchy
OTPD000020,OTND00000458,OTND00000457,peer
OTPD000020,OTND00000458,OTND00000431,hierarchy
OTPD000020,OTND00000458,OTND00000432,hierarchy
OTPD000020,OTND00000458,OTND00000433,hierarchy
OTPD000020,OTND00000458,OTND00000434,hierarchy
OTPD000020,OTND00000458,OTND00000435,hierarchy
OTPD000020,OTND00000458,OTND00000439,hierarchy
OTPD000020,OTND00000439,OTND00000440,hierarchy
OTPD000020,OTND00000439,OTND00000441,hierarchy
OTPD000020,OTND00000431,OTND00000454,hierarchy
OTPD000020,OTND00000439,OTND00000455,hierarchy
OTPD000020,OTND00000439,OTND00000456,hierarchy
OTPD000018,OTND00000397,OTND00000396,peer
OTPD000018,OTND00000397,OTND00000373,hierarchy
OTPD000018,OTND00000397,OTND00000374,hierarchy
OTPD000018,OTND00000397,OTND00000375,hierarchy
OTPD000018,OTND00000397,OTND00000376,hierarchy
OTPD000018,OTND00000397,OTND00000377,hierarchy
OTPD000018,OTND00000397,OTND00000381,hierarchy
OTPD000018,OTND00000381,OTND00000382,hierarchy
OTPD000018,OTND00000381,OTND00000383,hierarchy
OTPD000018,OTND00000373,OTND00000398,hierarchy
OTPD000018,OTND00000381,OTND00000399,hierarchy
OTPD000018,OTND00000381,OTND00000400,hierarchy
OTPD000017,OTND00000344,OTND00000372,peer
OTPD000017,OTND00000344,OTND00000345,hierarchy
OTPD000017,OTND00000344,OTND00000346,hierarchy
OTPD000017,OTND00000344,OTND00000347,hierarchy
OTPD000017,OTND00000344,OTND00000348,hierarchy
OTPD000017,OTND00000344,OTND00000349,hierarchy
OTPD000017,OTND00000344,OTND00000350,hierarchy
OTPD000017,OTND00000344,OTND00000351,hierarchy
OTPD000017,OTND00000344,OTND00000352,hierarchy
OTPD000017,OTND00000344,OTND00000353,hierarchy
OTPD000017,OTND00000344,OTND00000357,hierarchy
OTPD000017,OTND00000344,OTND00000358,hierarchy
OTPD000017,OTND00000344,OTND00000359,hierarchy
OTPD000016,OTND00000313,OTND00000343,peer
OTPD000016,OTND00000313,OTND00000314,hierarchy
OTPD000016,OTND00000313,OTND00000315,hierarchy
OTPD000016,OTND00000313,OTND00000316,hierarchy
OTPD000016,OTND00000313,OTND00000317,hierarchy
OTPD000016,OTND00000313,OTND00000318,hierarchy
OTPD000016,OTND00000313,OTND00000319,hierarchy
OTPD000016,OTND00000313,OTND00000320,hierarchy
OTPD000016,OTND00000313,OTND00000321,hierarchy
OTPD000016,OTND00000313,OTND00000322,hierarchy
OTPD000016,OTND00000313,OTND00000323,hierarchy
OTPD000015,OTND00000312,OTND00000311,peer
OTPD000015,OTND00000312,OTND00000283,hierarchy
OTPD000015,OTND00000312,OTND00000284,hierarchy
OTPD000015,OTND00000312,OTND00000285,hierarchy
OTPD000015,OTND00000312,OTND00000286,hierarchy
OTPD000015,OTND00000312,OTND00000288,hierarchy
OTPD000015,OTND00000312,OTND00000289,hierarchy
OTPD000015,OTND00000312,OTND00000290,hierarchy
OTPD000015,OTND00000312,OTND00000291,hierarchy
OTPD000015,OTND00000312,OTND00000309,hierarchy
OTPD000015,OTND00000309,OTND00000287,hierarchy
OTPD000015,OTND00000309,OTND00000303,hierarchy
OTPD000015,OTND00000309,OTND00000304,hierarchy
OTPD000015,OTND00000309,OTND00000310,hierarchy
OTPD000014,OTND00000252,OTND00000282,peer
OTPD000014,OTND00000252,OTND00000253,hierarchy
OTPD000014,OTND00000252,OTND00000254,hierarchy
OTPD000014,OTND00000252,OTND00000255,hierarchy
OTPD000014,OTND00000252,OTND00000256,hierarchy
OTPD000014,OTND00000252,OTND00000257,hierarchy
OTPD000014,OTND00000252,OTND00000258,hierarchy
OTPD000014,OTND00000252,OTND00000259,hierarchy
OTPD000014,OTND00000252,OTND00000260,hierarchy
OTPD000014,OTND00000252,OTND00000261,hierarchy
OTPD000014,OTND00000252,OTND00000262,hierarchy
OTPD000021,OTND00000459,OTND00000460,peer
OTPD000021,OTND00000459,OTND00000461,hierarchy
OTPD000021,OTND00000459,OTND00000462,hierarchy
OTPD000021,OTND00000459,OTND00000463,hierarchy
OTPD000021,OTND00000459,OTND00000464,hierarchy
OTPD000021,OTND00000459,OTND00000465,hierarchy
OTPD000021,OTND00000459,OTND00000466,hierarchy
OTPD000021,OTND00000459,OTND00000467,hierarchy
OTPD000021,OTND00000459,OTND00000468,hierarchy
OTPD000021,OTND00000459,OTND00000470,hierarchy
OTPD000021,OTND00000459,OTND00000472,hierarchy
OTPD000021,OTND00000459,OTND00000473,hierarchy
OTPD000021,OTND00000459,OTND00000475,hierarchy
OTPD000021,OTND00000459,OTND00000476,hierarchy
OTPD000021,OTND00000459,OTND00000477,hierarchy
OTPD000021,OTND00000459,OTND00000478,hierarchy
OTPD000021,OTND00000459,OTND00000479,hierarchy
OTPD000021,OTND00000459,OTND00000480,hierarchy
OTPD000021,OTND00000469,OTND00000467,peer
OTPD000021,OTND00000469,OTND00000468,peer
OTPD000021,OTND00000471,OTND00000470,peer
OTPD000021,OTND00000474,OTND00000472,peer
OTPD000021,OTND00000474,OTND00000473,peer
OTPD000022,OTND00000481,OTND00000482,peer
OTPD000022,OTND00000481,OTND00000483,hierarchy
OTPD000022,OTND00000481,OTND00000484,hierarchy
OTPD000022,OTND00000481,OTND00000485,hierarchy
OTPD000022,OTND00000481,OTND00000486,hierarchy
OTPD000022,OTND00000481,OTND00000487,hierarchy
OTPD000022,OTND00000481,OTND00000488,hierarchy
OTPD000022,OTND00000481,OTND00000489,hierarchy
OTPD000023,OTND00000490,OTND00000495,peer
OTPD000023,OTND00000490,OTND00000491,hierarchy
OTPD000023,OTND00000490,OTND00000492,hierarchy
OTPD000023,OTND00000490,OTND00000493,hierarchy
OTPD000023,OTND00000490,OTND00000494,hierarchy
OTPD000024,OTND00000497,OTND00000496,peer
OTPD000024,OTND00000497,OTND00000498,hierarchy
OTPD000024,OTND00000497,OTND00000499,hierarchy
OTPD000024,OTND00000497,OTND00000500,hierarchy
OTPD000024,OTND00000497,OTND00000501,hierarchy
OTPD000024,OTND00000497,OTND00000502,hierarchy
OTPD000024,OTND00000497,OTND00000503,hierarchy
OTPD000024,OTND00000497,OTND00000504,hierarchy
OTPD000024,OTND00000497,OTND00000505,hierarchy
OTPD000024,OTND00000497,OTND00000506,hierarchy
OTPD000024,OTND00000497,OTND00000550,hierarchy
OTPD000024,OTND00000497,OTND00000547,hierarchy
OTPD000024,OTND00000497,OTND00000551,hierarchy
OTPD000024,OTND00000497,OTND00000548,hierarchy
OTPD000024,OTND00000499,OTND00000507,hierarchy
OTPD000024,OTND00000499,OTND00000508,hierarchy
OTPD000024,OTND00000499,OTND00000509,hierarchy
OTPD000024,OTND00000499,OTND00000510,hierarchy
OTPD000024,OTND00000499,OTND00000511,hierarchy
OTPD000024,OTND00000500,OTND00000512,hierarchy
OTPD000024,OTND00000500,OTND00000513,hierarchy
OTPD000024,OTND00000500,OTND00000514,hierarchy
OTPD000024,OTND00000500,OTND00000515,hierarchy
OTPD000024,OTND00000500,OTND00000516,hierarchy
OTPD000024,OTND00000501,OTND00000517,hierarchy
OTPD000024,OTND00000501,OTND00000518,hierarchy
OTPD000024,OTND00000501,OTND00000519,hierarchy
OTPD000024,OTND00000502,OTND00000520,hierarchy
OTPD000024,OTND00000502,OTND00000521,hierarchy
OTPD000024,OTND00000502,OTND00000522,hierarchy
OTPD000024,OTND00000502,OTND00000523,hierarchy
OTPD000024,OTND00000498,OTND00000524,hierarchy
OTPD000024,OTND00000498,OTND00000525,hierarchy
OTPD000024,OTND00000498,OTND00000526,hierarchy
OTPD000024,OTND00000498,OTND00000527,hierarchy
OTPD000024,OTND00000504,OTND00000528,hierarchy
OTPD000024,OTND00000504,OTND00000529,hierarchy
OTPD000024,OTND00000504,OTND00000530,hierarchy
OTPD000024,OTND00000503,OTND00000531,hierarchy
OTPD000024,OTND00000503,OTND00000532,hierarchy
OTPD000024,OTND00000503,OTND00000533,hierarchy
OTPD000024,OTND00000505,OTND00000534,hierarchy
OTPD000024,OTND00000505,OTND00000535,hierarchy
OTPD000024,OTND00000505,OTND00000536,hierarchy
OTPD000024,OTND00000505,OTND00000537,hierarchy
OTPD000024,OTND00000505,OTND00000538,hierarchy
OTPD000024,OTND00000505,OTND00000539,hierarchy
OTPD000024,OTND00000505,OTND00000540,hierarchy
OTPD000024,OTND00000506,OTND00000541,hierarchy
OTPD000024,OTND00000506,OTND00000542,hierarchy
OTPD000024,OTND00000506,OTND00000543,hierarchy
OTPD000024,OTND00000506,OTND00000544,hierarchy
OTPD000024,OTND00000506,OTND00000545,hierarchy
OTPD000024,OTND00000506,OTND00000546,hierarchy
OTPD000024,OTND00000548,OTND00000549,hierarchy
OTPD000024,OTND00000507,OTND00000499,reports_to
OTPD000024,OTND00000508,OTND00000499,reports_to
OTPD000024,OTND00000509,OTND00000499,reports_to
OTPD000024,OTND00000510,OTND00000499,reports_to
OTPD000024,OTND00000511,OTND00000499,reports_to
OTPD000024,OTND00000512,OTND00000500,reports_to
OTPD000024,OTND00000513,OTND00000500,reports_to
OTPD000024,OTND00000514,OTND00000500,reports_to
OTPD000024,OTND00000515,OTND00000500,reports_to
OTPD000024,OTND00000516,OTND00000500,reports_to
OTPD000025,OTND00000553,OTND00000552,peer
OTPD000025,OTND00000553,OTND00000554,hierarchy
OTPD000025,OTND00000553,OTND00000555,hierarchy
OTPD000025,OTND00000553,OTND00000556,hierarchy
OTPD000025,OTND00000553,OTND00000557,hierarchy
OTPD000025,OTND00000553,OTND00000558,hierarchy
OTPD000025,OTND00000553,OTND00000559,hierarchy
OTPD000025,OTND00000553,OTND00000560,hierarchy
OTPD000025,OTND00000553,OTND00000561,hierarchy
OTPD000025,OTND00000553,OTND00000562,hierarchy
OTPD000025,OTND00000553,OTND00000563,hierarchy
OTPD000025,OTND00000553,OTND00000566,hierarchy
OTPD000025,OTND00000553,OTND00000564,hierarchy
OTPD000025,OTND00000564,OTND00000565,hierarchy
OTPD000026,OTND00000568,OTND00000567,peer
OTPD000026,OTND00000568,OTND00000569,hierarchy
OTPD000026,OTND00000568,OTND00000570,hierarchy
