node_id,hull,scd_active_from,scd_active_to,scd_currently_active_flag,scd_changed_by_user
OTND00000001,مجلس الشبيبة,2026-05-26 19:41:04,,True,admin
OTND00000002,مجلس الشبيبة,2026-05-26 19:41:04,,True,admin
OTND00000003,مجلس الشبيبة,2026-05-26 19:41:04,,True,admin
OTND00000004,مجلس الشبيبة,2026-05-26 19:41:04,,True,admin
OTND00000004,مجلس فئتيّ الجامعيّة والعاملة,2026-05-26 19:41:04,,True,admin
OTND00000005,مجلس فئتيّ الجامعيّة والعاملة,2026-05-26 19:41:04,,True,admin
OTND00000006,مجلس فئتيّ الجامعيّة والعاملة,2026-05-26 19:41:04,,True,admin
OTND00000007,مجلس الشبيبة,2026-05-26 19:41:04,,True,admin
OTND00000007,مجلس فئة الثانوي,2026-05-26 19:41:04,,True,admin
OTND00000008,مجلس فئة الثانوي,2026-05-26 19:41:04,,True,admin
OTND00000009,مجلس فئة الثانوي,2026-05-26 19:41:04,,True,admin
OTND00000010,مجلس الشبيبة,2026-05-26 19:41:04,,True,admin
OTND00000010,مجلس فئة الإعدادي,2026-05-26 19:41:04,,True,admin
OTND00000011,مجلس فئة الإعدادي,2026-05-26 19:41:04,,True,admin
OTND00000012,مجلس فئة الإعدادي,2026-05-26 19:41:04,,True,admin
OTND00000013,مجلس الشبيبة,2026-05-26 19:41:04,,True,admin
OTND00000013,مجلس فئة البراعم,2026-05-26 19:41:04,,True,admin
OTND00000014,مجلس فئة البراعم,2026-05-26 19:41:04,,True,admin
OTND00000015,مجلس فئة البراعم,2026-05-26 19:41:04,,True,admin
OTND00000016,مجلس الشبيبة,2026-05-26 19:41:04,,True,admin
OTND00000017,مجلس الشبيبة,2026-05-26 19:41:04,,True,admin
OTND00000018,مجلس الشبيبة,2026-05-26 19:41:04,,True,admin
OTND00000018,اللجنة الإعلاميّة,2026-05-26 19:41:04,,True,admin
OTND00000019,مجلس الشبيبة,2026-05-26 19:41:04,,True,admin
OTND00000019,اللجنة الإعلاميّة,2026-05-26 19:41:04,,True,admin
OTND00000020,مجلس الشبيبة,2026-05-26 19:41:04,,True,admin
OTND00000020,اللجنة الإعلاميّة,2026-05-26 19:41:04,,True,admin
OTND00000021,مجلس الشبيبة,2026-05-26 19:41:04,,True,admin
OTND00000021,لجنة المساندة العامة,2026-05-26 19:41:04,,True,admin
OTND00000022,مجلس الشبيبة,2026-05-26 19:41:04,,True,admin
OTND00000022,لجنة المساندة العامة,2026-05-26 19:41:04,,True,admin
OTND00000023,مجلس الشبيبة,2026-05-26 19:41:04,,True,admin
OTND00000023,مجلس فئتيّ الجامعيّة والعاملة,2026-05-26 19:41:04,,True,admin
OTND00000024,مجلس فئتيّ الجامعيّة والعاملة,2026-05-26 19:41:04,,True,admin
OTND00000025,مجلس فئتيّ الجامعيّة والعاملة,2026-05-26 19:41:04,,True,admin
OTND00000026,مجلس فئتيّ الجامعيّة والعاملة,2026-05-26 19:41:04,,True,admin
OTND00000027,مجلس الشبيبة,2026-05-26 19:41:04,,True,admin
OTND00000027,مجلس فئة الثانوي,2026-05-26 19:41:04,,True,admin
OTND00000028,مجلس فئة الثانوي,2026-05-26 19:41:04,,True,admin
OTND00000029,مجلس فئة الثانوي,2026-05-26 19:41:04,,True,admin
OTND00000030,مجلس الشبيبة,2026-05-26 19:41:04,,True,admin
OTND00000030,مجلس فئة الإعدادي,2026-05-26 19:41:04,,True,admin
OTND00000031,مجلس فئة الإعدادي,2026-05-26 19:41:04,,True,admin
OTND00000032,مجلس فئة الإعدادي,2026-05-26 19:41:04,,True,admin
OTND00000033,مجلس الشبيبة,2026-05-26 19:41:04,,True,admin
OTND00000033,مجلس فئة البراعم,2026-05-26 19:41:04,,True,admin
OTND00000034,مجلس الشبيبة,2026-05-26 19:41:04,,True,admin
OTND00000034,مجلس فئة البراعم,2026-05-26 19:41:04,,True,admin
OTND00000035,مجلس فئة البراعم,2026-05-26 19:41:04,,True,admin
OTND00000036,مجلس فئة البراعم,2026-05-26 19:41:04,,True,admin
OTND00000037,مجلس فئة البراعم,2026-05-26 19:41:04,,True,admin
OTND00000038,مجلس فئة البراعم,2026-05-26 19:41:04,,True,admin
OTND00000039,مجلس فئة البراعم,2026-05-26 19:41:04,,True,admin
OTND00000040,مجلس فئة البراعم,2026-05-26 19:41:04,,True,admin
OTND00000041,مجلس الشبيبة,2026-05-26 19:41:04,,True,admin
OTND00000041,اللجنة الإعلاميّة,2026-05-26 19:41:04,,True,admin
OTND00000042,اللجنة الإعلاميّة,2026-05-26 19:41:04,,True,admin
OTND00000043,اللجنة الإعلاميّة,2026-05-26 19:41:04,,True,admin
OTND00000044,اللجنة الإعلاميّة,2026-05-26 19:41:04,,True,admin
OTND00000045,اللجنة الإعلاميّة,2026-05-26 19:41:04,,True,admin
OTND00000046,مجلس الشبيبة,2026-05-26 19:41:04,,True,admin
OTND00000046,اللجنة الاجتماعيّة و لجنة الخدمة,2026-05-26 19:41:04,,True,admin
OTND00000047,اللجنة الاجتماعيّة و لجنة الخدمة,2026-05-26 19:41:04,,True,admin
OTND00000048,اللجنة الاجتماعيّة و لجنة الخدمة,2026-05-26 19:41:04,,True,admin
OTND00000049,اللجنة الاجتماعيّة و لجنة الخدمة,2026-05-26 19:41:04,,True,admin
OTND00000050,اللجنة الاجتماعيّة و لجنة الخدمة,2026-05-26 19:41:04,,True,admin
OTND00000051,اللجنة الاجتماعيّة و لجنة الخدمة,2026-05-26 19:41:04,,True,admin
OTND00000052,مجلس الشبيبة,2026-05-26 19:41:04,,True,admin
OTND00000052,اللجنة الفنيّة,2026-05-26 19:41:04,,True,admin
OTND00000053,اللجنة الفنيّة,2026-05-26 19:41:04,,True,admin
OTND00000054,اللجنة الفنيّة,2026-05-26 19:41:04,,True,admin
OTND00000055,مجلس الشبيبة,2026-05-26 19:41:04,,True,admin
OTND00000056,مجلس الشبيبة,2026-05-26 19:41:04,,True,admin
OTND00000057,مجلس الشبيبة,2026-05-26 19:41:04,,True,admin
OTND00000058,مجلس الشبيبة,2026-05-26 19:41:04,,True,admin
OTND00000059,مجلس الشبيبة,2026-05-26 19:41:04,,True,admin
OTND00000060,مجلس الشبيبة,2026-05-26 19:41:04,,True,admin
OTND00000060,مجلس فئة البراعم,2026-05-26 19:41:04,,True,admin
OTND00000061,مجلس الشبيبة,2026-05-26 19:41:04,,True,admin
OTND00000061,مجلس فئة الإعدادي,2026-05-26 19:41:04,,True,admin
OTND00000062,مجلس الشبيبة,2026-05-26 19:41:04,,True,admin
OTND00000062,مجلس فئة الثانوي,2026-05-26 19:41:04,,True,admin
OTND00000063,مجلس الشبيبة,2026-05-26 19:41:04,,True,admin
OTND00000063,مجلس فئتيّ الجامعيّة والعاملة,2026-05-26 19:41:04,,True,admin
OTND00000064,مجلس الشبيبة,2026-05-26 19:41:04,,True,admin
OTND00000065,مجلس الشبيبة,2026-05-26 19:41:04,,True,admin
OTND00000065,مجلس فئتيّ الجامعيّة والعاملة,2026-05-26 19:41:04,,True,admin
OTND00000066,مجلس الشبيبة,2026-05-26 19:41:04,,True,admin
OTND00000066,مجلس فئتيّ الإعدادي والثانوي,2026-05-26 19:41:04,,True,admin
OTND00000067,مجلس الشبيبة,2026-05-26 19:41:04,,True,admin
OTND00000067,اللجنة الإعلاميّة,2026-05-26 19:41:04,,True,admin
OTND00000068,مجلس الشبيبة,2026-05-26 19:41:04,,True,admin
OTND00000068,اللجنة اللوجستية,2026-05-26 19:41:04,,True,admin
OTND00000069,مجلس الشبيبة,2026-05-26 19:41:04,,True,admin
OTND00000070,مجلس الشبيبة,2026-05-26 19:41:04,,True,admin
OTND00000070,مجلس فئة البراعم,2026-05-26 19:41:04,,True,admin
OTND00000071,مجلس الشبيبة,2026-05-26 19:41:04,,True,admin
OTND00000072,مجلس الشبيبة,2026-05-26 19:41:04,,True,admin
OTND00000073,مجلس الشبيبة,2026-05-26 19:41:04,,True,admin
OTND00000073,مجلس فئة البراعم,2026-05-26 19:41:04,,True,admin
OTND00000074,مجلس الشبيبة,2026-05-26 19:41:04,,True,admin
OTND00000075,مجلس الشبيبة,2026-05-26 19:41:04,,True,admin
OTND00000076,مجلس الشبيبة,2026-05-26 19:41:04,,True,admin
OTND00000077,مجلس الشبيبة,2026-05-26 19:41:04,,True,admin
OTND00000078,مجلس الشبيبة,2026-05-26 19:41:04,,True,admin
OTND00000078,مجلس فئة العاملة,2026-05-26 19:41:04,,True,admin
OTND00000079,مجلس الشبيبة,2026-05-26 19:41:04,,True,admin
OTND00000079,مجلس فئة الجامعيّة,2026-05-26 19:41:04,,True,admin
OTND00000080,مجلس الشبيبة,2026-05-26 19:41:04,,True,admin
OTND00000080,مجلس فئة الثانوي,2026-05-26 19:41:04,,True,admin
OTND00000081,مجلس الشبيبة,2026-05-26 19:41:04,,True,admin
OTND00000081,مجلس فئة الإعدادي,2026-05-26 19:41:04,,True,admin
OTND00000082,مجلس الشبيبة,2026-05-26 19:41:04,,True,admin
OTND00000082,مجلس فئة البراعم,2026-05-26 19:41:04,,True,admin
OTND00000083,مجلس الشبيبة,2026-05-26 19:41:04,,True,admin
OTND00000083,لجنة العلاقات العامة,2026-05-26 19:41:04,,True,admin
OTND00000084,مجلس الشبيبة,2026-05-26 19:41:04,,True,admin
OTND00000085,مجلس الشبيبة,2026-05-26 19:41:04,,True,admin
OTND00000086,مجلس الشبيبة,2026-05-26 19:41:04,,True,admin
OTND00000086,اللجنة الإعلاميّة,2026-05-26 19:41:04,,True,admin
OTND00000087,مجلس الشبيبة,2026-05-26 19:41:04,,True,admin
OTND00000087,اللجنة الترفيهيّة و لجنة المساندة العامة,2026-05-26 19:41:04,,True,admin
OTND00000088,مجلس الشبيبة,2026-05-26 19:41:04,,True,admin
OTND00000089,مجلس الشبيبة,2026-05-26 19:41:04,,True,admin
OTND00000090,مجلس الشبيبة,2026-05-26 19:41:04,,True,admin
OTND00000090,مجلس فئة الجامعيّة,2026-05-26 19:41:04,,True,admin
OTND00000091,مجلس الشبيبة,2026-05-26 19:41:04,,True,admin
OTND00000091,مجلس فئة الجامعيّة,2026-05-26 19:41:04,,True,admin
OTND00000092,مجلس الشبيبة,2026-05-26 19:41:04,,True,admin
OTND00000092,مجلس فئة الثانوي,2026-05-26 19:41:04,,True,admin
OTND00000093,مجلس الشبيبة,2026-05-26 19:41:04,,True,admin
OTND00000093,مجلس فئة الثانوي,2026-05-26 19:41:04,,True,admin
OTND00000094,مجلس الشبيبة,2026-05-26 19:41:04,,True,admin
OTND00000094,مجلس فئة الإعدادي,2026-05-26 19:41:04,,True,admin
OTND00000095,مجلس الشبيبة,2026-05-26 19:41:04,,True,admin
OTND00000095,مجلس فئة الإعدادي,2026-05-26 19:41:04,,True,admin
OTND00000096,مجلس الشبيبة,2026-05-26 19:41:04,,True,admin
OTND00000096,مجلس فئة البراعم,2026-05-26 19:41:04,,True,admin
OTND00000097,مجلس الشبيبة,2026-05-26 19:41:04,,True,admin
OTND00000097,مجلس فئة البراعم,2026-05-26 19:41:04,,True,admin
OTND00000098,مجلس الشبيبة,2026-05-26 19:41:04,,True,admin
OTND00000098,اللجنة الفنيّة,2026-05-26 19:41:04,,True,admin
OTND00000099,مجلس الشبيبة,2026-05-26 19:41:04,,True,admin
OTND00000099,اللجنة الإعلاميّة,2026-05-26 19:41:04,,True,admin
OTND00000100,مجلس الشبيبة,2026-05-26 19:41:04,,True,admin
OTND00000101,مجلس الشبيبة,2026-05-26 19:41:04,,True,admin
OTND00000102,مجلس الشبيبة,2026-05-26 19:41:04,,True,admin
OTND00000103,مجلس الشبيبة,2026-05-26 19:41:04,,True,admin
OTND00000103,مجلس فئتيّ الجامعيّة والعاملة,2026-05-26 19:41:04,,True,admin
OTND00000104,مجلس فئتيّ الجامعيّة والعاملة,2026-05-26 19:41:04,,True,admin
OTND00000105,مجلس الشبيبة,2026-05-26 19:41:04,,True,admin
OTND00000105,مجلس فئة الثانوي,2026-05-26 19:41:04,,True,admin
OTND00000106,مجلس فئة الثانوي,2026-05-26 19:41:04,,True,admin
OTND00000107,مجلس الشبيبة,2026-05-26 19:41:04,,True,admin
OTND00000107,مجلس فئة الإعدادي,2026-05-26 19:41:04,,True,admin
OTND00000108,مجلس الشبيبة,2026-05-26 19:41:04,,True,admin
OTND00000108,مجلس فئة الإعدادي,2026-05-26 19:41:04,,True,admin
OTND00000109,مجلس فئة الإعدادي,2026-05-26 19:41:04,,True,admin
OTND00000110,مجلس فئة الإعدادي,2026-05-26 19:41:04,,True,admin
OTND00000111,مجلس الشبيبة,2026-05-26 19:41:04,,True,admin
OTND00000111,مجلس فئة البراعم,2026-05-26 19:41:04,,True,admin
OTND00000112,مجلس الشبيبة,2026-05-26 19:41:04,,True,admin
OTND00000112,مجلس فئة البراعم,2026-05-26 19:41:04,,True,admin
OTND00000113,مجلس فئة البراعم,2026-05-26 19:41:04,,True,admin
OTND00000114,مجلس فئة البراعم,2026-05-26 19:41:04,,True,admin
OTND00000115,مجلس فئة البراعم,2026-05-26 19:41:04,,True,admin
OTND00000116,مجلس فئة البراعم,2026-05-26 19:41:04,,True,admin
OTND00000117,مجلس فئة البراعم,2026-05-26 19:41:04,,True,admin
OTND00000118,مجلس فئة البراعم,2026-05-26 19:41:04,,True,admin
OTND00000119,مجلس فئة البراعم,2026-05-26 19:41:04,,True,admin
OTND00000120,مجلس فئة البراعم,2026-05-26 19:41:04,,True,admin
OTND00000121,مجلس فئة البراعم,2026-05-26 19:41:04,,True,admin
OTND00000122,مجلس الشبيبة,2026-05-26 19:41:04,,True,admin
OTND00000123,مجلس الشبيبة,2026-05-26 19:41:04,,True,admin
OTND00000123,لجنة الخدمة,2026-05-26 19:41:04,,True,admin
OTND00000124,لجنة الخدمة,2026-05-26 19:41:04,,True,admin
OTND00000125,لجنة الخدمة,2026-05-26 19:41:04,,True,admin
OTND00000126,لجنة الخدمة,2026-05-26 19:41:04,,True,admin
OTND00000127,مجلس الشبيبة,2026-05-26 19:41:04,,True,admin
OTND00000127,اللجنة الإعلاميّة,2026-05-26 19:41:04,,True,admin
OTND00000128,اللجنة الإعلاميّة,2026-05-26 19:41:04,,True,admin
OTND00000129,مجلس الشبيبة,2026-05-26 19:41:04,,True,admin
OTND00000130,مجلس الشبيبة,2026-05-26 19:41:04,,True,admin
OTND00000132,مجلس الشبيبة,2026-05-26 19:41:04,,True,admin
OTND00000132,لجنة التدريب والتطوير,2026-05-26 19:41:04,,True,admin
OTND00000133,لجنة التدريب والتطوير,2026-05-26 19:41:04,,True,admin
OTND00000134,لجنة التدريب والتطوير,2026-05-26 19:41:04,,True,admin
OTND00000135,لجنة التدريب والتطوير,2026-05-26 19:41:04,,True,admin
OTND00000136,لجنة التدريب والتطوير,2026-05-26 19:41:04,,True,admin
OTND00000137,لجنة التدريب والتطوير,2026-05-26 19:41:04,,True,admin
OTND00000138,مجلس الشبيبة,2026-05-26 19:41:04,,True,admin
OTND00000138,اللجنة الترفيهيّة,2026-05-26 19:41:04,,True,admin
OTND00000139,مجلس الشبيبة,2026-05-26 19:41:04,,True,admin
OTND00000140,مجلس الشبيبة,2026-05-26 19:41:04,,True,admin
OTND00000141,مجلس الشبيبة,2026-05-26 19:41:04,,True,admin
OTND00000141,مجلس فئتيّ الجامعيّة والعاملة,2026-05-26 19:41:04,,True,admin
OTND00000142,مجلس الشبيبة,2026-05-26 19:41:04,,True,admin
OTND00000142,مجلس فئة الثانوي,2026-05-26 19:41:04,,True,admin
OTND00000143,مجلس الشبيبة,2026-05-26 19:41:04,,True,admin
OTND00000143,مجلس فئة الثانوي,2026-05-26 19:41:04,,True,admin
OTND00000144,مجلس الشبيبة,2026-05-26 19:41:04,,True,admin
OTND00000144,مجلس فئة الثانوي,2026-05-26 19:41:04,,True,admin
OTND00000145,مجلس الشبيبة,2026-05-26 19:41:04,,True,admin
OTND00000145,مجلس فئة الإعدادي,2026-05-26 19:41:04,,True,admin
OTND00000146,مجلس الشبيبة,2026-05-26 19:41:04,,True,admin
OTND00000146,مجلس فئة الإعدادي,2026-05-26 19:41:04,,True,admin
OTND00000147,مجلس الشبيبة,2026-05-26 19:41:04,,True,admin
OTND00000147,مجلس فئة البراعم,2026-05-26 19:41:04,,True,admin
OTND00000148,مجلس الشبيبة,2026-05-26 19:41:04,,True,admin
OTND00000148,مجلس فئة البراعم,2026-05-26 19:41:04,,True,admin
OTND00000149,مجلس الشبيبة,2026-05-26 19:41:04,,True,admin
OTND00000149,مجلس فئة البراعم,2026-05-26 19:41:04,,True,admin
OTND00000150,مجلس الشبيبة,2026-05-26 19:41:04,,True,admin
OTND00000150,مجلس فئة البراعم,2026-05-26 19:41:04,,True,admin
OTND00000151,مجلس الشبيبة,2026-05-26 19:41:04,,True,admin
OTND00000151,مجلس فئة البراعم,2026-05-26 19:41:04,,True,admin
OTND00000152,مجلس الشبيبة,2026-05-26 19:41:04,,True,admin
OTND00000152,مجلس فئة البراعم,2026-05-26 19:41:04,,True,admin
OTND00000153,مجلس الشبيبة,2026-05-26 19:41:04,,True,admin
OTND00000153,اللجنة الإعلاميّة,2026-05-26 19:41:04,,True,admin
OTND00000154,مجلس الشبيبة,2026-05-26 19:41:04,,True,admin
OTND00000154,اللجنة الإعلاميّة,2026-05-26 19:41:04,,True,admin
OTND00000155,مجلس الشبيبة,2026-05-26 19:41:04,,True,admin
OTND00000155,اللجنة الإعلاميّة,2026-05-26 19:41:04,,True,admin
OTND00000156,مجلس الشبيبة,2026-05-26 19:41:04,,True,admin
OTND00000157,مجلس الشبيبة,2026-05-26 19:41:04,,True,admin
OTND00000158,مجلس الشبيبة,2026-05-26 19:41:04,,True,admin
OTND00000159,مجلس الشبيبة,2026-05-26 19:41:04,,True,admin
OTND00000159,مجلس فئتيّ الجامعيّة والعاملة,2026-05-26 19:41:04,,True,admin
OTND00000160,مجلس الشبيبة,2026-05-26 19:41:04,,True,admin
OTND00000160,اللجنة الإعلاميّة,2026-05-26 19:41:04,,True,admin
OTND00000161,اللجنة الإعلاميّة,2026-05-26 19:41:04,,True,admin
OTND00000162,اللجنة الإعلاميّة,2026-05-26 19:41:04,,True,admin
OTND00000163,مجلس الشبيبة,2026-05-26 19:41:04,,True,admin
OTND00000163,لجنة الخدمة,2026-05-26 19:41:04,,True,admin
OTND00000164,مجلس الشبيبة,2026-05-26 19:41:04,,True,admin
OTND00000165,مجلس الشبيبة,2026-05-26 19:41:04,,True,admin
OTND00000166,مجلس الشبيبة,2026-05-26 19:41:04,,True,admin
OTND00000167,مجلس الشبيبة,2026-05-26 19:41:04,,True,admin
OTND00000168,مجلس الشبيبة,2026-05-26 19:41:04,,True,admin
OTND00000169,مجلس الشبيبة,2026-05-26 19:41:04,,True,admin
OTND00000169,مجلس فئة العاملة,2026-05-26 19:41:04,,True,admin
OTND00000170,مجلس الشبيبة,2026-05-26 19:41:04,,True,admin
OTND00000170,مجلس فئة الجامعيّة,2026-05-26 19:41:04,,True,admin
OTND00000171,مجلس فئتيّ الجامعيّة والعاملة,2026-05-26 19:41:04,,True,admin
OTND00000172,مجلس فئتيّ الجامعيّة والعاملة,2026-05-26 19:41:04,,True,admin
OTND00000173,مجلس فئتيّ الجامعيّة والعاملة,2026-05-26 19:41:04,,True,admin
OTND00000174,مجلس الشبيبة,2026-05-26 19:41:04,,True,admin
OTND00000174,مجلس فئة الثانوي,2026-05-26 19:41:04,,True,admin
OTND00000175,مجلس فئة الثانوي,2026-05-26 19:41:04,,True,admin
OTND00000176,مجلس الشبيبة,2026-05-26 19:41:04,,True,admin
OTND00000176,مجلس فئة الإعدادي,2026-05-26 19:41:04,,True,admin
OTND00000177,مجلس فئة الإعدادي,2026-05-26 19:41:04,,True,admin
OTND00000178,مجلس فئة الإعدادي,2026-05-26 19:41:04,,True,admin
OTND00000179,مجلس الشبيبة,2026-05-26 19:41:04,,True,admin
OTND00000179,مجلس فئة البراعم,2026-05-26 19:41:04,,True,admin
OTND00000180,مجلس فئة البراعم,2026-05-26 19:41:04,,True,admin
OTND00000181,مجلس فئة البراعم,2026-05-26 19:41:04,,True,admin
OTND00000182,مجلس فئة البراعم,2026-05-26 19:41:04,,True,admin
OTND00000183,مجلس فئة البراعم,2026-05-26 19:41:04,,True,admin
OTND00000184,مجلس الشبيبة,2026-05-26 19:41:04,,True,admin
OTND00000184,اللجنة الإعلاميّة,2026-05-26 19:41:04,,True,admin
OTND00000185,اللجنة الإعلاميّة,2026-05-26 19:41:04,,True,admin
OTND00000186,اللجنة الإعلاميّة,2026-05-26 19:41:04,,True,admin
OTND00000187,اللجنة الإعلاميّة,2026-05-26 19:41:04,,True,admin
OTND00000188,مجلس الشبيبة,2026-05-26 19:41:04,,True,admin
OTND00000188,لجنة الخدمة,2026-05-26 19:41:04,,True,admin
OTND00000189,لجنة الخدمة,2026-05-26 19:41:04,,True,admin
OTND00000190,لجنة الخدمة,2026-05-26 19:41:04,,True,admin
OTND00000191,مجلس الشبيبة,2026-05-26 19:41:04,,True,admin
OTND00000192,مجلس الشبيبة,2026-05-26 19:41:04,,True,admin
OTND00000193,مجلس الشبيبة,2026-05-26 19:41:04,,True,admin
OTND00000193,الفرقة الموسيقيّة,2026-05-26 19:41:04,,True,admin
OTND00000194,الفرقة الموسيقيّة,2026-05-26 19:41:04,,True,admin
OTND00000195,الفرقة الموسيقيّة,2026-05-26 19:41:04,,True,admin
OTND00000196,الفرقة الموسيقيّة,2026-05-26 19:41:04,,True,admin
OTND00000197,مجلس الشبيبة,2026-05-26 19:41:04,,True,admin
OTND00000198,مجلس الشبيبة,2026-05-26 19:41:04,,True,admin
OTND00000199,مجلس الشبيبة,2026-05-26 19:41:04,,True,admin
OTND00000200,مجلس الشبيبة,2026-05-26 19:41:04,,True,admin
OTND00000201,مجلس الشبيبة,2026-05-26 19:41:04,,True,admin
OTND00000201,مجلس فئتيّ الجامعيّة والعاملة,2026-05-26 19:41:04,,True,admin
OTND00000202,مجلس الشبيبة,2026-05-26 19:41:04,,True,admin
OTND00000202,مجلس فئة الثانوي,2026-05-26 19:41:04,,True,admin
OTND00000203,مجلس الشبيبة,2026-05-26 19:41:04,,True,admin
OTND00000203,مجلس فئتيّ الجامعيّة والعاملة,2026-05-26 19:41:04,,True,admin
OTND00000204,مجلس الشبيبة,2026-05-26 19:41:04,,True,admin
OTND00000204,مجلس فئة الثانوي,2026-05-26 19:41:04,,True,admin
OTND00000205,مجلس الشبيبة,2026-05-26 19:41:04,,True,admin
OTND00000205,مجلس فئة الإعدادي,2026-05-26 19:41:04,,True,admin
OTND00000206,مجلس الشبيبة,2026-05-26 19:41:04,,True,admin
OTND00000206,مجلس فئة الإعدادي,2026-05-26 19:41:04,,True,admin
OTND00000207,مجلس الشبيبة,2026-05-26 19:41:04,,True,admin
OTND00000207,مجلس فئة البراعم,2026-05-26 19:41:04,,True,admin
OTND00000208,مجلس الشبيبة,2026-05-26 19:41:04,,True,admin
OTND00000208,مجلس فئة البراعم,2026-05-26 19:41:04,,True,admin
OTND00000209,مجلس الشبيبة,2026-05-26 19:41:04,,True,admin
OTND00000209,مجلس فئة البراعم,2026-05-26 19:41:04,,True,admin
OTND00000210,مجلس الشبيبة,2026-05-26 19:41:04,,True,admin
OTND00000210,مجلس فئة الإعدادي,2026-05-26 19:41:04,,True,admin
OTND00000211,مجلس الشبيبة,2026-05-26 19:41:04,,True,admin
OTND00000211,مجلس فئة البراعم,2026-05-26 19:41:04,,True,admin
OTND00000212,مجلس الشبيبة,2026-05-26 19:41:04,,True,admin
OTND00000212,اللجنة الإعلاميّة,2026-05-26 19:41:04,,True,admin
OTND00000213,مجلس الشبيبة,2026-05-26 19:41:04,,True,admin
OTND00000214,مجلس الشبيبة,2026-05-26 19:41:04,,True,admin
OTND00000215,مجلس الشبيبة,2026-05-26 19:41:04,,True,admin
OTND00000215,مجلس فئتيّ الإعدادي والثانوي,2026-05-26 19:41:04,,True,admin
OTND00000216,مجلس فئتيّ الإعدادي والثانوي,2026-05-26 19:41:04,,True,admin
OTND00000217,مجلس فئتيّ الإعدادي والثانوي,2026-05-26 19:41:04,,True,admin
OTND00000218,مجلس الشبيبة,2026-05-26 19:41:04,,True,admin
OTND00000218,مجلس فئة البراعم,2026-05-26 19:41:04,,True,admin
OTND00000219,مجلس الشبيبة,2026-05-26 19:41:04,,True,admin
OTND00000219,مجلس فئة البراعم,2026-05-26 19:41:04,,True,admin
OTND00000401,مجلس الشبيبة,2026-05-26 19:41:04,,True,admin
OTND00000402,مجلس الشبيبة,2026-05-26 19:41:04,,True,admin
OTND00000402,مجلس فئتيّ الجامعيّة والعاملة,2026-05-26 19:41:04,,True,admin
OTND00000403,مجلس الشبيبة,2026-05-26 19:41:04,,True,admin
OTND00000403,مجلس فئة الثانوي,2026-05-26 19:41:04,,True,admin
OTND00000404,مجلس الشبيبة,2026-05-26 19:41:04,,True,admin
OTND00000404,مجلس فئة الإعدادي,2026-05-26 19:41:04,,True,admin
OTND00000405,مجلس فئة البراعم,2026-05-26 19:41:04,,True,admin
OTND00000406,مجلس الشبيبة,2026-05-26 19:41:04,,True,admin
OTND00000406,اللجنة الإعلاميّة,2026-05-26 19:41:04,,True,admin
OTND00000407,مجلس الشبيبة,2026-05-26 19:41:04,,True,admin
OTND00000407,لجنة الخدمة,2026-05-26 19:41:04,,True,admin
OTND00000408,مجلس الشبيبة,2026-05-26 19:41:04,,True,admin
OTND00000409,مجلس الشبيبة,2026-05-26 19:41:04,,True,admin
OTND00000410,مجلس فئتيّ الجامعيّة والعاملة,2026-05-26 19:41:04,,True,admin
OTND00000411,مجلس فئتيّ الجامعيّة والعاملة,2026-05-26 19:41:04,,True,admin
OTND00000412,مجلس فئتيّ الجامعيّة والعاملة,2026-05-26 19:41:04,,True,admin
OTND00000413,مجلس فئة الثانوي,2026-05-26 19:41:04,,True,admin
OTND00000414,مجلس فئة الثانوي,2026-05-26 19:41:04,,True,admin
OTND00000415,مجلس فئة الثانوي,2026-05-26 19:41:04,,True,admin
OTND00000416,مجلس فئة الثانوي,2026-05-26 19:41:04,,True,admin
OTND00000417,مجلس فئة الإعدادي,2026-05-26 19:41:04,,True,admin
OTND00000418,مجلس فئة الإعدادي,2026-05-26 19:41:04,,True,admin
OTND00000419,مجلس فئة الإعدادي,2026-05-26 19:41:04,,True,admin
OTND00000420,مجلس فئة الإعدادي,2026-05-26 19:41:04,,True,admin
OTND00000421,مجلس فئة البراعم,2026-05-26 19:41:04,,True,admin
OTND00000422,مجلس فئة البراعم,2026-05-26 19:41:04,,True,admin
OTND00000423,اللجنة الإعلاميّة,2026-05-26 19:41:04,,True,admin
OTND00000424,اللجنة الإعلاميّة,2026-05-26 19:41:04,,True,admin
OTND00000425,اللجنة الإعلاميّة,2026-05-26 19:41:04,,True,admin
OTND00000426,اللجنة الإعلاميّة,2026-05-26 19:41:04,,True,admin
OTND00000427,مجلس الشبيبة,2026-05-26 19:41:04,,True,admin
OTND00000427,مجلس فئة البراعم,2026-05-26 19:41:04,,True,admin
OTND00000428,مجلس فئة البراعم,2026-05-26 19:41:04,,True,admin
OTND00000429,مجلس الشبيبة,2026-05-26 19:41:04,,True,admin
OTND00000430,مجلس الشبيبة,2026-05-26 19:41:04,,True,admin
OTND00000220,مجلس الشبيبة,2026-05-26 19:41:04,,True,admin
OTND00000221,مجلس الشبيبة,2026-05-26 19:41:04,,True,admin
OTND00000221,مجلس فئتيّ الجامعيّة والعاملة,2026-05-26 19:41:04,,True,admin
OTND00000222,مجلس الشبيبة,2026-05-26 19:41:04,,True,admin
OTND00000222,مجلس فئة الثانوي,2026-05-26 19:41:04,,True,admin
OTND00000223,مجلس الشبيبة,2026-05-26 19:41:04,,True,admin
OTND00000223,مجلس فئة الإعدادي,2026-05-26 19:41:04,,True,admin
OTND00000224,مجلس الشبيبة,2026-05-26 19:41:04,,True,admin
OTND00000224,مجلس فئة البراعم,2026-05-26 19:41:04,,True,admin
OTND00000225,مجلس الشبيبة,2026-05-26 19:41:04,,True,admin
OTND00000225,مجلس فئة البراعم,2026-05-26 19:41:04,,True,admin
OTND00000226,مجلس الشبيبة,2026-05-26 19:41:04,,True,admin
OTND00000226,اللجنة الإعلاميّة,2026-05-26 19:41:04,,True,admin
OTND00000227,مجلس الشبيبة,2026-05-26 19:41:04,,True,admin
OTND00000227,لجنة الخدمة,2026-05-26 19:41:04,,True,admin
OTND00000228,مجلس الشبيبة,2026-05-26 19:41:04,,True,admin
OTND00000228,لجنة العلاقات العامة,2026-05-26 19:41:04,,True,admin
OTND00000229,مجلس الشبيبة,2026-05-26 19:41:04,,True,admin
OTND00000230,مجلس الشبيبة,2026-05-26 19:41:04,,True,admin
OTND00000231,مجلس فئتيّ الجامعيّة والعاملة,2026-05-26 19:41:04,,True,admin
OTND00000232,مجلس فئتيّ الجامعيّة والعاملة,2026-05-26 19:41:04,,True,admin
OTND00000233,مجلس فئتيّ الجامعيّة والعاملة,2026-05-26 19:41:04,,True,admin
OTND00000234,مجلس فئة الثانوي,2026-05-26 19:41:04,,True,admin
OTND00000235,مجلس فئة الثانوي,2026-05-26 19:41:04,,True,admin
OTND00000236,مجلس فئة الثانوي,2026-05-26 19:41:04,,True,admin
OTND00000237,مجلس فئة الثانوي,2026-05-26 19:41:04,,True,admin
OTND00000238,مجلس فئة الإعدادي,2026-05-26 19:41:04,,True,admin
OTND00000239,مجلس فئة الإعدادي,2026-05-26 19:41:04,,True,admin
OTND00000240,مجلس فئة الإعدادي,2026-05-26 19:41:04,,True,admin
OTND00000241,مجلس فئة الإعدادي,2026-05-26 19:41:04,,True,admin
OTND00000242,مجلس فئة البراعم,2026-05-26 19:41:04,,True,admin
OTND00000243,مجلس فئة البراعم,2026-05-26 19:41:04,,True,admin
OTND00000244,مجلس فئة البراعم,2026-05-26 19:41:04,,True,admin
OTND00000245,مجلس فئة البراعم,2026-05-26 19:41:04,,True,admin
OTND00000246,اللجنة الإعلاميّة,2026-05-26 19:41:04,,True,admin
OTND00000247,اللجنة الإعلاميّة,2026-05-26 19:41:04,,True,admin
OTND00000248,اللجنة الإعلاميّة,2026-05-26 19:41:04,,True,admin
OTND00000249,اللجنة الإعلاميّة,2026-05-26 19:41:04,,True,admin
OTND00000250,مجلس الشبيبة,2026-05-26 19:41:04,,True,admin
OTND00000251,مجلس الشبيبة,2026-05-26 19:41:04,,True,admin
OTND00000431,مجلس الشبيبة,2026-05-26 19:41:04,,True,admin
OTND00000431,مجلس فئتيّ الجامعيّة والعاملة,2026-05-26 19:41:04,,True,admin
OTND00000432,مجلس الشبيبة,2026-05-26 19:41:04,,True,admin
OTND00000432,مجلس فئة الإعدادي,2026-05-26 19:41:04,,True,admin
OTND00000433,مجلس الشبيبة,2026-05-26 19:41:04,,True,admin
OTND00000433,مجلس فئة البراعم,2026-05-26 19:41:04,,True,admin
OTND00000434,مجلس الشبيبة,2026-05-26 19:41:04,,True,admin
OTND00000434,مجلس فئة البراعم,2026-05-26 19:41:04,,True,admin
OTND00000435,مجلس الشبيبة,2026-05-26 19:41:04,,True,admin
OTND00000435,اللجنة الإعلاميّة,2026-05-26 19:41:04,,True,admin
OTND00000436,مجلس فئتيّ الجامعيّة والعاملة,2026-05-26 19:41:04,,True,admin
OTND00000437,مجلس فئتيّ الجامعيّة والعاملة,2026-05-26 19:41:04,,True,admin
OTND00000438,مجلس فئتيّ الجامعيّة والعاملة,2026-05-26 19:41:04,,True,admin
OTND00000439,مجلس الشبيبة,2026-05-26 19:41:04,,True,admin
OTND00000439,مجلس فئة الثانوي,2026-05-26 19:41:04,,True,admin
OTND00000440,مجلس فئة الثانوي,2026-05-26 19:41:04,,True,admin
OTND00000441,مجلس فئة الثانوي,2026-05-26 19:41:04,,True,admin
OTND00000442,مجلس فئة الإعدادي,2026-05-26 19:41:04,,True,admin
OTND00000443,مجلس فئة الإعدادي,2026-05-26 19:41:04,,True,admin
OTND00000444,مجلس فئة الإعدادي,2026-05-26 19:41:04,,True,admin
OTND00000445,مجلس فئة الإعدادي,2026-05-26 19:41:04,,True,admin
OTND00000446,مجلس فئة البراعم,2026-05-26 19:41:04,,True,admin
OTND00000447,مجلس فئة البراعم,2026-05-26 19:41:04,,True,admin
OTND00000448,مجلس فئة البراعم,2026-05-26 19:41:04,,True,admin
OTND00000449,مجلس فئة البراعم,2026-05-26 19:41:04,,True,admin
OTND00000450,اللجنة الإعلاميّة,2026-05-26 19:41:04,,True,admin
OTND00000451,اللجنة الإعلاميّة,2026-05-26 19:41:04,,True,admin
OTND00000452,اللجنة الإعلاميّة,2026-05-26 19:41:04,,True,admin
OTND00000453,اللجنة الإعلاميّة,2026-05-26 19:41:04,,True,admin
OTND00000454,مجلس فئتيّ الجامعيّة والعاملة,2026-05-26 19:41:04,,True,admin
OTND00000455,مجلس فئة الثانوي,2026-05-26 19:41:04,,True,admin
OTND00000456,مجلس فئة الثانوي,2026-05-26 19:41:04,,True,admin
OTND00000457,مجلس الشبيبة,2026-05-26 19:41:04,,True,admin
OTND00000458,مجلس الشبيبة,2026-05-26 19:41:04,,True,admin
OTND00000373,مجلس الشبيبة,2026-05-26 19:41:04,,True,admin
OTND00000373,مجلس فئتيّ الجامعيّة والعاملة,2026-05-26 19:41:04,,True,admin
OTND00000374,مجلس الشبيبة,2026-05-26 19:41:04,,True,admin
OTND00000374,مجلس فئة الإعدادي,2026-05-26 19:41:04,,True,admin
OTND00000375,مجلس الشبيبة,2026-05-26 19:41:04,,True,admin
OTND00000375,مجلس فئة البراعم,2026-05-26 19:41:04,,True,admin
OTND00000376,مجلس الشبيبة,2026-05-26 19:41:04,,True,admin
OTND00000376,مجلس فئة البراعم,2026-05-26 19:41:04,,True,admin
OTND00000377,مجلس الشبيبة,2026-05-26 19:41:04,,True,admin
OTND00000377,اللجنة الإعلاميّة,2026-05-26 19:41:04,,True,admin
OTND00000378,مجلس فئتيّ الجامعيّة والعاملة,2026-05-26 19:41:04,,True,admin
OTND00000379,مجلس فئتيّ الجامعيّة والعاملة,2026-05-26 19:41:04,,True,admin
OTND00000380,مجلس فئتيّ الجامعيّة والعاملة,2026-05-26 19:41:04,,True,admin
OTND00000381,مجلس الشبيبة,2026-05-26 19:41:04,,True,admin
OTND00000381,مجلس فئة الثانوي,2026-05-26 19:41:04,,True,admin
OTND00000382,مجلس فئة الثانوي,2026-05-26 19:41:04,,True,admin
OTND00000383,مجلس فئة الثانوي,2026-05-26 19:41:04,,True,admin
OTND00000384,مجلس فئة الإعدادي,2026-05-26 19:41:04,,True,admin
OTND00000385,مجلس فئة الإعدادي,2026-05-26 19:41:04,,True,admin
OTND00000386,مجلس فئة الإعدادي,2026-05-26 19:41:04,,True,admin
OTND00000387,مجلس فئة الإعدادي,2026-05-26 19:41:04,,True,admin
OTND00000388,مجلس فئة البراعم,2026-05-26 19:41:04,,True,admin
OTND00000389,مجلس فئة البراعم,2026-05-26 19:41:04,,True,admin
OTND00000390,مجلس فئة البراعم,2026-05-26 19:41:04,,True,admin
OTND00000391,مجلس فئة البراعم,2026-05-26 19:41:04,,True,admin
OTND00000392,اللجنة الإعلاميّة,2026-05-26 19:41:04,,True,admin
OTND00000393,اللجنة الإعلاميّة,2026-05-26 19:41:04,,True,admin
OTND00000394,اللجنة الإعلاميّة,2026-05-26 19:41:04,,True,admin
OTND00000395,اللجنة الإعلاميّة,2026-05-26 19:41:04,,True,admin
OTND00000396,مجلس الشبيبة,2026-05-26 19:41:04,,True,admin
OTND00000397,مجلس الشبيبة,2026-05-26 19:41:04,,True,admin
OTND00000398,مجلس فئتيّ الجامعيّة والعاملة,2026-05-26 19:41:04,,True,admin
OTND00000399,مجلس فئة الثانوي,2026-05-26 19:41:04,,True,admin
OTND00000400,مجلس فئة الثانوي,2026-05-26 19:41:04,,True,admin
OTND00000344,مجلس الشبيبة,2026-05-26 19:41:04,,True,admin
OTND00000345,مجلس الشبيبة,2026-05-26 19:41:04,,True,admin
OTND00000345,مجلس فئتيّ الجامعيّة والعاملة,2026-05-26 19:41:04,,True,admin
OTND00000346,مجلس الشبيبة,2026-05-26 19:41:04,,True,admin
OTND00000346,مجلس فئة الإعدادي,2026-05-26 19:41:04,,True,admin
OTND00000347,مجلس الشبيبة,2026-05-26 19:41:04,,True,admin
OTND00000347,مجلس فئة البراعم,2026-05-26 19:41:04,,True,admin
OTND00000348,مجلس الشبيبة,2026-05-26 19:41:04,,True,admin
OTND00000348,مجلس فئة البراعم,2026-05-26 19:41:04,,True,admin
OTND00000349,مجلس الشبيبة,2026-05-26 19:41:04,,True,admin
OTND00000349,اللجنة الإعلاميّة,2026-05-26 19:41:04,,True,admin
OTND00000350,مجلس الشبيبة,2026-05-26 19:41:04,,True,admin
OTND00000350,لجنة الخدمة,2026-05-26 19:41:04,,True,admin
OTND00000351,مجلس الشبيبة,2026-05-26 19:41:04,,True,admin
OTND00000351,لجنة العلاقات العامة,2026-05-26 19:41:04,,True,admin
OTND00000352,مجلس الشبيبة,2026-05-26 19:41:04,,True,admin
OTND00000353,مجلس الشبيبة,2026-05-26 19:41:04,,True,admin
OTND00000354,مجلس فئتيّ الجامعيّة والعاملة,2026-05-26 19:41:04,,True,admin
OTND00000355,مجلس فئتيّ الجامعيّة والعاملة,2026-05-26 19:41:04,,True,admin
OTND00000356,مجلس فئتيّ الجامعيّة والعاملة,2026-05-26 19:41:04,,True,admin
OTND00000357,مجلس فئة الثانوي,2026-05-26 19:41:04,,True,admin
OTND00000358,مجلس فئة الثانوي,2026-05-26 19:41:04,,True,admin
OTND00000359,مجلس فئة الثانوي,2026-05-26 19:41:04,,True,admin
OTND00000360,مجلس فئة الإعدادي,2026-05-26 19:41:04,,True,admin
OTND00000361,مجلس فئة الإعدادي,2026-05-26 19:41:04,,True,admin
OTND00000362,مجلس فئة الإعدادي,2026-05-26 19:41:04,,True,admin
OTND00000363,مجلس فئة الإعدادي,2026-05-26 19:41:04,,True,admin
OTND00000364,مجلس فئة البراعم,2026-05-26 19:41:04,,True,admin
OTND00000365,مجلس فئة البراعم,2026-05-26 19:41:04,,True,admin
OTND00000366,مجلس فئة البراعم,2026-05-26 19:41:04,,True,admin
OTND00000367,مجلس فئة البراعم,2026-05-26 19:41:04,,True,admin
OTND00000368,اللجنة الإعلاميّة,2026-05-26 19:41:04,,True,admin
OTND00000369,اللجنة الإعلاميّة,2026-05-26 19:41:04,,True,admin
OTND00000370,اللجنة الإعلاميّة,2026-05-26 19:41:04,,True,admin
OTND00000371,اللجنة الإعلاميّة,2026-05-26 19:41:04,,True,admin
OTND00000372,مجلس الشبيبة,2026-05-26 19:41:04,,True,admin
OTND00000313,مجلس الشبيبة,2026-05-26 19:41:04,,True,admin
OTND00000314,مجلس الشبيبة,2026-05-26 19:41:04,,True,admin
OTND00000314,مجلس فئتيّ الجامعيّة والعاملة,2026-05-26 19:41:04,,True,admin
OTND00000315,مجلس الشبيبة,2026-05-26 19:41:04,,True,admin
OTND00000315,مجلس فئة الثانوي,2026-05-26 19:41:04,,True,admin
OTND00000316,مجلس الشبيبة,2026-05-26 19:41:04,,True,admin
OTND00000316,مجلس فئة الإعدادي,2026-05-26 19:41:04,,True,admin
OTND00000317,مجلس الشبيبة,2026-05-26 19:41:04,,True,admin
OTND00000317,مجلس فئة البراعم,2026-05-26 19:41:04,,True,admin
OTND00000318,مجلس الشبيبة,2026-05-26 19:41:04,,True,admin
OTND00000318,مجلس فئة البراعم,2026-05-26 19:41:04,,True,admin
OTND00000319,مجلس الشبيبة,2026-05-26 19:41:04,,True,admin
OTND00000319,اللجنة الإعلاميّة,2026-05-26 19:41:04,,True,admin
OTND00000320,مجلس الشبيبة,2026-05-26 19:41:04,,True,admin
OTND00000320,لجنة الخدمة,2026-05-26 19:41:04,,True,admin
OTND00000321,مجلس الشبيبة,2026-05-26 19:41:04,,True,admin
OTND00000321,لجنة العلاقات العامة,2026-05-26 19:41:04,,True,admin
OTND00000322,مجلس الشبيبة,2026-05-26 19:41:04,,True,admin
OTND00000323,مجلس الشبيبة,2026-05-26 19:41:04,,True,admin
OTND00000324,مجلس فئتيّ الجامعيّة والعاملة,2026-05-26 19:41:04,,True,admin
OTND00000325,مجلس فئتيّ الجامعيّة والعاملة,2026-05-26 19:41:04,,True,admin
OTND00000326,مجلس فئتيّ الجامعيّة والعاملة,2026-05-26 19:41:04,,True,admin
OTND00000327,مجلس فئة الثانوي,2026-05-26 19:41:04,,True,admin
OTND00000328,مجلس فئة الثانوي,2026-05-26 19:41:04,,True,admin
OTND00000329,مجلس فئة الثانوي,2026-05-26 19:41:04,,True,admin
OTND00000330,مجلس فئة الثانوي,2026-05-26 19:41:04,,True,admin
OTND00000331,مجلس فئة الإعدادي,2026-05-26 19:41:04,,True,admin
OTND00000332,مجلس فئة الإعدادي,2026-05-26 19:41:04,,True,admin
OTND00000333,مجلس فئة الإعدادي,2026-05-26 19:41:04,,True,admin
OTND00000334,مجلس فئة الإعدادي,2026-05-26 19:41:04,,True,admin
OTND00000335,مجلس فئة البراعم,2026-05-26 19:41:04,,True,admin
OTND00000336,مجلس فئة البراعم,2026-05-26 19:41:04,,True,admin
OTND00000337,مجلس فئة البراعم,2026-05-26 19:41:04,,True,admin
OTND00000338,مجلس فئة البراعم,2026-05-26 19:41:04,,True,admin
OTND00000339,اللجنة الإعلاميّة,2026-05-26 19:41:04,,True,admin
OTND00000340,اللجنة الإعلاميّة,2026-05-26 19:41:04,,True,admin
OTND00000341,اللجنة الإعلاميّة,2026-05-26 19:41:04,,True,admin
OTND00000342,اللجنة الإعلاميّة,2026-05-26 19:41:04,,True,admin
OTND00000343,مجلس الشبيبة,2026-05-26 19:41:04,,True,admin
OTND00000283,مجلس الشبيبة,2026-05-26 19:41:04,,True,admin
OTND00000284,مجلس الشبيبة,2026-05-26 19:41:04,,True,admin
OTND00000284,مجلس فئتيّ الجامعيّة والعاملة,2026-05-26 19:41:04,,True,admin
OTND00000285,مجلس الشبيبة,2026-05-26 19:41:04,,True,admin
OTND00000285,مجلس فئة الثانوي,2026-05-26 19:41:04,,True,admin
OTND00000286,مجلس الشبيبة,2026-05-26 19:41:04,,True,admin
OTND00000286,مجلس فئة الإعدادي,2026-05-26 19:41:04,,True,admin
OTND00000287,مجلس فئة البراعم,2026-05-26 19:41:04,,True,admin
OTND00000288,مجلس الشبيبة,2026-05-26 19:41:04,,True,admin
OTND00000288,اللجنة الإعلاميّة,2026-05-26 19:41:04,,True,admin
OTND00000289,مجلس الشبيبة,2026-05-26 19:41:04,,True,admin
OTND00000289,لجنة الخدمة,2026-05-26 19:41:04,,True,admin
OTND00000290,مجلس الشبيبة,2026-05-26 19:41:04,,True,admin
OTND00000291,مجلس الشبيبة,2026-05-26 19:41:04,,True,admin
OTND00000292,مجلس فئتيّ الجامعيّة والعاملة,2026-05-26 19:41:04,,True,admin
OTND00000293,مجلس فئتيّ الجامعيّة والعاملة,2026-05-26 19:41:04,,True,admin
OTND00000294,مجلس فئتيّ الجامعيّة والعاملة,2026-05-26 19:41:04,,True,admin
OTND00000295,مجلس فئة الثانوي,2026-05-26 19:41:04,,True,admin
OTND00000296,مجلس فئة الثانوي,2026-05-26 19:41:04,,True,admin
OTND00000297,مجلس فئة الثانوي,2026-05-26 19:41:04,,True,admin
OTND00000298,مجلس فئة الثانوي,2026-05-26 19:41:04,,True,admin
OTND00000299,مجلس فئة الإعدادي,2026-05-26 19:41:04,,True,admin
OTND00000300,مجلس فئة الإعدادي,2026-05-26 19:41:04,,True,admin
OTND00000301,مجلس فئة الإعدادي,2026-05-26 19:41:04,,True,admin
OTND00000302,مجلس فئة الإعدادي,2026-05-26 19:41:04,,True,admin
OTND00000303,مجلس فئة البراعم,2026-05-26 19:41:04,,True,admin
OTND00000304,مجلس فئة البراعم,2026-05-26 19:41:04,,True,admin
OTND00000305,اللجنة الإعلاميّة,2026-05-26 19:41:04,,True,admin
OTND00000306,اللجنة الإعلاميّة,2026-05-26 19:41:04,,True,admin
OTND00000307,اللجنة الإعلاميّة,2026-05-26 19:41:04,,True,admin
OTND00000308,اللجنة الإعلاميّة,2026-05-26 19:41:04,,True,admin
OTND00000309,مجلس الشبيبة,2026-05-26 19:41:04,,True,admin
OTND00000309,مجلس فئة البراعم,2026-05-26 19:41:04,,True,admin
OTND00000310,مجلس فئة البراعم,2026-05-26 19:41:04,,True,admin
OTND00000311,مجلس الشبيبة,2026-05-26 19:41:04,,True,admin
OTND00000312,مجلس الشبيبة,2026-05-26 19:41:04,,True,admin
OTND00000252,مجلس الشبيبة,2026-05-26 19:41:04,,True,admin
OTND00000253,مجلس الشبيبة,2026-05-26 19:41:04,,True,admin
OTND00000253,مجلس فئتيّ الجامعيّة والعاملة,2026-05-26 19:41:04,,True,admin
OTND00000254,مجلس الشبيبة,2026-05-26 19:41:04,,True,admin
OTND00000254,مجلس فئة الثانوي,2026-05-26 19:41:04,,True,admin
OTND00000255,مجلس الشبيبة,2026-05-26 19:41:04,,True,admin
OTND00000255,مجلس فئة الإعدادي,2026-05-26 19:41:04,,True,admin
OTND00000256,مجلس الشبيبة,2026-05-26 19:41:04,,True,admin
OTND00000256,مجلس فئة البراعم,2026-05-26 19:41:04,,True,admin
OTND00000257,مجلس الشبيبة,2026-05-26 19:41:04,,True,admin
OTND00000257,مجلس فئة البراعم,2026-05-26 19:41:04,,True,admin
OTND00000258,مجلس الشبيبة,2026-05-26 19:41:04,,True,admin
OTND00000258,اللجنة الإعلاميّة,2026-05-26 19:41:04,,True,admin
OTND00000259,مجلس الشبيبة,2026-05-26 19:41:04,,True,admin
OTND00000259,لجنة الخدمة,2026-05-26 19:41:04,,True,admin
OTND00000260,مجلس الشبيبة,2026-05-26 19:41:04,,True,admin
OTND00000260,لجنة العلاقات العامة,2026-05-26 19:41:04,,True,admin
OTND00000261,مجلس الشبيبة,2026-05-26 19:41:04,,True,admin
OTND00000262,مجلس الشبيبة,2026-05-26 19:41:04,,True,admin
OTND00000263,مجلس فئتيّ الجامعيّة والعاملة,2026-05-26 19:41:04,,True,admin
OTND00000264,مجلس فئتيّ الجامعيّة والعاملة,2026-05-26 19:41:04,,True,admin
OTND00000265,مجلس فئتيّ الجامعيّة والعاملة,2026-05-26 19:41:04,,True,admin
OTND00000266,مجلس فئة الثانوي,2026-05-26 19:41:04,,True,admin
OTND00000267,مجلس فئة الثانوي,2026-05-26 19:41:04,,True,admin
OTND00000268,مجلس فئة الثانوي,2026-05-26 19:41:04,,True,admin
OTND00000269,مجلس فئة الثانوي,2026-05-26 19:41:04,,True,admin
OTND00000270,مجلس فئة الإعدادي,2026-05-26 19:41:04,,True,admin
OTND00000271,مجلس فئة الإعدادي,2026-05-26 19:41:04,,True,admin
OTND00000272,مجلس فئة الإعدادي,2026-05-26 19:41:04,,True,admin
OTND00000273,مجلس فئة الإعدادي,2026-05-26 19:41:04,,True,admin
OTND00000274,مجلس فئة البراعم,2026-05-26 19:41:04,,True,admin
OTND00000275,مجلس فئة البراعم,2026-05-26 19:41:04,,True,admin
OTND00000276,مجلس فئة البراعم,2026-05-26 19:41:04,,True,admin
OTND00000277,مجلس فئة البراعم,2026-05-26 19:41:04,,True,admin
OTND00000278,اللجنة الإعلاميّة,2026-05-26 19:41:04,,True,admin
OTND00000279,اللجنة الإعلاميّة,2026-05-26 19:41:04,,True,admin
OTND00000280,اللجنة الإعلاميّة,2026-05-26 19:41:04,,True,admin
OTND00000281,اللجنة الإعلاميّة,2026-05-26 19:41:04,,True,admin
OTND00000282,مجلس الشبيبة,2026-05-26 19:41:04,,True,admin
OTND00000459,مجلس الشبيبة,2026-05-26 19:41:04,,True,admin
OTND00000460,مجلس الشبيبة,2026-05-26 19:41:04,,True,admin
OTND00000461,مجلس الشبيبة,2026-05-26 19:41:04,,True,admin
OTND00000462,مجلس الشبيبة,2026-05-26 19:41:04,,True,admin
OTND00000462,مجلس فئة العاملة,2026-05-26 19:41:04,,True,admin
OTND00000463,مجلس الشبيبة,2026-05-26 19:41:04,,True,admin
OTND00000463,مجلس فئة العاملة,2026-05-26 19:41:04,,True,admin
OTND00000464,مجلس الشبيبة,2026-05-26 19:41:04,,True,admin
OTND00000465,مجلس الشبيبة,2026-05-26 19:41:04,,True,admin
OTND00000465,مجلس فئة الجامعيّة,2026-05-26 19:41:04,,True,admin
OTND00000466,مجلس الشبيبة,2026-05-26 19:41:04,,True,admin
OTND00000466,مجلس فئة الجامعيّة,2026-05-26 19:41:04,,True,admin
OTND00000467,مجلس الشبيبة,2026-05-26 19:41:04,,True,admin
OTND00000467,مجلس فئة الثانوي,2026-05-26 19:41:04,,True,admin
OTND00000468,مجلس الشبيبة,2026-05-26 19:41:04,,True,admin
OTND00000468,مجلس فئة الثانوي,2026-05-26 19:41:04,,True,admin
OTND00000469,مجلس الشبيبة,2026-05-26 19:41:04,,True,admin
OTND00000469,مجلس فئة الثانوي,2026-05-26 19:41:04,,True,admin
OTND00000470,مجلس الشبيبة,2026-05-26 19:41:04,,True,admin
OTND00000470,مجلس فئة الإعدادي,2026-05-26 19:41:04,,True,admin
OTND00000471,مجلس الشبيبة,2026-05-26 19:41:04,,True,admin
OTND00000471,مجلس فئة الإعدادي,2026-05-26 19:41:04,,True,admin
OTND00000472,مجلس الشبيبة,2026-05-26 19:41:04,,True,admin
OTND00000472,مجلس فئة البراعم,2026-05-26 19:41:04,,True,admin
OTND00000473,مجلس الشبيبة,2026-05-26 19:41:04,,True,admin
OTND00000473,مجلس فئة البراعم,2026-05-26 19:41:04,,True,admin
OTND00000474,مجلس الشبيبة,2026-05-26 19:41:04,,True,admin
OTND00000474,مجلس فئة البراعم,2026-05-26 19:41:04,,True,admin
OTND00000475,مجلس الشبيبة,2026-05-26 19:41:04,,True,admin
OTND00000475,اللجنة الإعلاميّة,2026-05-26 19:41:04,,True,admin
OTND00000476,مجلس الشبيبة,2026-05-26 19:41:04,,True,admin
OTND00000476,اللجنة الإعلاميّة,2026-05-26 19:41:04,,True,admin
OTND00000477,مجلس الشبيبة,2026-05-26 19:41:04,,True,admin
OTND00000477,اللجنة الإعلاميّة,2026-05-26 19:41:04,,True,admin
OTND00000478,مجلس الشبيبة,2026-05-26 19:41:04,,True,admin
OTND00000478,لجنة الخدمة,2026-05-26 19:41:04,,True,admin
OTND00000479,مجلس الشبيبة,2026-05-26 19:41:04,,True,admin
OTND00000479,لجنة الخدمة,2026-05-26 19:41:04,,True,admin
OTND00000480,مجلس الشبيبة,2026-05-26 19:41:04,,True,admin
OTND00000480,لجنة الخدمة,2026-05-26 19:41:04,,True,admin
OTND00000481,مجلس الشبيبة,2026-05-26 19:41:04,,True,admin
OTND00000482,مجلس الشبيبة,2026-05-26 19:41:04,,True,admin
OTND00000483,مجلس الشبيبة,2026-05-26 19:41:04,,True,admin
OTND00000483,مجلس فئتيّ الجامعيّة والعاملة,2026-05-26 19:41:04,,True,admin
OTND00000484,مجلس الشبيبة,2026-05-26 19:41:04,,True,admin
OTND00000484,مجلس فئة الثانوي,2026-05-26 19:41:04,,True,admin
OTND00000485,مجلس الشبيبة,2026-05-26 19:41:04,,True,admin
OTND00000485,مجلس فئة الإعدادي,2026-05-26 19:41:04,,True,admin
OTND00000486,مجلس الشبيبة,2026-05-26 19:41:04,,True,admin
OTND00000486,مجلس فئة البراعم,2026-05-26 19:41:04,,True,admin
OTND00000487,مجلس الشبيبة,2026-05-26 19:41:04,,True,admin
OTND00000487,لجنة العلاقات العامة,2026-05-26 19:41:04,,True,admin
OTND00000488,مجلس الشبيبة,2026-05-26 19:41:04,,True,admin
OTND00000488,اللجنة الإعلاميّة,2026-05-26 19:41:04,,True,admin
OTND00000489,مجلس الشبيبة,2026-05-26 19:41:04,,True,admin
OTND00000490,مجلس الشبيبة,2026-05-26 19:41:04,,True,admin
OTND00000491,مجلس الشبيبة,2026-05-26 19:41:04,,True,admin
OTND00000492,مجلس الشبيبة,2026-05-26 19:41:04,,True,admin
OTND00000492,لجنة العلاقات العامة,2026-05-26 19:41:04,,True,admin
OTND00000493,مجلس الشبيبة,2026-05-26 19:41:04,,True,admin
OTND00000494,مجلس الشبيبة,2026-05-26 19:41:04,,True,admin
OTND00000494,مجلس فئتيّ الجامعيّة والعاملة,2026-05-26 19:41:04,,True,admin
OTND00000495,مجلس الشبيبة,2026-05-26 19:41:04,,True,admin
OTND00000496,الأمانة العامة,2026-05-26 19:41:04,,True,admin
OTND00000497,الأمانة العامة,2026-05-26 19:41:04,,True,admin
OTND00000498,الأمانة العامة,2026-05-26 19:41:04,,True,admin
OTND00000498,لجنة تطوير شبيبات الشمال,2026-05-26 19:41:04,,True,admin
OTND00000499,الأمانة العامة,2026-05-26 19:41:04,,True,admin
OTND00000499,لجنة تطوير شبيبات الوسط,2026-05-26 19:41:04,,True,admin
OTND00000500,الأمانة العامة,2026-05-26 19:41:04,,True,admin
OTND00000500,لجنة تطوير شبيبات الوسط,2026-05-26 19:41:04,,True,admin
OTND00000501,الأمانة العامة,2026-05-26 19:41:04,,True,admin
OTND00000501,لجنة تطوير شبيبات الجنوب,2026-05-26 19:41:04,,True,admin
OTND00000502,الأمانة العامة,2026-05-26 19:41:04,,True,admin
OTND00000502,لجنة النشاطات,2026-05-26 19:41:04,,True,admin
OTND00000503,الأمانة العامة,2026-05-26 19:41:04,,True,admin
OTND00000503,لجنة العلاقات العامة,2026-05-26 19:41:04,,True,admin
OTND00000504,الأمانة العامة,2026-05-26 19:41:04,,True,admin
OTND00000504,لجنة التدريب والتطوير,2026-05-26 19:41:04,,True,admin
OTND00000505,الأمانة العامة,2026-05-26 19:41:04,,True,admin
OTND00000505,لجنة الإعلام,2026-05-26 19:41:04,,True,admin
OTND00000506,الأمانة العامة,2026-05-26 19:41:04,,True,admin
OTND00000506,لجنة الخدمة,2026-05-26 19:41:04,,True,admin
OTND00000507,لجنة تطوير شبيبات الوسط,2026-05-26 19:41:04,,True,admin
OTND00000508,لجنة تطوير شبيبات الوسط,2026-05-26 19:41:04,,True,admin
OTND00000509,لجنة تطوير شبيبات الوسط,2026-05-26 19:41:04,,True,admin
OTND00000510,لجنة تطوير شبيبات الوسط,2026-05-26 19:41:04,,True,admin
OTND00000511,لجنة تطوير شبيبات الوسط,2026-05-26 19:41:04,,True,admin
OTND00000512,لجنة تطوير شبيبات الوسط,2026-05-26 19:41:04,,True,admin
OTND00000513,لجنة تطوير شبيبات الوسط,2026-05-26 19:41:04,,True,admin
OTND00000514,لجنة تطوير شبيبات الوسط,2026-05-26 19:41:04,,True,admin
OTND00000515,لجنة تطوير شبيبات الوسط,2026-05-26 19:41:04,,True,admin
OTND00000516,لجنة تطوير شبيبات الوسط,2026-05-26 19:41:04,,True,admin
OTND00000517,لجنة تطوير شبيبات الجنوب,2026-05-26 19:41:04,,True,admin
OTND00000518,لجنة تطوير شبيبات الجنوب,2026-05-26 19:41:04,,True,admin
OTND00000519,لجنة تطوير شبيبات الجنوب,2026-05-26 19:41:04,,True,admin
OTND00000520,لجنة النشاطات,2026-05-26 19:41:04,,True,admin
OTND00000521,لجنة النشاطات,2026-05-26 19:41:04,,True,admin
OTND00000522,لجنة النشاطات,2026-05-26 19:41:04,,True,admin
OTND00000523,لجنة النشاطات,2026-05-26 19:41:04,,True,admin
OTND00000524,لجنة تطوير شبيبات الشمال,2026-05-26 19:41:04,,True,admin
OTND00000525,لجنة تطوير شبيبات الشمال,2026-05-26 19:41:04,,True,admin
OTND00000526,لجنة تطوير شبيبات الشمال,2026-05-26 19:41:04,,True,admin
OTND00000527,لجنة تطوير شبيبات الشمال,2026-05-26 19:41:04,,True,admin
OTND00000528,لجنة التدريب والتطوير,2026-05-26 19:41:04,,True,admin
OTND00000529,لجنة التدريب والتطوير,2026-05-26 19:41:04,,True,admin
OTND00000530,لجنة التدريب والتطوير,2026-05-26 19:41:04,,True,admin
OTND00000531,لجنة العلاقات العامة,2026-05-26 19:41:04,,True,admin
OTND00000532,لجنة العلاقات العامة,2026-05-26 19:41:04,,True,admin
OTND00000533,لجنة العلاقات العامة,2026-05-26 19:41:04,,True,admin
OTND00000534,لجنة الإعلام,2026-05-26 19:41:04,,True,admin
OTND00000535,لجنة الإعلام,2026-05-26 19:41:04,,True,admin
OTND00000536,لجنة الإعلام,2026-05-26 19:41:04,,True,admin
OTND00000537,لجنة الإعلام,2026-05-26 19:41:04,,True,admin
OTND00000538,لجنة الإعلام,2026-05-26 19:41:04,,True,admin
OTND00000539,لجنة الإعلام,2026-05-26 19:41:04,,True,admin
OTND00000540,لجنة الإعلام,2026-05-26 19:41:04,,True,admin
OTND00000541,لجنة الخدمة,2026-05-26 19:41:04,,True,admin
OTND00000542,لجنة الخدمة,2026-05-26 19:41:04,,True,admin
OTND00000543,لجنة الخدمة,2026-05-26 19:41:04,,True,admin
OTND00000544,لجنة الخدمة,2026-05-26 19:41:04,,True,admin
OTND00000545,لجنة الخدمة,2026-05-26 19:41:04,,True,admin
OTND00000546,لجنة الخدمة,2026-05-26 19:41:04,,True,admin
OTND00000547,الأمانة العامة,2026-05-26 19:41:04,,True,admin
OTND00000547,منسقيّة الشرق الأوسط,2026-05-26 19:41:04,,True,admin
OTND00000548,شبيبة ستور,2026-05-26 19:41:04,,True,admin
OTND00000549,شبيبة ستور,2026-05-26 19:41:04,,True,admin
OTND00000550,المسرح,2026-05-26 19:41:04,,True,admin
OTND00000552,الأمانة العامة,2026-05-26 19:41:04,,True,admin
OTND00000553,الأمانة العامة,2026-05-26 19:41:04,,True,admin
OTND00000554,الأمانة العامة,2026-05-26 19:41:04,,True,admin
OTND00000554,لجنة تطوير شبيبات الشمال,2026-05-26 19:41:04,,True,admin
OTND00000555,الأمانة العامة,2026-05-26 19:41:04,,True,admin
OTND00000555,لجنة تطوير شبيبات الوسط,2026-05-26 19:41:04,,True,admin
OTND00000556,الأمانة العامة,2026-05-26 19:41:04,,True,admin
OTND00000556,لجنة تطوير شبيبات الوسط,2026-05-26 19:41:04,,True,admin
OTND00000557,الأمانة العامة,2026-05-26 19:41:04,,True,admin
OTND00000557,لجنة تطوير شبيبات الجنوب,2026-05-26 19:41:04,,True,admin
OTND00000558,الأمانة العامة,2026-05-26 19:41:04,,True,admin
OTND00000558,لجنة النشاطات,2026-05-26 19:41:04,,True,admin
OTND00000559,الأمانة العامة,2026-05-26 19:41:04,,True,admin
OTND00000559,لجنة العلاقات العامة,2026-05-26 19:41:04,,True,admin
OTND00000560,الأمانة العامة,2026-05-26 19:41:04,,True,admin
OTND00000560,لجنة التدريب والتطوير,2026-05-26 19:41:04,,True,admin
OTND00000561,الأمانة العامة,2026-05-26 19:41:04,,True,admin
OTND00000561,لجنة الإعلام,2026-05-26 19:41:04,,True,admin
OTND00000562,الأمانة العامة,2026-05-26 19:41:04,,True,admin
OTND00000562,لجنة الخدمة,2026-05-26 19:41:04,,True,admin
OTND00000563,الأمانة العامة,2026-05-26 19:41:04,,True,admin
OTND00000563,منسقيّة الشرق الأوسط,2026-05-26 19:41:04,,True,admin
OTND00000564,شبيبة ستور,2026-05-26 19:41:04,,True,admin
OTND00000565,شبيبة ستور,2026-05-26 19:41:04,,True,admin
OTND00000567,الأمانة العامة,2026-05-26 19:41:04,,True,admin
OTND00000568,الأمانة العامة,2026-05-26 19:41:04,,True,admin
OTND00000569,الأمانة العامة,2026-05-26 19:41:04,,True,admin
OTND00000570,الأمانة العامة,2026-05-26 19:41:04,,True,admin
OTND00000570,منسقيّة الشرق الأوسط,2026-05-26 19:41:04,,True,admin
OTND31641638,مجلس الشبيبة,2026-05-29 11:19:23,,True,admin
OTND31641639,مجلس الشبيبة,2026-05-29 11:19:23,,True,admin
OTND31641640,مجلس الشبيبة,2026-05-29 11:20:53,,True,admin
OTND31641641,مجلس الشبيبة,2026-05-29 11:21:54,,True,admin
OTND31641641,مجلس فئتيّ الجامعيّة والعاملة,2026-05-29 11:21:54,,True,admin
OTND31641642,مجلس فئتيّ الجامعيّة والعاملة,2026-05-29 11:21:54,,True,admin
OTND31641643,مجلس الشبيبة,2026-05-29 11:21:54,,True,admin
OTND31641643,مجلس فئتيّ الإعدادي والثانوي,2026-05-29 11:21:54,,True,admin
OTND31641644,مجلس فئتيّ الإعدادي والثانوي,2026-05-29 11:22:24,,True,admin
OTND33223132,اللجنة الروحيّة و لجنة المواضيع,2026-05-29 11:33:31,,True,admin
OTND33223132,مجلس فئتيّ الجامعيّة والعاملة,2026-05-29 11:33:31,,True,admin
OTND33223133,لجنة عمل المحبة,2026-05-29 11:33:31,,True,admin
OTND33223133,مجلس فئتيّ الجامعيّة والعاملة,2026-05-29 11:33:31,,True,admin
OTND33223142,اللجنة الاجتماعيّة,2026-05-29 11:33:31,,True,admin
OTND33223142,مجلس فئتيّ الإعدادي والثانوي,2026-05-29 11:33:31,,True,admin
OTND33223142,مجلس فئتيّ الجامعيّة والعاملة,2026-05-29 11:33:31,,True,admin
OTND33223151,لجنة النشاطات,2026-05-29 11:33:31,,True,admin
OTND33223151,مجلس فئتيّ الإعدادي والثانوي,2026-05-29 11:33:31,,True,admin
OTND33223151,مجلس فئتيّ الجامعيّة والعاملة,2026-05-29 11:33:31,,True,admin
OTND33223160,اللجنة الإعلاميّة,2026-05-29 11:36:01,,True,admin
OTND33223160,مجلس فئتيّ الإعدادي والثانوي,2026-05-29 11:36:01,,True,admin
OTND33223160,مجلس فئتيّ الجامعيّة والعاملة,2026-05-29 11:36:01,,True,admin
OTND33223169,لجنة التنظيم,2026-05-29 11:36:01,,True,admin
OTND33223169,مجلس فئتيّ الإعدادي والثانوي,2026-05-29 11:36:01,,True,admin
OTND33223169,مجلس فئتيّ الجامعيّة والعاملة,2026-05-29 11:36:01,,True,admin
OTND33223180,اللجنة الإعلاميّة,2026-05-29 11:37:51,,True,admin
OTND33223181,اللجنة الإعلاميّة,2026-05-29 11:37:51,,True,admin
OTND33223182,اللجنة الإعلاميّة,2026-05-29 11:37:51,,True,admin
OTND31641642,مجلس الشبيبة,2026-05-29 11:39:47,,True,admin
OTND31641644,مجلس الشبيبة,2026-05-29 11:39:47,,True,admin
OTND39656440,الأمانة العامة,2026-05-29 13:24:05,,True,admin
OTND39656440,لجنة العاملة,2026-05-29 13:24:05,,True,admin
OTND39656441,لجنة العاملة,2026-05-29 13:24:05,,True,admin
OTND39656442,لجنة العاملة,2026-05-29 13:24:05,,True,admin
OTND39656443,لجنة العاملة,2026-05-29 13:24:05,,True,admin
OTND39656444,لجنة العاملة,2026-05-29 13:24:05,,True,admin
OTND39656445,منسقيّة الشرق الأوسط,2026-05-29 13:24:05,,True,admin
OTND39656446,الأمانة العامة,2026-05-29 13:24:05,,True,admin
OTND39656446,لجنة الجامعيّة,2026-05-29 13:24:05,,True,admin
OTND39656447,لجنة الجامعيّة,2026-05-29 13:24:05,,True,admin
OTND39656448,لجنة الجامعيّة,2026-05-29 13:24:05,,True,admin
OTND39656449,لجنة الجامعيّة,2026-05-29 13:24:05,,True,admin
OTND39656450,لجنة الجامعيّة,2026-05-29 13:24:05,,True,admin
OTND39656451,الأمانة العامة,2026-05-29 13:24:05,,True,admin
OTND39656451,لجنة الثانوي,2026-05-29 13:24:05,,True,admin
OTND39656452,لجنة الثانوي,2026-05-29 13:24:05,,True,admin
OTND39656453,لجنة الثانوي,2026-05-29 13:24:05,,True,admin
OTND39656454,لجنة الثانوي,2026-05-29 13:24:05,,True,admin
OTND39656455,لجنة الثانوي,2026-05-29 13:24:05,,True,admin
OTND39656456,لجنة الثانوي,2026-05-29 13:24:05,,True,admin
OTND39656457,لجنة الثانوي,2026-05-29 13:24:05,,True,admin
OTND39656458,الأمانة العامة,2026-05-29 13:24:05,,True,admin
OTND39656458,لجنة الإعدادي,2026-05-29 13:24:05,,True,admin
OTND39656459,لجنة الإعدادي,2026-05-29 13:24:05,,True,admin
OTND39656460,لجنة الإعدادي,2026-05-29 13:24:05,,True,admin
OTND39656461,لجنة الإعدادي,2026-05-29 13:24:05,,True,admin
OTND39656462,لجنة الإعدادي,2026-05-29 13:24:05,,True,admin
OTND39656463,لجنة الإعدادي,2026-05-29 13:24:05,,True,admin
OTND39656464,لجنة الإعدادي,2026-05-29 13:24:05,,True,admin
OTND39656465,الأمانة العامة,2026-05-29 13:24:05,,True,admin
OTND39656465,لجنة البراعم,2026-05-29 13:24:05,,True,admin
OTND39656466,لجنة البراعم,2026-05-29 13:24:05,,True,admin
OTND39656467,لجنة البراعم,2026-05-29 13:24:05,,True,admin
OTND39656468,لجنة البراعم,2026-05-29 13:24:05,,True,admin
OTND39656469,لجنة البراعم,2026-05-29 13:24:05,,True,admin
OTND39656470,لجنة البراعم,2026-05-29 13:24:05,,True,admin
OTND39656471,لجنة البراعم,2026-05-29 13:24:05,,True,admin
OTND39656472,الأمانة العامة,2026-05-29 13:30:50,,True,admin
OTND39656472,لجنة العلاقات العامة,2026-05-29 13:30:50,,True,admin
OTND39656473,لجنة العلاقات العامة,2026-05-29 13:30:50,,True,admin
OTND39656474,لجنة العلاقات العامة,2026-05-29 13:30:50,,True,admin
OTND39656475,لجنة العلاقات العامة,2026-05-29 13:30:50,,True,admin
OTND39656476,لجنة العلاقات العامة,2026-05-29 13:30:50,,True,admin
OTND39656477,الأمانة العامة,2026-05-29 13:30:50,,True,admin
OTND39656477,لجنة الابتكار,2026-05-29 13:30:50,,True,admin
OTND39656478,الأمانة العامة,2026-05-29 13:30:50,,True,admin
OTND39656478,لجنة الإعلام,2026-05-29 13:30:50,,True,admin
OTND39656479,لجنة الإعلام,2026-05-29 13:30:50,,True,admin
OTND39656480,لجنة الإعلام,2026-05-29 13:30:50,,True,admin
OTND39656481,لجنة الإعلام,2026-05-29 13:30:50,,True,admin
OTND39656482,لجنة الإعلام,2026-05-29 13:30:50,,True,admin
OTND39656483,لجنة الإعلام,2026-05-29 13:30:50,,True,admin
OTND39656484,لجنة الإعلام,2026-05-29 13:30:50,,True,admin
OTND39656486,الأمانة العامة,2026-05-29 13:36:11,,True,admin
OTND39656486,لجنة التدريب والتطوير,2026-05-29 13:36:11,,True,admin
OTND39656487,لجنة التدريب والتطوير,2026-05-29 13:36:11,,True,admin
OTND39656488,لجنة التدريب والتطوير,2026-05-29 13:36:11,,True,admin
OTND39656489,لجنة التدريب والتطوير,2026-05-29 13:36:11,,True,admin
OTND39656490,الأمانة العامة,2026-05-29 13:36:11,,True,admin
OTND39656490,لجنة الخدمة,2026-05-29 13:36:11,,True,admin
OTND39656491,لجنة الخدمة,2026-05-29 13:36:11,,True,admin
OTND39656492,لجنة الخدمة,2026-05-29 13:36:11,,True,admin
OTND39656493,لجنة الخدمة,2026-05-29 13:36:11,,True,admin
OTND39656494,لجنة الخدمة,2026-05-29 13:36:11,,True,admin
OTND39656495,لجنة الخدمة,2026-05-29 13:36:11,,True,admin
OTND39656496,لجنة الخدمة,2026-05-29 13:36:11,,True,admin
OTND39656497,لجنة الخدمة,2026-05-29 13:36:11,,True,admin
OTND39656498,لجنة الخدمة,2026-05-29 13:36:11,,True,admin
OTND39656499,الفرقة الموسيقيّة JEC Band,2026-05-29 13:36:11,,True,admin
OTND39656499,الأمانة العامة,2026-05-29 13:36:11,,True,admin
OTND39656500,الفرقة الموسيقيّة JEC Band,2026-05-29 13:36:11,,True,admin
OTND39656501,الفرقة الموسيقيّة JEC Band,2026-05-29 13:36:11,,True,admin
OTND39656503,الفرقة الموسيقيّة JEC Band,2026-05-29 13:41:53,,True,admin
OTND39656504,الفرقة الموسيقيّة JEC Band,2026-05-29 13:46:36,,True,admin
OTND39656505,الفرقة الموسيقيّة JEC Band,2026-05-29 13:46:36,,True,admin
OTND39656507,الفرقة الموسيقيّة JEC Band,2026-05-29 13:49:08,,True,admin
OTND39656508,الفرقة الموسيقيّة JEC Band,2026-05-29 13:49:08,,True,admin
OTND39656509,الفرقة الموسيقيّة JEC Band,2026-05-29 13:49:08,,True,admin
OTND39656510,الفرقة الموسيقيّة JEC Band,2026-05-29 13:49:08,,True,admin
OTND39656511,الفرقة الموسيقيّة JEC Band,2026-05-29 13:49:08,,True,admin
OTND39656513,شبيبة ستور,2026-05-29 13:49:08,,True,admin
OTND39656514,شبيبة ستور,2026-05-29 13:49:08,,True,admin
OTND39656516,المسرح,2026-05-29 13:50:15,,True,admin
OTND39656517,عائلات الشبيبة,2026-05-29 13:50:15,,True,admin
OTND39656519,عائلات الشبيبة,2026-05-29 13:51:18,,True,admin
OTND39656520,الاستشارات,2026-05-29 13:51:43,,True,admin
