person_id,jec_year,is_current,responsibility_name,start_date,end_date,youth_group_id,scd_active_from,scd_active_to,scd_currently_active_flag,scd_changed_by_user
2,,False,,,,YG015,2025-01-31 11:12:25,,True,admin
3,2025,False,مسؤول براعم,,,YG023,2025-01-31 11:12:36,,True,admin
4,2025,False,مسؤول إعدادي,,,YG022,2025-01-31 11:12:38,,True,admin
6,2025,False,,,,YG027,2025-01-31 11:12:42,,True,admin
7,2025,False,مسؤول اللجنة الإعلاميّة,,,YG023,2025-01-31 11:12:46,,True,admin
8,2025,False,المسؤول العام,,,YG005,2025-01-31 11:12:47,,True,admin
8,2025,False,مسؤول فئتيّ الجامعيّة والعاملة,,,YG005,2025-01-31 11:12:47,,True,admin
9,,False,,,,YG012,2025-01-31 11:12:50,,True,admin
12,2025,False,مسؤول براعم,,,YG019,2025-01-31 11:12:54,,True,admin
13,,False,,,,YG023,2025-01-31 11:13:00,,True,admin
14,,False,,,,YG012,2025-01-31 11:13:00,,True,admin
22,2025,False,,,,YG012,2025-01-31 11:13:09,,True,admin
23,2025,False,مسؤول براعم,,,YG003,2025-01-31 11:13:09,,True,admin
23,,False,,,,YG003,2025-01-31 11:13:09,,True,admin
24,2025,False,مسؤول فئتيّ الجامعيّة والعاملة,,,YG004,2025-01-31 11:13:12,,True,admin
27,2025,False,,,,YG016,2025-01-31 11:13:13,,True,admin
30,,False,,,,YG015,2025-01-31 11:13:18,,True,admin
32,2025,False,,,,YG003,2025-01-31 11:13:19,,True,admin
33,,False,,,,YG019,2025-01-31 11:13:20,,True,admin
40,2025,False,مسؤول فئة الإعدادي,,,YG007,2025-01-31 11:13:25,,True,admin
44,,False,مسؤول براعم,,,YG016,2025-01-31 11:13:29,,True,admin
47,2025,False,مجلس الإعدادي,,,YG002,2025-01-31 11:13:32,,True,admin
48,2025,False,,,,YG029,2025-01-31 11:13:33,,True,admin
49,2025,False,مسؤول براعم,,,YG016,2025-01-31 11:13:35,,True,admin
50,2025,False,مجلس البراعم,,,YG006,2025-01-31 11:13:36,,True,admin
51,2025,False,مسؤول فئة البراعم,,,YG010,2025-01-31 11:13:36,,True,admin
52,2025,False,مسؤول لجنة الخدمة,,,YG009,2025-01-31 11:13:40,,True,admin
52,2025,False,مجلس البراعم,,,YG009,2025-01-31 11:13:40,,True,admin
53,2025,False,مجلس البراعم,,,YG003,2025-01-31 11:13:41,,True,admin
54,,False,,,,YG007,2025-01-31 11:13:42,,True,admin
55,2025,False,مجلس الثانوي,,,YG009,2025-01-31 11:13:42,,True,admin
57,,False,أمين الصندوق,,,YG010,2025-01-31 11:13:45,,True,admin
58,2025,False,مسؤول فئة البراعم,,,YG027,2025-01-31 11:13:45,,True,admin
61,2025,False,,,,YG027,2025-01-31 11:13:46,,True,admin
62,2025,False,مسؤول فئة الإعدادي,,,YG016,2025-01-31 11:13:48,,True,admin
64,2025,False,مسؤول فئتيّ الإعدادي والثانوي,,,YG020,2025-01-31 11:13:49,,True,admin
65,2025,False,,,,YG009,2025-01-31 11:13:49,,True,admin
68,,False,,,,YG010,2025-01-31 11:13:52,,True,admin
69,2025,False,مجلس البراعم,,,YG022,2025-01-31 11:13:53,,True,admin
70,2025,False,,,,YG022,2025-01-31 11:13:55,,True,admin
72,2025,False,,,,YG016,2025-01-31 11:14:00,,True,admin
74,2025,False,,,,YG016,2025-01-31 11:14:02,,True,admin
79,2025,False,أمين السر,,,YG010,2025-01-31 11:14:11,,True,admin
79,2025,False,مسؤول لجنة الخدمة,,,YG010,2025-01-31 11:14:11,,True,admin
83,2025,False,مسؤول براعم,,,YG016,2025-01-31 11:14:15,,True,admin
88,2025,False,مسؤول فئة الثانوي,,,YG007,2025-01-31 11:14:19,,True,admin
89,2025,False,,,,YG019,2025-01-31 11:14:22,,True,admin
89,,False,,,,YG019,2025-01-31 11:14:22,,True,admin
95,2025,False,مسؤول فئة البراعم,,,YG006,2025-01-31 11:14:27,,True,admin
95,,False,مسؤول فئة البراعم,,,YG006,2025-01-31 11:14:27,,True,admin
96,2025,False,,,,YG007,2025-01-31 11:14:27,,True,admin
99,2025,False,مسؤول فئة الإعدادي,,,YG012,2025-01-31 11:14:29,,True,admin
100,2025,False,مجلس البراعم,,,YG007,2025-01-31 11:14:30,,True,admin
108,,False,مسؤول براعم,,,YG016,2025-01-31 11:14:38,,True,admin
109,2025,False,أمين الصندوق,,,YG003,2025-01-31 11:14:39,,True,admin
109,2025,False,لجنة الخدمة,,,YG003,2025-01-31 11:14:39,,True,admin
111,,False,مسؤول براعم,,,YG010,2025-01-31 11:14:40,,True,admin
114,2025,False,,,,YG027,2025-01-31 11:14:41,,True,admin
115,,False,مجلس البراعم,,,YG003,2025-01-31 11:14:42,,True,admin
116,,False,,,,YG012,2025-01-31 11:14:42,,True,admin
117,2025,False,,,,YG019,2025-01-31 11:14:44,,True,admin
118,2025,False,,,,YG013,2025-01-31 11:14:45,,True,admin
118,,False,,,,YG013,2025-01-31 11:14:45,,True,admin
119,2025,False,لجنة المساندة العامة,,,YG002,2025-01-31 11:14:45,,True,admin
120,2025,False,مسؤول لجنة الخدمة,,,YG016,2025-01-31 11:14:45,,True,admin
122,2025,False,,,,YG012,2025-01-31 11:14:45,,True,admin
123,2025,False,مسؤول براعم,,,YG026,2025-01-31 11:14:47,,True,admin
126,,False,مسؤول براعم,,,YG016,2025-01-31 11:14:47,,True,admin
127,2025,False,نائب المسؤول العام,,,YG006,2025-01-31 11:14:50,,True,admin
129,2025,False,مسؤول اللجنة الإعلاميّة,,,YG016,2025-01-31 11:14:51,,True,admin
130,2025,False,,,,YG003,2025-01-31 11:14:51,,True,admin
130,,False,,,,YG003,2025-01-31 11:14:51,,True,admin
132,2025,False,,,,YG007,2025-01-31 11:14:53,,True,admin
134,2025,False,مسؤول ثانوي,,,YG003,2025-01-31 11:14:54,,True,admin
135,2025,False,مساعد مسؤول,,,YG009,2025-01-31 11:14:54,,True,admin
136,2025,False,مجلس الإعدادي,,,YG022,2025-01-31 11:14:57,,True,admin
142,2025,False,,,,YG010,2025-01-31 11:14:59,,True,admin
144,2025,False,مسؤول اللجنة الإعلاميّة,,,YG010,2025-01-31 11:15:00,,True,admin
144,,False,مسؤول براعم,,,YG010,2025-01-31 11:15:00,,True,admin
146,,False,,,,YG012,2025-01-31 11:15:02,,True,admin
150,2025,False,,,,YG003,2025-01-31 11:15:07,,True,admin
152,,False,مسؤول براعم,,,YG007,2025-01-31 11:15:07,,True,admin
155,2025,False,مسؤول اللجنة الإعلاميّة,,,YG015,2025-01-31 11:15:12,,True,admin
158,2025,False,مجلس البراعم,,,YG007,2025-01-31 11:15:16,,True,admin
158,2025,False,مسؤول فئة الإعدادي,,,YG007,2025-01-31 11:15:16,,True,admin
160,2025,False,مسؤول فئة البراعم,,,YG022,2025-01-31 11:15:17,,True,admin
166,2025,False,,,,YG013,2025-01-31 11:15:27,,True,admin
168,,False,مسؤول فئة البراعم,,,YG016,2025-01-31 11:15:28,,True,admin
170,2025,False,,,,YG011,2025-01-31 11:15:33,,True,admin
172,2025,False,مسؤول ثانوي,,,YG023,2025-01-31 11:15:33,,True,admin
175,,False,مسؤول براعم,,,YG026,2025-01-31 11:15:34,,True,admin
176,2025,False,مسؤول فئة البراعم,,,YG003,2025-01-31 11:15:36,,True,admin
178,2025,False,مسؤول فئة البراعم,,,YG016,2025-01-31 11:15:38,,True,admin
180,,False,مسؤول براعم,,,YG019,2025-01-31 11:15:39,,True,admin
182,2025,False,,,,YG022,2025-01-31 11:15:41,,True,admin
183,2025,False,مسؤول براعم كبرى,,,YG012,2025-01-31 11:15:41,,True,admin
185,,False,,,,YG007,2025-01-31 11:15:44,,True,admin
188,2025,False,اللجنة الإعلاميّة,,,YG003,2025-01-31 11:15:44,,True,admin
189,,False,مسؤول براعم,,,YG024,2025-01-31 11:15:45,,True,admin
191,,False,مسؤول فئتيّ الجامعيّة والعاملة,,,YG023,2025-01-31 11:15:45,,True,admin
192,,False,,,,YG003,2025-01-31 11:15:45,,True,admin
196,2025,False,,,,YG016,2025-01-31 11:15:48,,True,admin
200,2025,False,أمين الصندوق,,,YG030,2025-01-31 11:15:53,,True,admin
201,2026,True,مجلس الإعدادي والثانوي,,,YG021,2026-01-23 15:21:14,,True,admin
202,2025,False,,,,YG003,2025-01-31 11:15:55,,True,admin
208,2025,False,,,,YG010,2025-01-31 11:15:57,,True,admin
209,2025,False,لجنة الخدمة,,,YG003,2025-01-31 11:16:02,,True,admin
210,2025,False,,,,YG026,2025-01-31 11:16:02,,True,admin
212,2025,False,مسؤول فئة البراعم,,,YG023,2025-01-31 11:16:03,,True,admin
213,,False,,,,YG018,2025-01-31 11:16:05,,True,admin
214,2025,False,,,,YG009,2025-01-31 11:16:08,,True,admin
215,,False,,,,YG002,2025-01-31 11:16:10,,True,admin
217,2025,False,,,,YG007,2025-01-31 11:16:12,,True,admin
219,2025,False,,,,YG012,2025-01-31 11:16:13,,True,admin
220,2025,False,,,,YG005,2025-01-31 11:16:14,,True,admin
222,2025,False,,,,YG007,2025-01-31 11:16:15,,True,admin
224,,False,,,,YG015,2025-01-31 11:16:17,,True,admin
224,2024,False,مسؤول فئتيّ الجامعيّة والعاملة,,,YG015,2025-01-31 11:16:17,,True,admin
228,2025,False,مجلس البراعم,,,YG022,2025-01-31 11:16:21,,True,admin
228,,False,مجلس الثانوي,,,YG022,2025-01-31 11:16:21,,True,admin
230,,False,مسؤول براعم,,,YG022,2025-01-31 11:16:24,,True,admin
230,,False,مجلس الجامعيّة والعاملة,,,YG022,2025-01-31 11:16:24,,True,admin
231,2025,False,المسؤول العام,,,YG030,2025-01-31 11:16:25,,True,admin
235,2025,False,لجنة المساندة العامة,,,YG002,2025-01-31 11:16:29,,True,admin
236,2025,False,مسؤول اللجنة الإعلاميّة,,,YG003,2025-01-31 11:16:35,,True,admin
238,2025,False,مجلس البراعم,,,YG010,2025-01-31 11:16:40,,True,admin
239,2025,False,مجلس البراعم,,,YG010,2025-01-31 11:16:41,,True,admin
240,2025,False,مسؤول فئتيّ الجامعيّة والعاملة,,,YG022,2025-01-31 11:16:42,,True,admin
242,2025,False,نائب المسؤول العام,,,YG023,2025-01-31 11:16:44,,True,admin
248,2025,False,,,,YG005,2025-01-31 11:16:52,,True,admin
249,2025,False,,,,YG030,2025-01-31 11:16:52,,True,admin
251,,False,,,,YG024,2025-01-31 11:16:59,,True,admin
252,2025,False,,,,YG004,2025-01-31 11:16:59,,True,admin
255,,False,,,,YG005,2025-01-31 11:17:06,,True,admin
257,,False,,,,YG026,2025-01-31 11:17:09,,True,admin
259,2025,False,,,,YG019,2025-01-31 11:17:11,,True,admin
260,2025,False,,,,YG024,2025-01-31 11:17:12,,True,admin
262,2025,False,مجلس الجامعيّة والعاملة,,,YG003,2025-01-31 11:17:15,,True,admin
265,2025,False,مجلس الإعدادي والثانوي,,,YG006,2025-01-31 11:17:18,,True,admin
266,2025,False,مجلس الجامعيّة والعاملة,,,YG004,2025-01-31 11:17:20,,True,admin
273,2025,False,اللجنة الإعلاميّة,,,YG003,2025-01-31 11:17:45,,True,admin
274,2025,False,مسؤول ثانوي,,,YG002,2025-01-31 11:17:49,,True,admin
274,2025,False,مسؤول الأرشيف,,,YG002,2025-01-31 11:17:49,,True,admin
276,2025,False,أمين الصندوق,,,YG017,2025-01-31 11:18:01,,True,admin
277,2025,False,,,,YG007,2025-01-31 11:18:02,,True,admin
281,2025,False,,,,YG004,2025-01-31 11:18:07,,True,admin
288,2025,False,مسؤول براعم,,,YG002,2025-01-31 11:18:21,,True,admin
289,2025,False,,,,YG002,2025-01-31 11:18:21,,True,admin
290,2025,False,,,,YG003,2025-01-31 11:18:21,,True,admin
292,,False,,,,YG007,2025-01-31 11:18:27,,True,admin
294,2025,False,,,,YG015,2025-01-31 11:18:39,,True,admin
294,,False,,,,YG015,2025-01-31 11:18:39,,True,admin
296,2025,False,اللجنة الإعلاميّة,,,YG003,2025-01-31 11:18:43,,True,admin
299,,False,مجلس البراعم,,,YG009,2025-01-31 11:18:00,,True,admin
301,2025,False,مسؤول اللجنة الاجتماعيّة,,,YG003,2025-01-31 11:19:04,,True,admin
301,2025,False,مسؤول لجنة الخدمة,,,YG003,2025-01-31 11:19:04,,True,admin
304,2025,False,مسؤول براعم,,,YG019,2025-01-31 11:19:17,,True,admin
307,2025,False,مسؤول فئة الثانوي,,,YG014,2025-01-31 11:19:43,,True,admin
307,,False,,,,YG014,2025-01-31 11:19:43,,True,admin
307,,False,,,,YG017,2025-06-27 03:48:35,,True,admin
308,,False,مسؤول براعم,,,YG002,2025-01-31 11:20:06,,True,admin
309,2025,False,مجلس الثانوي,,,YG010,2025-01-31 11:20:08,,True,admin
309,,False,مجلس فئة,,,YG010,2025-01-31 11:20:08,,True,admin
312,2025,False,,,,YG019,2025-01-31 11:20:18,,True,admin
312,,False,,,,YG019,2025-01-31 11:20:18,,True,admin
314,2025,False,مجلس الثانوي,,,YG003,2025-01-31 11:21:51,,True,admin
316,2025,False,,,,YG016,2025-01-31 11:22:46,,True,admin
316,,False,,,,YG016,2025-01-31 11:22:46,,True,admin
322,,False,,,,YG005,2025-01-31 11:26:59,,True,admin
324,,False,,,,YG017,2025-01-31 11:33:32,,True,admin
327,2025,False,لجنة الخدمة,,,YG030,2025-01-31 11:42:11,,True,admin
328,,False,مجلس البراعم,,,YG002,2025-01-31 11:52:23,,True,admin
328,,False,اللجنة الإعلاميّة,,,YG002,2025-01-31 11:52:23,,True,admin
329,2025,False,مسؤول براعم,,,YG016,2025-01-31 11:58:47,,True,admin
329,2025,False,مسؤول الفرقة الموسيقيّة,,,YG016,2025-01-31 11:58:47,,True,admin
333,,False,,,,YG003,2025-01-31 13:33:50,,True,admin
334,,False,,,,YG022,2025-01-31 13:43:41,,True,admin
335,2025,False,,,,YG016,2025-01-31 13:51:54,,True,admin
336,2025,False,,,,YG002,2025-01-31 14:53:31,,True,admin
338,2025,False,مسؤول براعم,,,YG016,2025-01-31 16:01:13,,True,admin
338,,False,مسؤول فئة الإعدادي,,,YG016,2025-01-31 16:01:13,,True,admin
339,2025,False,,,,YG002,2025-01-31 16:17:26,,True,admin
345,2025,False,مسؤول براعم,,,YG002,2025-01-31 17:30:15,,True,admin
346,2025,False,مسؤول فئة البراعم,,,YG016,2025-01-31 17:41:04,,True,admin
355,2025,False,مسؤول فئة الثانوي,,,YG027,2025-01-31 19:39:59,,True,admin
355,,False,مسؤول فئة العاملة,,,YG027,2025-01-31 19:39:59,,True,admin
356,2025,False,المسؤول العام,,,YG027,2025-01-31 19:40:14,,True,admin
357,2025,False,,,,YG027,2025-01-31 19:40:50,,True,admin
369,2025,False,,,,YG024,2025-01-31 20:22:58,,True,admin
373,,False,مسؤول فئة الثانوي,,,YG028,2025-01-31 20:53:11,,True,admin
374,2025,False,اللجنة الإعلاميّة,,,YG005,2025-01-31 20:55:47,,True,admin
374,,False,,,,YG005,2025-01-31 20:55:47,,True,admin
376,2025,False,,,,YG012,2025-01-31 22:08:49,,True,admin
377,2025,False,اللجنة الإعلاميّة,,,YG012,2025-01-31 22:08:55,,True,admin
378,,False,المسؤول العام,,,YG012,2025-01-31 22:12:10,,True,admin
378,,False,مسؤول براعم,,,YG012,2025-01-31 22:12:10,,True,admin
378,,False,مسؤول إعدادي,,,YG012,2025-01-31 22:12:10,,True,admin
378,,False,مسؤول ثانوي,,,YG012,2025-01-31 22:12:10,,True,admin
378,,False,مسؤول جامعيّة وعاملة,,,YG012,2025-01-31 22:12:10,,True,admin
379,,False,,,,YG012,2025-01-31 22:13:50,,True,admin
380,2025,False,,,,YG024,2025-01-31 22:15:40,,True,admin
381,2025,False,مسؤول إعدادي,,,YG012,2025-01-31 22:19:07,,True,admin
382,2025,False,,,,YG012,2025-01-31 22:31:32,,True,admin
382,,False,,,,YG012,2025-01-31 22:31:32,,True,admin
383,,False,,,,YG012,2025-01-31 22:37:46,,True,admin
384,2025,False,,,,YG012,2025-01-31 22:41:24,,True,admin
386,2025,False,مسؤول فئة البراعم الصغرى,,,YG012,2025-01-31 22:46:40,,True,admin
387,2025,False,,,,YG012,2025-01-31 22:49:13,,True,admin
388,,False,مسؤول محطة في النادي الصيفي,,,YG012,2025-01-31 22:56:59,,True,admin
390,,False,,,,YG012,2025-02-01 01:42:53,,True,admin
397,2025,False,مسؤول فئتيّ الجامعيّة والعاملة,,,YG013,2025-02-01 11:35:37,,True,admin
398,2025,False,مسؤول فئة الإعدادي,,,YG013,2025-02-01 11:50:03,,True,admin
402,2025,False,,,,YG009,2025-02-01 12:20:45,,True,admin
409,2025,False,لجنة الخدمة,,,YG009,2025-02-01 12:57:29,,True,admin
409,,False,مجلس الجامعيّة,,,YG009,2025-02-01 12:57:29,,True,admin
411,,False,,,,YG011,2025-02-01 13:14:36,,True,admin
413,2025,False,,,,YG011,2025-02-01 13:23:12,,True,admin
416,2025,False,مجلس الثانوي,,,YG009,2025-02-01 13:38:13,,True,admin
420,,False,,,,YG011,2025-02-01 13:54:41,,True,admin
435,2025,False,مسؤول فئة الإعدادي,,,YG012,2025-02-01 14:18:44,,True,admin
435,,False,مسؤول فئة الإعدادي,,,YG012,2025-02-01 14:18:44,,True,admin
481,2025,False,,,,YG013,2025-02-01 15:26:13,,True,admin
481,,False,,,,YG013,2025-02-01 15:26:13,,True,admin
512,,False,,,,YG017,2025-02-01 17:06:02,,True,admin
514,2025,False,,,,YG009,2025-02-01 17:33:50,,True,admin
557,,False,,,,YG015,2025-02-01 21:13:52,,True,admin
574,,False,,,,YG015,2025-02-01 21:49:58,,True,admin
583,2025,False,أمين الصندوق,,,YG015,2025-02-01 22:38:12,,True,admin
584,2025,False,,,,YG003,2025-02-01 22:39:57,,True,admin
584,,False,,,,YG003,2025-02-01 22:39:57,,True,admin
588,,False,,,,YG003,2025-02-01 22:40:31,,True,admin
601,,False,مجلس البراعم,,,YG003,2025-02-01 23:26:20,,True,admin
603,2025,False,مسؤول اللجنة الاجتماعيّة,,,YG011,2025-02-01 23:45:03,,True,admin
609,,False,,,,YG003,2025-02-02 08:35:34,,True,admin
656,2025,False,مسؤول براعم,,,YG006,2025-02-02 13:39:29,,True,admin
671,2025,False,مسؤول فئة البراعم,,,YG024,2025-02-02 18:10:25,,True,admin
679,2025,False,المسؤول العام,,,YG015,2025-02-03 01:37:51,,True,admin
681,2025,False,نائب المسؤول العام,,,YG022,2025-02-03 12:05:27,,True,admin
681,,False,مسؤول براعم,,,YG022,2025-02-03 12:05:27,,True,admin
681,,False,مسؤول اللجنة الإعلاميّة,,,YG022,2025-02-03 12:05:27,,True,admin
681,,False,مجلس الإعدادي,,,YG022,2025-02-03 12:05:27,,True,admin
681,,False,مسؤول فئة الإعدادي,,,YG022,2025-02-03 12:05:27,,True,admin
701,2025,False,مجلس الإعدادي,,,YG003,2025-02-03 14:01:23,,True,admin
729,2025,False,التنظيم مع الشبيبة,,,YG011,2025-02-03 17:08:31,,True,admin
736,2025,False,التنظيم مع الشبيبة,,,YG011,2025-02-03 18:37:02,,True,admin
741,,False,,,,YG027,2025-02-03 19:32:41,,True,admin
745,2025,False,,,,YG027,2025-02-03 21:57:27,,True,admin
749,2025,False,,,,YG028,2025-02-04 02:39:21,,True,admin
750,,False,مسؤول براعم,,,YG006,2025-02-04 06:00:27,,True,admin
750,,False,أمين الصندوق,,,YG006,2025-02-04 06:00:27,,True,admin
750,,False,نائب المسؤول العام,,,YG006,2025-02-04 06:00:27,,True,admin
761,2025,False,مسؤول فئتيّ الجامعيّة والعاملة,,,YG002,2025-02-04 13:46:24,,True,admin
763,2025,False,مجلس البراعم,,,YG002,2025-02-04 14:04:10,,True,admin
764,2025,False,مسؤول فئة الإعدادي,,,YG002,2025-02-04 14:18:42,,True,admin
764,2025,False,اللجنة الإعلاميّة,,,YG002,2025-02-04 14:18:42,,True,admin
769,,False,مسؤول فئة البراعم الكبرى,,,YG012,2025-02-04 15:30:45,,True,admin
769,,False,مسؤول فئة الثانوي,,,YG012,2025-02-04 15:30:45,,True,admin
771,2025,False,المسؤول العام,,,YG024,2025-02-04 16:45:47,,True,admin
773,2025,False,,,,YG027,2025-02-04 17:41:36,,True,admin
786,,False,,,,YG027,2025-02-04 23:07:49,,True,admin
787,,False,مسؤول إعدادي,,,YG002,2025-02-05 04:51:45,,True,admin
787,,False,مسؤول براعم,,,YG002,2025-02-05 04:51:45,,True,admin
796,,False,,,,YG002,2025-02-05 22:11:19,,True,admin
798,2025,False,,,,YG002,2025-02-05 22:48:37,,True,admin
799,,False,,,,YG012,2025-02-05 23:04:01,,True,admin
801,2025,False,أمين الصندوق,,,YG002,2025-02-06 01:42:19,,True,admin
801,2025,False,مجلس الإعدادي,,,YG002,2025-02-06 01:42:19,,True,admin
807,2025,False,مجلس الإعدادي والثانوي,,,YG006,2025-02-06 15:04:46,,True,admin
812,2025,False,,,,YG002,2025-02-07 13:24:51,,True,admin
815,2025,False,مجلس الإعدادي والثانوي,,,YG006,2025-02-07 14:23:28,,True,admin
815,,False,,,,YG006,2025-02-07 14:23:28,,True,admin
824,,False,,,,YG015,2025-02-08 21:35:45,,True,admin
829,,False,,,,YG015,2025-02-09 10:07:08,,True,admin
835,2025,False,,,,YG011,2025-02-10 11:27:30,,True,admin
836,2025,False,مجلس الثانوي,,,YG010,2025-02-10 13:44:22,,True,admin
847,2025,False,مسؤول اللجنة الروحيّة والمواضيع,,,YG011,2025-02-10 14:45:01,,True,admin
847,2025,False,اللجنة الاجتماعيّة,,,YG011,2025-02-10 14:45:01,,True,admin
847,2025,False,اللجنة الروحيّة,,,YG011,2025-02-10 14:45:01,,True,admin
852,,False,مسؤول براعم,,,YG007,2025-02-10 18:09:33,,True,admin
852,,False,اللجنة الإعلاميّة,,,YG007,2025-02-10 18:09:33,,True,admin
853,,False,,,,YG002,2025-02-10 18:57:32,,True,admin
859,2025,False,اللجنة الإعلاميّة,,,YG016,2025-02-11 11:31:05,,True,admin
860,,False,,,,YG011,2025-02-11 11:32:59,,True,admin
863,2025,False,مسؤول فئتيّ الإعدادي والثانوي,,,YG006,2025-02-12 09:20:17,,True,admin
867,,False,مسؤول فئتيّ الجامعيّة والعاملة,,,YG011,2025-02-12 22:57:23,,True,admin
875,,False,,,,YG009,2025-02-13 16:02:45,,True,admin
878,2025,False,,,,YG009,2025-02-13 18:20:11,,True,admin
968,2025,False,المسؤول العام,,,YG010,2025-02-18 13:33:25,,True,admin
971,,False,,,,YG010,2025-02-18 13:35:20,,True,admin
975,,False,,,,YG010,2025-02-18 13:46:02,,True,admin
977,2025,False,,,,YG010,2025-02-18 13:57:23,,True,admin
978,2025,False,مجلس الإعدادي,,,YG010,2025-02-18 14:04:17,,True,admin
978,,False,مجلس الإعدادي,,,YG010,2025-02-18 14:04:17,,True,admin
979,2025,False,,,,YG010,2025-02-18 14:06:50,,True,admin
980,2025,False,مجلس الإعدادي,,,YG010,2025-02-18 14:26:08,,True,admin
981,,False,مجلس البراعم,,,YG010,2025-02-18 14:56:45,,True,admin
982,,False,,,,YG010,2025-02-18 15:02:57,,True,admin
984,2025,False,مسؤول فئة الإعدادي,,,YG010,2025-02-18 15:07:25,,True,admin
985,,False,,,,YG010,2025-02-18 15:08:05,,True,admin
989,2025,False,,,,YG010,2025-02-18 19:13:12,,True,admin
991,2025,False,مجلس الإعدادي,,,YG010,2025-02-18 19:49:42,,True,admin
1052,,False,,,,YG028,2025-02-20 20:47:40,,True,admin
1057,,False,,,,YG011,2025-02-21 18:26:27,,True,admin
1062,2025,False,,,,YG011,2025-02-21 21:58:35,,True,admin
1064,,False,مسؤول إعدادي,,,YG005,2025-02-21 22:04:16,,True,admin
1064,,False,مجلس الجامعيّة والعاملة,,,YG005,2025-02-21 22:04:16,,True,admin
1064,,False,مسؤول براعم,,,YG005,2025-02-21 22:04:16,,True,admin
1065,2025,False,,,,YG005,2025-02-21 22:07:23,,True,admin
1074,,False,مسؤول براعم,,,YG005,2025-02-22 15:41:13,,True,admin
1120,,False,مسؤول براعم,,,YG002,2025-02-22 23:45:55,,True,admin
1129,,False,مسؤول فئة الإعدادي,,,YG012,2025-02-23 14:49:46,,True,admin
1132,,False,,,,YG012,2025-02-23 14:55:49,,True,admin
1134,,False,,,,YG012,2025-02-23 15:06:49,,True,admin
1135,,False,,,,YG012,2025-02-23 15:12:18,,True,admin
1151,,False,,,,YG012,2025-02-23 17:07:15,,True,admin
1153,2025,False,مسؤول فئة الإعدادي,,,YG022,2025-02-23 17:12:12,,True,admin
1153,,False,,,,YG022,2025-02-23 17:12:12,,True,admin
1157,,False,,,,YG012,2025-02-23 19:27:20,,True,admin
1197,2025,False,,,,YG009,2025-02-24 18:57:34,,True,admin
1199,2025,False,مسؤول فئة البراعم الكبرى,,,YG021,2025-02-24 20:50:30,,True,admin
1222,,False,,,,YG002,2025-02-27 00:16:10,,True,admin
1223,,False,مسؤول في النادي الصيفي,,,YG010,2025-02-27 01:09:45,,True,admin
1225,,False,,,,YG010,2025-02-27 14:19:35,,True,admin
1250,2025,False,مسؤول فئة الثانوي,,,YG016,2025-02-28 19:29:06,,True,admin
1251,2025,False,مسؤول ثانوي,,,YG016,2025-02-28 20:13:47,,True,admin
1259,2025,False,مجلس الثانوي,,,YG022,2025-03-01 16:33:30,,True,admin
1261,,False,,,,YG011,2025-03-01 18:53:40,,True,admin
1265,,False,مسؤول لجنة النشاطات,,,YG011,2025-03-01 19:41:21,,True,admin
1270,2025,False,مسؤول فئة الإعدادي,,,YG023,2025-03-04 11:53:22,,True,admin
1270,,False,مسؤول فئة البراعم,,,YG023,2025-03-04 11:53:22,,True,admin
1271,,False,مسؤول فئة الإعدادي,,,YG003,2025-03-04 12:17:03,,True,admin
1271,,False,مسؤول اللجنة الاجتماعيّة,,,YG003,2025-03-04 12:17:03,,True,admin
1271,,False,مسؤول فئتيّ الجامعيّة والعاملة,,,YG003,2025-03-04 12:17:03,,True,admin
1273,2025,False,,,,YG003,2025-03-04 12:56:36,,True,admin
1276,2025,False,مسؤول فئتيّ الجامعيّة والعاملة,,,YG010,2025-03-04 14:06:58,,True,admin
1279,,False,,,,YG016,2025-03-04 16:24:29,,True,admin
1280,,False,نائب المسؤول العام,,,YG010,2025-03-04 16:42:03,,True,admin
1282,2025,False,مسؤول فئتيّ الإعدادي والثانوي,,,YG026,2025-03-06 20:29:42,,True,admin
1282,2025,False,مسؤول براعم,,,YG026,2025-03-06 20:29:42,,True,admin
1282,2025,False,مسؤول فئتيّ الجامعيّة والعاملة,,,YG026,2025-03-06 20:29:42,,True,admin
1283,2025,False,مسؤول براعم,,,YG026,2025-03-07 11:38:14,,True,admin
1283,2025,False,مسؤول إعدادي وثانوي,,,YG026,2025-03-07 11:38:14,,True,admin
1284,2025,False,,,,YG010,2025-03-07 12:22:09,,True,admin
1285,2025,False,المسؤول العام,,,YG009,2025-03-07 15:32:29,,True,admin
1285,2025,False,مسؤول فئتيّ الجامعيّة والعاملة,,,YG009,2025-03-07 15:32:29,,True,admin
1287,,False,المسؤول العام,,,YG005,2025-03-08 21:44:17,,True,admin
1287,,False,مسؤول فئة العاملة,,,YG005,2025-03-08 21:44:17,,True,admin
1287,,False,مسؤول فئتيّ الجامعيّة والعاملة,,,YG005,2025-03-08 21:44:17,,True,admin
1287,,False,مسؤول فئة الإعدادي,,,YG005,2025-03-08 21:44:17,,True,admin
1288,,False,مسؤول لجنة المواضيع,,,YG011,2025-03-08 23:50:47,,True,admin
1290,2025,False,,,,YG012,2025-03-09 12:51:26,,True,admin
1290,,False,المسؤول العام,,,YG012,2025-03-09 12:51:26,,True,admin
1290,,False,مسؤول فئة الإعدادي,,,YG012,2025-03-09 12:51:26,,True,admin
1291,2025,False,مسؤول فئتيّ الجامعيّة والعاملة,,,YG019,2025-03-09 13:07:10,,True,admin
1292,,False,,,,YG012,2025-03-09 13:10:36,,True,admin
1293,2025,False,مسؤول فئة البراعم,,,YG019,2025-03-09 13:14:30,,True,admin
1304,2025,False,أمين السر,,,YG006,2025-03-09 16:27:11,,True,admin
1304,2025,False,مجلس الجامعيّة,,,YG006,2025-03-09 16:27:11,,True,admin
1306,2025,False,مسؤول فئتيّ الإعدادي والثانوي,,,YG029,2025-03-09 16:38:22,,True,admin
1311,,False,,,,YG028,2025-03-09 22:55:43,,True,admin
1312,2025,False,مسؤول فئة البراعم,,,YG010,2025-03-10 11:49:16,,True,admin
1313,2025,False,,,,YG013,2025-03-10 14:21:12,,True,admin
1316,2025,False,المسؤول العام,,,YG016,2025-03-10 14:30:34,,True,admin
1316,2025,False,مسؤول فئتيّ الجامعيّة والعاملة,,,YG016,2025-03-10 14:30:34,,True,admin
1317,2025,False,مجلس البراعم,,,YG010,2025-03-10 14:41:33,,True,admin
1318,2025,False,مسؤول فئة الثانوي,,,YG016,2025-03-10 15:20:29,,True,admin
1359,2025,False,مسؤول فئة الثانوي,,,YG028,2025-03-10 17:14:56,,True,admin
1363,2025,False,,,,YG016,2025-03-10 17:40:05,,True,admin
1363,,False,,,,YG016,2025-03-10 17:40:05,,True,admin
1364,2025,False,مسؤول براعم,,,YG005,2025-03-10 17:49:24,,True,admin
1369,,False,مسؤول براعم,,,YG016,2025-03-10 19:44:44,,True,admin
1369,,False,مسؤول إعدادي,,,YG016,2025-03-10 19:44:44,,True,admin
1369,,False,مسؤول ثانوي,,,YG016,2025-03-10 19:44:44,,True,admin
1369,,False,مسؤول جامعيّة وعاملة,,,YG016,2025-03-10 19:44:44,,True,admin
1372,2025,False,,,,YG010,2025-03-10 20:07:45,,True,admin
1373,2025,False,المسؤول العام,,,YG026,2025-03-10 20:38:24,,True,admin
1373,2025,False,مسؤول فئتيّ الجامعيّة والعاملة,,,YG026,2025-03-10 20:38:24,,True,admin
1373,,False,مسؤول براعم,,,YG026,2025-03-10 20:38:24,,True,admin
1373,,False,مسؤول إعدادي وثانوي,,,YG026,2025-03-10 20:38:24,,True,admin
1374,2025,False,,,,YG026,2025-03-10 20:49:50,,True,admin
1375,2025,False,,,,YG026,2025-03-10 20:49:53,,True,admin
1376,2025,False,,,,YG026,2025-03-10 20:59:12,,True,admin
1380,2025,False,,,,YG026,2025-03-10 21:50:04,,True,admin
1383,,False,,,,YG016,2025-03-11 00:22:11,,True,admin
1384,2025,False,مسؤول اللجنة الإعلاميّة,,,YG026,2025-03-11 01:56:17,,True,admin
1384,2025,False,مسؤول فئة البراعم,,,YG026,2025-03-11 01:56:17,,True,admin
1384,2025,False,مسؤول فئة الثانوي,,,YG026,2025-03-11 01:56:17,,True,admin
1386,2025,False,,,,YG026,2025-03-11 07:47:29,,True,admin
1387,2025,False,مسؤول اللجنة الإعلاميّة,,,YG023,2025-03-11 10:15:20,,True,admin
1390,2025,False,المسؤول العام,,,YG022,2025-03-11 10:48:01,,True,admin
1392,2025,False,مسؤول اللجنة الإعلاميّة,,,YG022,2025-03-11 10:54:29,,True,admin
1392,2025,False,مجلس الجامعيّة,,,YG022,2025-03-11 10:54:29,,True,admin
1394,2025,False,مجلس الإعدادي,,,YG022,2025-03-11 10:56:57,,True,admin
1395,2025,False,,,,YG022,2025-03-11 10:57:56,,True,admin
1396,2025,False,,,,YG022,2025-03-11 10:58:50,,True,admin
1397,2025,False,مسؤول العلاقات العامة والتطوير,,,YG022,2025-03-11 11:04:16,,True,admin
1410,,False,مسؤول براعم,,,YG022,2025-03-11 11:59:42,,True,admin
1416,2025,False,,,,YG023,2025-03-11 13:44:35,,True,admin
1417,2025,False,,,,YG023,2025-03-11 13:45:03,,True,admin
1419,2025,False,,,,YG022,2025-03-11 14:07:21,,True,admin
1438,2025,False,,,,YG022,2025-03-11 16:22:36,,True,admin
1440,2025,False,لجنة الخدمة,,,YG009,2025-03-11 16:45:09,,True,admin
1440,,False,لجنة الخدمة,,,YG009,2025-03-11 16:45:09,,True,admin
1445,2025,False,مسؤول فئة البراعم,,,YG023,2025-03-11 20:18:08,,True,admin
1445,,False,مسؤول براعم,,,YG023,2025-03-11 20:18:08,,True,admin
1463,2025,False,لجنة الخدمة,,,YG026,2025-03-12 16:48:29,,True,admin
1492,2025,False,,,,YG028,2025-03-12 23:50:48,,True,admin
1494,2025,False,مسؤول فئة الجامعيّة,,,YG028,2025-03-13 00:29:53,,True,admin
1498,2025,False,,,,YG019,2025-03-13 12:19:35,,True,admin
1499,2025,False,,,,YG028,2025-03-13 12:21:13,,True,admin
1500,2025,False,مسؤول براعم,,,YG019,2025-03-13 12:31:45,,True,admin
1502,2025,False,,,,YG019,2025-03-13 12:56:42,,True,admin
1502,,False,,,,YG019,2025-03-13 12:56:42,,True,admin
1503,,False,,,,YG019,2025-03-13 13:13:03,,True,admin
1564,2025,False,مسؤول فئة البراعم,,,YG016,2025-03-14 10:04:26,,True,admin
1565,2025,False,اللجنة الإعلاميّة,,,YG030,2025-03-14 10:40:55,,True,admin
1571,,False,,,,YG015,2025-03-14 16:35:14,,True,admin
1572,2025,False,معلم في التعليم المسيحي,,,YG014,2025-03-14 16:40:01,,True,admin
1573,,False,,,,YG014,2025-03-14 16:40:39,,True,admin
1576,2025,False,مسؤول منطقة,,,YG014,2025-03-14 16:48:31,,True,admin
1583,,False,,,,YG014,2025-03-14 18:09:08,,True,admin
1586,2025,False,,,,YG009,2025-03-14 21:25:50,,True,admin
1586,,False,,,,YG009,2025-03-14 21:25:50,,True,admin
1590,2026,True,مسؤول براعم,,,YG019,2025-03-14 22:58:48,,True,admin
1591,2025,False,,,,YG012,2025-03-14 23:26:22,,True,admin
1596,,False,,,,YG014,2025-03-15 12:24:01,,True,admin
1598,2025,False,مسؤول فئة البراعم,,,YG007,2025-03-15 14:37:03,,True,admin
1598,,False,مسؤول فئة الجامعيّة,,,YG007,2025-03-15 14:37:03,,True,admin
1634,2025,False,مجلس البراعم,,,YG010,2025-03-15 23:00:31,,True,admin
1651,2025,False,,,,YG016,2025-03-16 12:02:12,,True,admin
1652,2025,False,,,,YG016,2025-03-16 12:19:30,,True,admin
1653,2025,False,,,,YG014,2025-03-16 13:00:31,,True,admin
1655,2025,False,مسؤول فئة البراعم,,,YG016,2025-03-16 13:21:01,,True,admin
1657,2025,False,مسؤول فئتيّ الإعدادي والثانوي,,,YG019,2025-03-16 14:21:46,,True,admin
1663,2025,False,مسؤول براعم,,,YG019,2025-03-16 14:40:41,,True,admin
1669,2025,False,,,,YG014,2025-03-16 14:48:05,,True,admin
1743,,False,,,,YG011,2025-03-17 07:46:58,,True,admin
1766,2025,False,مسؤول براعم,,,YG029,2025-03-17 18:44:42,,True,admin
1789,2025,False,,,,YG007,2025-03-18 01:39:10,,True,admin
1812,,False,,,,YG022,2025-03-18 11:25:12,,True,admin
1828,,False,,,,YG016,2025-03-19 13:37:52,,True,admin
1829,2025,False,,,,YG016,2025-03-19 14:17:39,,True,admin
1840,2025,False,اللجنة الإعلاميّة,,,YG016,2025-03-19 18:15:50,,True,admin
1843,2025,False,,,,YG016,2025-03-19 23:48:38,,True,admin
1845,,False,,,,YG016,2025-03-20 11:41:34,,True,admin
1846,,False,,,,YG023,2025-03-20 12:20:37,,True,admin
1847,,False,,,,YG023,2025-03-20 12:22:27,,True,admin
1848,2025,False,,,,YG023,2025-03-20 12:23:49,,True,admin
1849,,False,,,,YG023,2025-03-20 12:25:24,,True,admin
1859,2025,False,,,,YG014,2025-03-20 15:37:58,,True,admin
1924,,False,مسؤول براعم,,,YG023,2025-03-20 23:30:35,,True,admin
1937,,False,,,,YG022,2025-03-21 18:47:34,,True,admin
1990,2025,False,مسؤول فئة الثانوي,,,YG010,2025-03-22 19:26:40,,True,admin
1998,2025,False,,,,YG026,2025-03-22 20:03:10,,True,admin
2008,,False,منظم رحلات,,,YG014,2025-03-22 20:53:15,,True,admin
2012,,False,,,,YG015,2025-03-22 22:09:35,,True,admin
2017,2021,False,مسؤول براعم,,,YG010,2025-03-22 23:50:18,,True,admin
2024,2025,False,مسؤول براعم,,,YG026,2025-03-23 22:21:34,,True,admin
2024,2025,False,مسؤول إعدادي وثانوي,,,YG026,2025-03-23 22:21:34,,True,admin
2027,2025,False,,,,YG029,2025-03-24 17:30:35,,True,admin
2104,,False,مسؤول براعم,,,YG007,2025-03-28 23:22:24,,True,admin
2115,2025,False,,,,YG019,2025-03-29 12:47:51,,True,admin
2221,,False,,,,YG023,2025-04-03 11:20:40,,True,admin
2222,,False,,,,YG023,2025-04-03 11:22:31,,True,admin
2222,,False,,,,YG020,2025-06-16 18:07:13,,True,admin
2269,2025,False,نائب المسؤول العام,,,YG021,2025-04-18 19:52:40,,True,admin
2270,2025,False,,,,YG022,2025-04-18 23:45:23,,True,admin
2270,,False,,,,YG022,2025-04-18 23:45:23,,True,admin
2300,2025,False,مسؤول براعم,,,YG023,2025-04-26 14:11:38,,True,admin
2301,,False,,,,YG003,2025-04-27 12:39:08,,True,admin
2305,,False,مجلس الثانوي,,,YG023,2025-04-28 19:10:37,,True,admin
2371,2025,False,اللجنة الإعلاميّة,,,YG006,2025-05-07 15:45:48,,True,admin
2372,,False,مسؤول لجنة الخدمة,,,YG006,2025-05-07 22:17:27,,True,admin
2450,2025,False,مسؤول إعدادي وثانوي,,,YG025,2025-05-28 10:05:22,,True,admin
2458,,False,,,,YG025,2025-05-28 17:33:09,,True,admin
2459,2025,False,,,,YG025,2025-05-28 17:41:02,,True,admin
2460,2025,False,,,,YG025,2025-05-28 17:47:09,,True,admin
2520,2025,False,,,,YG020,2025-06-16 17:21:49,,True,admin
2521,2025,False,,,,YG020,2025-06-16 17:23:20,,True,admin
2524,2025,False,مساعد في الفئات الصغرى,,,YG020,2025-06-16 18:11:59,,True,admin
2525,,False,,,,YG020,2025-06-16 18:15:35,,True,admin
2527,,False,مسؤول براعم,,,YG020,2025-06-16 18:52:45,,True,admin
2527,,False,مسؤول إعدادي وثانوي,,,YG020,2025-06-16 18:52:45,,True,admin
2528,,False,مسؤول براعم,,,YG020,2025-06-16 19:05:35,,True,admin
2530,,False,مسؤول براعم,,,YG020,2025-06-18 17:03:38,,True,admin
2530,,False,مسؤول إعدادي وثانوي,,,YG020,2025-06-18 17:03:38,,True,admin
2531,,False,,,,YG023,2025-06-18 21:13:55,,True,admin
2538,,False,,,,YG023,2025-06-19 16:33:51,,True,admin
2538,,False,,,,YG027,2025-11-04 00:07:41,,True,admin
2544,,False,,,,YG023,2025-06-24 15:39:04,,True,admin
2552,,False,مسؤول فئة الإعدادي,,,YG020,2025-06-25 12:59:08,,True,admin
2554,,False,,,,YG017,2025-06-26 10:01:07,,True,admin
2555,,False,,,,YG017,2025-06-26 10:52:14,,True,admin
2649,,False,مجلس البراعم,,,YG005,2025-09-15 21:57:49,,True,admin
2716,2025,False,مجلس البراعم,,,YG005,2025-10-28 21:22:24,,True,admin
2738,2025,False,مجلس الجامعيّة والعاملة,,,YG022,2025-10-31 16:01:21,,True,admin
2744,2025,False,مسؤول براعم,,,YG022,2025-10-31 20:58:23,,True,admin
2744,,False,,,,YG022,2025-10-31 20:58:23,,True,admin
2756,,False,,,,YG027,2025-11-01 12:53:22,,True,admin
2812,2025,False,,,,YG028,2025-11-01 17:44:14,,True,admin
2832,2025,False,,,,YG022,2025-11-02 09:06:38,,True,admin
2832,,False,,,,YG022,2025-11-02 09:06:38,,True,admin
2839,2025,False,,,,YG026,2025-11-02 15:45:41,,True,admin
2842,,False,مسؤول فئة البراعم,,,YG026,2025-11-02 15:49:59,,True,admin
2874,,False,,,,YG019,2025-11-04 00:17:50,,True,admin
2886,,False,,,,YG019,2025-11-04 13:36:14,,True,admin
2895,2025,False,,,,YG029,2025-11-05 07:31:11,,True,admin
2918,,False,,,,YG024,2025-11-05 15:13:06,,True,admin
2919,,False,,,,YG024,2025-11-05 19:24:23,,True,admin
2922,,False,,,,YG024,2025-11-05 21:21:05,,True,admin
2924,2025,False,,,,YG018,2025-11-06 20:13:22,,True,admin
3008,2026,True,مسؤول لجنة الخدمة,,,YG016,2026-01-23 12:21:47,,True,admin
3009,2026,True,,,,YG004,2026-01-23 12:38:16,,True,admin
3014,2026,True,,,,YG021,2026-01-23 15:17:51,,True,admin
3015,2026,True,,,,YG024,2026-01-23 16:47:13,,True,admin
3018,2026,True,اللجنة الروحيّة,,,YG011,2026-01-23 20:05:22,,True,admin
3027,,False,مسؤول براعم,,,YG002,2026-01-24 16:26:57,,True,admin
3042,,False,,,,YG007,2026-01-24 22:05:52,,True,admin
3043,,False,,,,YG007,2026-01-24 22:36:22,,True,admin
3044,2026,True,مسؤول براعم,,,YG009,2026-01-24 23:16:10,,True,admin
3048,,False,,,,YG024,2026-01-25 11:47:17,,True,admin
3063,,False,,,,YG027,2026-01-25 17:12:32,,True,admin
3067,,False,,,,YG023,2026-01-25 22:47:05,,True,admin
3068,,False,,,,YG023,2026-01-25 22:51:28,,True,admin
3070,2026,True,مسؤول فئة البراعم,,,YG025,2026-01-26 13:57:47,,True,admin
3071,2026,True,نائب المسؤول العام,,,YG025,2026-01-26 14:16:17,,True,admin
3076,,False,,,,YG003,2026-01-26 16:26:28,,True,admin
3082,,False,,,,YG025,2026-01-26 19:07:22,,True,admin
3083,,False,اللجنة الفنيّة,,,YG003,2026-01-26 19:09:21,,True,admin
3087,2026,True,,,,YG006,2026-01-27 07:47:13,,True,admin
805,,False,المسؤول العام,,,YG002,2025-02-06 13:23:06,,True,admin
805,,False,أمين الصندوق,,,YG002,2025-02-06 13:23:06,,True,admin
805,,False,أمين السر,,,YG002,2025-02-06 13:23:06,,True,admin
805,,False,مجلس البراعم,,,YG002,2025-02-06 13:23:06,,True,admin
805,,False,مجلس الإعدادي,,,YG002,2025-02-06 13:23:06,,True,admin
805,,False,مسؤول فئة الثانوي,,,YG002,2025-02-06 13:23:06,,True,admin
805,,False,مسؤول فئتيّ الجامعيّة والعاملة,,,YG002,2025-02-06 13:23:06,,True,admin
805,,False,مجلس الجامعيّة والعاملة,,,YG002,2025-02-06 13:23:06,,True,admin
805,,False,مسؤول الأرشيف,,,YG002,2025-02-06 13:23:06,,True,admin
1255,2025,False,,,,YG022,2025-03-01 14:25:20,,True,admin
271,2025,False,مسؤول فئتيّ الجامعيّة والعاملة,,,YG015,2025-01-31 11:17:40,,True,admin
2912,,False,,,,YG024,2025-11-05 12:50:56,,True,admin
245,2025,False,أمين السر,,,YG015,2025-01-31 11:16:48,,True,admin
245,,False,مسؤول فئتيّ الجامعيّة والعاملة,,,YG015,2025-01-31 11:16:48,,True,admin
1281,,False,مسؤول براعم,,,YG002,2025-03-05 08:22:07,,True,admin
1281,,False,مسؤول فئة الإعدادي,,,YG002,2025-03-05 08:22:07,,True,admin
1281,,False,مسؤول فئة الثانوي,,,YG002,2025-03-05 08:22:07,,True,admin
1253,,False,,,,YG012,2025-03-01 12:50:05,,True,admin
1272,,False,,,,YG024,2025-03-04 12:51:54,,True,admin
254,2025,False,اللجنة الإعلاميّة,,,YG006,2025-01-31 11:17:01,,True,admin
680,2025,False,مسؤول اللجنة الإعلاميّة,,,YG006,2025-02-03 02:09:11,,True,admin
1391,2025,False,مجلس البراعم,,,YG022,2025-03-11 10:52:37,,True,admin
1391,2025,False,مسؤول اللجنة الفنيّة,,,YG022,2025-03-11 10:52:37,,True,admin
1391,2024,False,مجلس البراعم,,,YG022,2025-03-11 10:52:37,,True,admin
1391,2024,False,أمين الصندوق,,,YG022,2025-03-11 10:52:37,,True,admin
1126,2025,False,المسؤول العام,,,YG006,2025-02-23 14:17:18,,True,admin
0,,False,,,,YG005,2025-01-31 11:12:11,,True,admin
1405,,False,مسؤول جامعيّة,,,YG008,2026-05-25 19:02:52,,True,admin
1405,,False,مسؤول إعدادي,,,YG008,2026-05-25 19:02:52,,True,admin
1833,,False,,,,YG016,2025-03-19 15:15:48,,True,admin
194,2025,False,,,,YG014,2025-01-31 11:15:47,,True,admin
71,2025,False,,,,YG002,2025-01-31 11:13:56,,True,admin
71,,False,,,,YG023,2025-03-20 12:24:29,,True,admin
412,2025,False,,,,YG011,2025-02-01 13:19:33,,True,admin
43,,False,,,,YG023,2025-01-31 11:13:28,,True,admin
258,2025,False,مسؤول فئة البراعم,,,YG003,2025-01-31 11:17:10,,True,admin
258,,False,,,,YG003,2025-01-31 11:17:10,,True,admin
1274,,False,,,,YG014,2025-03-04 13:01:58,,True,admin
1621,2025,False,المسؤول العام,,,YG007,2025-03-15 20:14:08,,True,admin
1621,2025,False,مسؤول فئتيّ الجامعيّة والعاملة,,,YG007,2025-03-15 20:14:08,,True,admin
81,,False,,,,YG016,2025-01-31 11:14:13,,True,admin
66,,False,اللجنة الإعلاميّة,,,YG016,2025-01-31 11:13:50,,True,admin
498,2025,False,مجلس الشبيبة,,,YG011,2025-02-01 16:05:19,,True,admin
498,2025,False,مسؤول لجنة النشاطات,,,YG011,2025-02-01 16:05:19,,True,admin
1851,,False,,,,YG023,2025-03-20 12:51:00,,True,admin
590,2025,False,مسؤول فئة الثانوي,,,YG003,2025-02-01 22:43:40,,True,admin
105,,False,,,,YG005,2025-01-31 11:14:35,,True,admin
101,2025,False,مسؤول فئة الإعدادي,,,YG003,2025-01-31 11:14:32,,True,admin
98,2025,False,مجلس الجامعيّة والعاملة,,,YG005,2025-01-31 11:14:28,,True,admin
128,2025,False,مجلس الجامعيّة والعاملة,,,YG005,2025-01-31 11:14:50,,True,admin
1310,2025,False,مجلس الجامعيّة والعاملة,,,YG003,2025-03-09 22:09:10,,True,admin
77,2025,False,مسؤول براعم,,,YG019,2025-01-31 11:14:09,,True,admin
110,2025,False,مسؤول فئتيّ الجامعيّة والعاملة,,,YG016,2025-01-31 11:14:39,,True,admin
167,,False,,,,YG011,2025-01-31 11:15:27,,True,admin
480,2025,False,المسؤول العام,,,YG017,2025-02-01 15:25:08,,True,admin
480,2025,False,مسؤول فئتيّ الجامعيّة والعاملة,,,YG017,2025-02-01 15:25:08,,True,admin
195,2025,False,,,,YG023,2025-01-31 11:15:47,,True,admin
272,2025,False,,,,YG014,2025-01-31 11:17:41,,True,admin
298,2025,False,المسؤول العام,,,YG011,2025-01-31 11:18:44,,True,admin
221,2025,False,,,,YG023,2025-01-31 11:16:14,,True,admin
91,2025,False,مسؤول لجنة الخدمة,,,YG017,2025-01-31 11:14:25,,True,admin
264,2025,False,,,,YG003,2025-01-31 11:17:17,,True,admin
1855,2025,False,لجنة الخدمة,,,YG023,2025-03-20 14:44:03,,True,admin
145,2025,False,مسؤول فئة العاملة,,,YG006,2025-01-31 11:15:01,,True,admin
310,2025,False,,,,YG014,2025-01-31 11:20:08,,True,admin
137,,False,,,,YG005,2025-01-31 11:14:57,,True,admin
263,2024,False,مسؤول فئة البراعم,,,YG005,2025-01-31 11:17:16,,True,admin
263,2025,False,مجلس البراعم,,,YG005,2025-01-31 11:17:16,,True,admin
611,2025,False,,,,YG006,2025-02-02 10:18:23,,True,admin
1547,,False,,,,YG026,2025-03-14 09:05:49,,True,admin
705,2025,False,مسؤول فئة الجامعيّة,,,YG006,2025-02-03 14:23:56,,True,admin
705,2024,False,,,,YG006,2025-02-03 14:23:56,,True,admin
186,2025,False,,,,YG007,2025-01-31 11:15:44,,True,admin
1427,,False,,,,YG022,2025-03-11 15:01:54,,True,admin
1649,2025,False,,,,YG001,2025-03-16 09:34:01,,True,admin
1649,2024,False,,,,YG001,2025-03-16 09:34:01,,True,admin
1245,2025,False,مجلس الثانوي,,,YG007,2025-02-28 03:21:59,,True,admin
1245,2024,False,,,,YG007,2025-02-28 03:21:59,,True,admin
1582,2025,False,,,,YG014,2025-03-14 17:26:25,,True,admin
293,2025,False,,,,YG003,2025-01-31 11:18:33,,True,admin
293,2024,False,اللجنة الإعلاميّة,,,YG003,2025-01-31 11:18:33,,True,admin
538,2024,False,,,,YG022,2025-02-01 20:49:57,,True,admin
541,2024,False,,,,YG022,2025-02-01 20:51:51,,True,admin
612,,False,,,,YG022,2025-02-02 10:19:52,,True,admin
233,2025,False,نائب المسؤول العام,,,YG022,2025-01-31 11:16:28,,True,admin
233,2024,False,مسؤول فئة البراعم,,,YG022,2025-01-31 11:16:28,,True,admin
223,2024,False,مجلس البراعم,,,YG022,2025-01-31 11:16:16,,True,admin
223,2024,False,مسؤول اللجنة الإعلاميّة,,,YG022,2025-01-31 11:16:16,,True,admin
1400,2024,False,مجلس البراعم,,,YG022,2025-03-11 11:25:56,,True,admin
1400,2024,False,مسؤول لجنة الخدمة,,,YG022,2025-03-11 11:25:56,,True,admin
241,2025,False,,,,YG022,2025-01-31 11:16:43,,True,admin
241,2024,False,مسؤول براعم,,,YG022,2025-01-31 11:16:43,,True,admin
1256,2025,False,مسؤول ثانوي,,,YG022,2025-03-01 14:46:42,,True,admin
1256,,False,مسؤول براعم,,,YG022,2025-03-01 14:46:42,,True,admin
762,2025,False,,,,YG002,2025-02-04 13:52:51,,True,admin
1466,,False,,,,YG019,2025-03-12 17:46:20,,True,admin
540,2024,False,مسؤول براعم,,,YG022,2025-02-01 20:50:47,,True,admin
529,2024,False,مسؤول براعم,,,YG022,2025-02-01 20:43:43,,True,admin
529,2024,False,اللجنة الفنيّة,,,YG022,2025-02-01 20:43:43,,True,admin
542,,False,,,,YG022,2025-02-01 20:56:13,,True,admin
966,2025,False,,,,YG010,2025-02-18 13:31:59,,True,admin
966,2024,False,,,,YG010,2025-02-18 13:31:59,,True,admin
124,,False,مسؤول براعم,,,YG005,2025-01-31 11:14:47,,True,admin
124,2024,False,مسؤول براعم,,,YG005,2025-01-31 11:14:47,,True,admin
1622,2025,False,,,,YG007,2025-03-15 20:32:02,,True,admin
1622,2024,False,مسؤول فئة الثانوي,,,YG007,2025-03-15 20:32:02,,True,admin
791,2025,False,مجلس البراعم,,,YG006,2025-02-05 17:12:40,,True,admin
791,,False,مجلس الجامعيّة,,,YG006,2025-02-05 17:12:40,,True,admin
791,2024,False,مجلس البراعم,,,YG006,2025-02-05 17:12:40,,True,admin
278,2025,False,لجنة الخدمة,,,YG003,2025-01-31 11:18:02,,True,admin
278,2022,False,مسؤول فئة البراعم,,,YG003,2025-01-31 11:18:02,,True,admin
278,2023,False,مسؤول فئة البراعم,,,YG003,2025-01-31 11:18:02,,True,admin
278,2024,False,مسؤول فئة البراعم,,,YG003,2025-01-31 11:18:02,,True,admin
1569,2025,False,,,,YG030,2025-03-14 12:41:23,,True,admin
59,2025,False,,,,YG004,2025-01-31 11:13:46,,True,admin
59,2024,False,مسؤول اللجنة الإعلاميّة,,,YG004,2025-01-31 11:13:46,,True,admin
267,2025,False,نائب المسؤول العام,,,YG003,2025-01-31 11:17:21,,True,admin
267,2024,False,مسؤول فئتيّ الجامعيّة والعاملة,,,YG003,2025-01-31 11:17:21,,True,admin
1314,2025,False,مسؤول فئة الإعدادي,,,YG016,2025-03-10 14:23:29,,True,admin
1314,,False,مسؤول إعدادي,,,YG016,2025-03-10 14:23:29,,True,admin
1314,,False,مسؤول براعم,,,YG016,2025-03-10 14:23:29,,True,admin
400,2025,False,,,,YG009,2025-02-01 12:13:29,,True,admin
400,2024,False,,,,YG009,2025-02-01 12:13:29,,True,admin
587,2025,False,مسؤول اللجنة الفنيّة,,,YG003,2025-02-01 22:40:21,,True,admin
203,2025,False,مسؤول لجنة الخدمة,,,YG022,2025-01-31 11:15:55,,True,admin
203,2025,False,مجلس الثانوي,,,YG022,2025-01-31 11:15:55,,True,admin
204,2025,False,,,,YG027,2025-01-31 11:15:55,,True,admin
313,2025,False,مسؤول اللجنة الروحيّة,,,YG011,2025-01-31 11:21:26,,True,admin
313,2025,False,نائب المسؤول العام,,,YG011,2025-01-31 11:21:26,,True,admin
269,,False,,,,YG027,2025-01-31 11:17:34,,True,admin
1232,,False,,,,YG023,2025-02-27 18:03:13,,True,admin
253,2025,False,,,,YG030,2025-01-31 11:17:01,,True,admin
253,,False,,,,YG030,2025-01-31 11:17:01,,True,admin
206,,False,,,,YG007,2025-01-31 11:15:57,,True,admin
3032,,False,,,,YG002,2026-01-24 17:45:48,,True,admin
1347,,False,,,,YG011,2025-03-10 15:59:32,,True,admin
3159,,False,,,,YG006,2024-02-28 23:04:44,,True,admin
918,,False,مسؤول جامعيّة وعاملة,,,YG008,2025-02-16 15:32:27,,True,admin
721,,False,,,,YG022,2025-02-03 15:57:39,,True,admin
138,2025,False,,,,YG019,2025-01-31 11:14:58,,True,admin
138,2024,False,,,,YG019,2025-01-31 11:14:58,,True,admin
3161,2024,False,,,,YG022,2024-04-15 19:59:12,,True,admin
592,2024,False,,,,YG022,2025-02-01 22:58:19,,True,admin
232,2025,False,مجلس البراعم,,,YG022,2025-01-31 11:16:27,,True,admin
232,2025,False,اللجنة الإعلاميّة,,,YG022,2025-01-31 11:16:27,,True,admin
232,2024,False,مسؤول براعم,,,YG022,2025-01-31 11:16:27,,True,admin
674,2024,False,,,,YG022,2025-02-02 21:06:35,,True,admin
1442,,False,,,,YG022,2025-03-11 17:50:00,,True,admin
3164,2024,False,مسؤول براعم,,,YG022,2024-04-15 20:11:25,,True,admin
2537,2025,False,,,,YG023,2025-06-19 15:42:54,,True,admin
3077,2026,True,,,,YG003,2026-01-26 16:51:49,,True,admin
1399,,False,عضو مجلس,,,YG022,2025-03-11 11:15:24,,True,admin
1399,2024,False,,,,YG022,2025-03-11 11:15:24,,True,admin
948,2022,False,مسؤول فئة البراعم,2021-09-01,2022-08-31,YG022,2025-02-17 13:17:50,,True,admin
948,2022,False,نائب المسؤول العام,2021-09-01,2022-08-31,YG022,2025-02-17 13:17:50,,True,admin
948,2026,False,مسؤول فئة البراعم,2025-08-20,2025-11-16,YG022,2025-02-17 13:17:50,,True,admin
948,2026,False,المسؤول العام,2025-11-17,2025-12-23,YG022,2025-02-17 13:17:50,,True,admin
948,2021,False,مجلس البراعم,2020-09-01,2021-08-31,YG022,2025-02-17 13:17:50,,True,admin
948,2020,False,مسؤول براعم,2019-09-01,2020-08-31,YG022,2025-02-17 13:17:50,,True,admin
948,2019,False,مسؤول براعم,2018-09-01,2019-08-31,YG022,2025-02-17 13:17:50,,True,admin
948,2018,False,مسؤول براعم,2018-05-01,2018-08-31,YG022,2025-02-17 13:17:50,,True,admin
948,2022,False,أمين السر,2021-09-01,2022-08-31,YG022,2025-02-17 13:17:50,,True,admin
988,,False,مسؤول في النادي الصيفي,,,YG010,2026-05-27 19:49:48,,True,admin
988,,False,,,,YG010,2026-05-27 19:49:48,,True,admin
177,2025,False,مسؤول فئتيّ الجامعيّة والعاملة,,,YG002,2026-05-27 20:33:42,,True,admin
177,,False,مسؤول براعم,,,YG002,2026-05-27 20:33:42,,True,admin
177,,False,مسؤول الأرشيف,,,YG002,2026-05-27 20:33:42,,True,admin
177,,False,لجنة الخدمة,,,YG002,2026-05-27 20:33:42,,True,admin
3188,,False,مسؤول فئتيّ الجامعيّة والعاملة,,,,2026-05-29 13:40:34,,True,admin
25,2025,False,نائب المسؤول العام,,,YG005,2026-05-29 15:04:00,,True,admin
363,2025,False,مسؤول فئة الجامعيّة,,,YG027,2026-05-29 15:09:20,,True,admin
148,2025,False,مجلس الجامعيّة والعاملة,,,YG009,2026-05-29 15:10:19,,True,admin
141,2025,False,المسؤول العام,,,YG012,2026-05-29 15:11:40,,True,admin
141,,False,مسؤول فئة الإعدادي,,,YG012,2026-05-29 15:11:40,,True,admin
141,2025,False,أمين الصندوق,,,YG012,2026-05-29 15:11:40,,True,admin
16,2025,False,مسؤول فئتيّ الإعدادي والثانوي,,,YG021,2026-05-29 15:12:23,,True,admin
94,2025,False,مسؤول فئة الإعدادي,,,YG027,2026-05-29 15:12:50,,True,admin
594,2025,False,أمين السر,,,YG003,2026-05-29 15:13:28,,True,admin
449,2025,False,مسؤول فئة البراعم,,,YG009,2026-05-29 15:14:22,,True,admin
449,2025,False,نائب المسؤول العام,,,YG009,2026-05-29 15:14:22,,True,admin
104,2025,False,مسؤول اللجنة الإعلاميّة,,,YG009,2026-05-29 15:14:48,,True,admin
104,,False,مسؤول فئة البراعم,,,YG009,2026-05-29 15:14:48,,True,admin
104,,False,مسؤول إعدادي,,,YG009,2026-05-29 15:14:48,,True,admin
647,2025,False,المسؤول العام,,,YG002,2026-05-29 15:15:57,,True,admin
647,2025,False,مسؤول اللجنة الإعلاميّة,,,YG002,2026-05-29 15:15:57,,True,admin
184,2025,False,اللجنة الإعلاميّة,,,YG005,2026-05-29 15:16:37,,True,admin
164,2025,False,مسؤول فئة الثانوي,,,YG009,2026-05-29 15:17:10,,True,admin
164,2025,False,مجلس الجامعيّة والعاملة,,,YG009,2026-05-29 15:17:10,,True,admin
2114,2025,False,مسؤول فئة الثانوي,,,YG023,2026-05-29 15:17:37,,True,admin
1,2025,False,مسؤول فئة الإعدادي,,,YG022,2026-05-29 15:18:06,,True,admin
56,2025,False,المسؤول العام,,,YG028,2026-05-29 15:18:37,,True,admin
56,2025,False,مسؤول فئة العاملة,,,YG028,2026-05-29 15:18:37,,True,admin
1308,2025,False,مجلس البراعم,,,YG007,2026-05-29 15:19:29,,True,admin
1308,2025,False,مسؤول لجنة الخدمة,,,YG007,2026-05-29 15:19:29,,True,admin
67,2025,False,المسؤول العام,,,YG013,2026-05-29 15:20:06,,True,admin
1050,2025,False,مسؤول فئة الإعدادي,,,YG023,2026-05-29 15:20:28,,True,admin
965,,False,المسؤول العام,,,YG011,2026-05-29 20:49:06,,True,admin
965,,False,مسؤول لجنة النشاطات,,,YG011,2026-05-29 20:49:06,,True,admin
965,,False,مسؤول لجنة المواضيع,,,YG011,2026-05-29 20:49:06,,True,admin
965,,False,أمين الصندوق,,,YG011,2026-05-29 20:49:06,,True,admin
965,,False,مسؤول التنظيم,,,YG011,2026-05-29 20:49:06,,True,admin
965,,False,مسؤول براعم,,,YG011,2026-05-29 20:49:06,,True,admin
965,,False,مسؤول إعدادي,,,YG011,2026-05-29 20:49:06,,True,admin
965,,False,المسؤول العام,,,YG011,2026-05-29 20:46:45,2026-05-29 20:49:06,False,admin
965,,True,مسؤول لجنة النشاطات,,,YG011,2026-05-29 20:46:45,2026-05-29 20:49:06,False,admin
965,,False,مسؤول لجنة المواضيع,,,YG011,2026-05-29 20:46:45,2026-05-29 20:49:06,False,admin
965,,False,أمين الصندوق,,,YG011,2026-05-29 20:46:45,2026-05-29 20:49:06,False,admin
965,,False,مسؤول التنظيم,,,YG011,2026-05-29 20:46:45,2026-05-29 20:49:06,False,admin
965,,False,مسؤول براعم,,,YG011,2026-05-29 20:46:45,2026-05-29 20:49:06,False,admin
965,,False,مسؤول إعدادي,,,YG011,2026-05-29 20:46:45,2026-05-29 20:49:06,False,admin
965,,False,المسؤول العام,,,YG011,2025-02-18 13:29:59,2026-05-29 20:46:45,False,admin
965,,False,مسؤول لجنة النشاطات,,,YG011,2025-02-18 13:29:59,2026-05-29 20:46:45,False,admin
965,,False,مسؤول لجنة المواضيع,,,YG011,2025-02-18 13:29:59,2026-05-29 20:46:45,False,admin
965,,False,أمين الصندوق,,,YG011,2025-02-18 13:29:59,2026-05-29 20:46:45,False,admin
965,,False,مسؤول التنظيم,,,YG011,2025-02-18 13:29:59,2026-05-29 20:46:45,False,admin
965,,False,مسؤول براعم,,,YG011,2025-02-18 13:29:59,2026-05-29 20:46:45,False,admin
965,,False,مسؤول إعدادي,,,YG011,2025-02-18 13:29:59,2026-05-29 20:46:45,False,admin
1050,2025,False,,,,YG023,2025-02-20 16:54:29,2026-05-29 15:20:28,False,admin
67,2025,False,,,,YG013,2025-01-31 11:13:51,2026-05-29 15:20:06,False,admin
1308,2025,False,مجلس البراعم,,,YG007,2025-03-09 20:05:01,2026-05-29 15:19:29,False,admin
56,2025,False,,,,YG028,2025-01-31 11:13:44,2026-05-29 15:18:37,False,admin
1,2025,False,,,,YG022,2025-01-31 11:12:21,2026-05-29 15:18:06,False,admin
2114,2025,False,,,,YG023,2025-03-29 11:41:15,2026-05-29 15:17:37,False,admin
164,2025,False,,,,YG009,2025-01-31 11:15:20,2026-05-29 15:17:10,False,admin
184,2025,False,,,,YG005,2025-01-31 11:15:41,2026-05-29 15:16:37,False,admin
647,2025,False,المسؤول العام,,,YG002,2025-02-02 12:05:00,2026-05-29 15:15:57,False,admin
104,2025,False,اللجنة الإعلاميّة,,,YG009,2025-01-31 11:14:34,2026-05-29 15:14:48,False,admin
104,,False,مسؤول فئة البراعم,,,YG009,2025-01-31 11:14:34,2026-05-29 15:14:48,False,admin
104,,False,مسؤول إعدادي,,,YG009,2025-01-31 11:14:34,2026-05-29 15:14:48,False,admin
449,2025,False,مسؤول براعم,,,YG009,2025-02-01 14:41:58,2026-05-29 15:14:22,False,admin
449,2025,False,نائب المسؤول العام,,,YG009,2025-02-01 14:41:58,2026-05-29 15:14:22,False,admin
594,2025,False,,,,YG003,2025-02-01 22:59:31,2026-05-29 15:13:28,False,admin
94,2025,False,,,,YG027,2025-01-31 11:14:27,2026-05-29 15:12:50,False,admin
16,2025,False,,,,YG021,2025-01-31 11:13:02,2026-05-29 15:12:23,False,admin
141,2025,False,المسؤول العام,,,YG012,2025-01-31 11:14:59,2026-05-29 15:11:40,False,admin
141,,False,مسؤول فئة الإعدادي,,,YG012,2025-01-31 11:14:59,2026-05-29 15:11:40,False,admin
148,2025,False,,,,YG009,2025-01-31 11:15:06,2026-05-29 15:10:19,False,admin
363,2025,False,,,,YG027,2025-01-31 19:53:05,2026-05-29 15:09:20,False,admin
25,2025,False,,,,YG005,2025-01-31 11:13:12,2026-05-29 15:04:00,False,admin
177,2025.0,False,مسؤول فئتيّ الجامعيّة والعاملة,,,YG002,2026-05-27 20:33:23,2026-05-27 20:33:42,False,admin
177,,False,مسؤول براعم,,,YG002,2026-05-27 20:33:23,2026-05-27 20:33:42,False,admin
177,,False,مسؤول الأرشيف,,,YG002,2026-05-27 20:33:23,2026-05-27 20:33:42,False,admin
177,,False,لجنة الخدمة,,,YG002,2026-05-27 20:33:23,2026-05-27 20:33:42,False,admin
177,2025.0,False,مسؤول فئتيّ الجامعيّة والعاملة,,,YG002,2025-01-31 11:15:37,2026-05-27 20:33:23,False,admin
177,,False,مسؤول براعم,,,YG002,2025-01-31 11:15:37,2026-05-27 20:33:23,False,admin
177,,False,مسؤول الأرشيف,,,YG002,2025-01-31 11:15:37,2026-05-27 20:33:23,False,admin
177,,False,لجنة الخدمة,,,YG002,2025-01-31 11:15:37,2026-05-27 20:33:23,False,admin
988,,False,مسؤول في النادي الصيفي,,,YG010,2025-02-18 18:08:19,2026-05-27 19:49:48,False,admin
