mobile_number_record_id,family_relation,scd_active_from,scd_active_to,scd_currently_active_flag,scd_changed_by_user
MB003103,الأم,2025-02-10 23:06:04,,True,admin
MB003104,الأب,2025-02-10 23:06:04,,True,admin
MB003105,الأم,2025-08-09 09:45:05,,True,admin
MB003106,الأب,2025-08-09 09:45:05,,True,admin
MB003107,الأم,2025-08-09 09:44:53,,True,admin
MB003108,الأب,2025-08-09 09:44:53,,True,admin
MB003109,الأم,2025-08-09 09:46:00,,True,admin
MB003110,الأب,2025-08-09 09:46:00,,True,admin
MB003111,الأم,2025-08-09 09:46:25,,True,admin
MB003112,الأب,2025-08-09 09:46:25,,True,admin
MB003115,الأم,2025-08-09 09:47:23,,True,admin
MB003116,الأب,2025-08-09 09:47:23,,True,admin
MB003117,الأم,2025-08-09 09:48:06,,True,admin
MB003118,الأب,2025-08-09 09:48:06,,True,admin
MB003119,الأم,2025-08-09 09:48:12,,True,admin
MB003122,الأم,2025-08-09 09:49:26,,True,admin
MB003123,الأب,2025-08-09 09:49:26,,True,admin
MB003124,الأم,2025-08-09 09:49:28,,True,admin
MB003125,الأب,2025-08-09 09:49:28,,True,admin
MB003126,الأم,2025-08-09 09:53:03,,True,admin
MB003127,الأم,2025-08-09 09:53:16,,True,admin
MB003128,الأب,2025-08-09 09:53:16,,True,admin
MB003129,الأم,2025-08-09 09:55:00,,True,admin
MB003130,الأب,2025-08-09 09:55:00,,True,admin
MB003131,الأم,2025-08-09 09:55:42,,True,admin
MB003132,الأم,2025-08-09 10:05:38,,True,admin
MB003133,الأب,2025-08-09 10:05:38,,True,admin
MB003134,الأم,2025-08-09 10:11:35,,True,admin
MB003135,الأب,2025-08-09 10:11:35,,True,admin
MB003138,الأم,2025-08-09 10:24:10,,True,admin
MB003139,الأب,2025-08-09 10:24:10,,True,admin
MB003145,الأم,2025-02-03 16:42:55,,True,admin
MB003146,الأب,2025-02-03 16:42:55,,True,admin
MB003148,الأب,2025-02-03 12:12:02,,True,admin
MB003149,الأم,2025-02-03 12:12:02,,True,admin
MB002639,الأم,2025-09-24 07:35:26,,True,admin
MB002637,الأم,2025-09-24 07:31:20,,True,admin
MB002646,الأم,2025-09-24 09:09:59,,True,admin
MB002650,الأم,2025-09-24 22:13:22,,True,admin
MB000739,الأم,2025-02-03 22:17:59,,True,admin
MB002674,الأم,2025-09-28 11:59:52,,True,admin
MB002493,الأم,2025-06-10 16:59:59,,True,admin
MB002682,الأم,2025-10-10 10:51:59,,True,admin
MB002694,الأم,2025-10-25 20:09:51,,True,admin
MB002695,الأم,2025-10-25 20:39:50,,True,admin
MB002583,الأم,2025-08-09 19:50:00,,True,admin
MB003226,الأب,2025-08-09 19:50:00,,True,admin
MB002584,الأم,2025-08-09 19:52:20,,True,admin
MB003227,الأب,2025-08-09 19:52:20,,True,admin
MB002586,الأم,2025-08-09 20:50:47,,True,admin
MB003228,الأب,2025-08-09 20:50:47,,True,admin
MB002587,الأم,2025-08-09 20:53:52,,True,admin
MB003229,الأب,2025-08-09 20:53:52,,True,admin
MB002588,الأم,2025-08-09 20:55:17,,True,admin
MB003230,الأب,2025-08-09 20:55:17,,True,admin
MB002590,الأم,2025-08-09 20:57:37,,True,admin
MB003232,الأب,2025-08-09 20:57:37,,True,admin
MB002591,الأم,2025-08-09 21:02:37,,True,admin
MB003233,الأب,2025-08-09 21:02:37,,True,admin
MB002592,الأم,2025-08-09 21:03:23,,True,admin
MB003234,الأب,2025-08-09 21:03:23,,True,admin
MB002593,الأم,2025-08-09 21:03:54,,True,admin
MB003235,الأب,2025-08-09 21:03:54,,True,admin
MB002594,الأم,2025-08-09 21:05:51,,True,admin
MB003236,الأب,2025-08-09 21:05:51,,True,admin
MB002595,الأم,2025-08-09 21:07:30,,True,admin
MB003237,الأب,2025-08-09 21:07:30,,True,admin
MB002596,الأم,2025-08-09 21:08:12,,True,admin
MB003238,الأب,2025-08-09 21:08:12,,True,admin
MB002597,الأم,2025-08-09 21:28:55,,True,admin
MB003239,الأب,2025-08-09 21:28:55,,True,admin
MB002599,الأم,2025-08-09 22:29:54,,True,admin
MB003240,الأب,2025-08-09 22:29:54,,True,admin
MB002600,الأم,2025-08-09 23:00:32,,True,admin
MB003241,الأب,2025-08-09 23:00:32,,True,admin
MB002603,الأم,2025-09-09 16:58:08,,True,admin
MB003242,الأب,2025-09-09 16:58:08,,True,admin
MB002678,الأم,2025-10-09 10:12:01,,True,admin
MB003243,الأب,2025-10-09 10:12:01,,True,admin
MB002679,الأم,2025-10-09 10:14:14,,True,admin
MB003244,الأب,2025-10-09 10:14:14,,True,admin
MB002976,الأم,2025-12-09 16:52:39,,True,admin
MB003245,الأب,2025-12-09 16:52:39,,True,admin
MB002977,الأم,2025-12-09 17:00:15,,True,admin
MB003246,الأب,2025-12-09 17:00:15,,True,admin
MB003247,الأم,2025-12-09 17:06:58,,True,admin
MB003248,الأب,2025-12-09 17:06:58,,True,admin
MB002979,الأم,2025-12-09 17:09:25,,True,admin
MB003249,الأب,2025-12-09 17:09:25,,True,admin
MB002980,الأم,2025-12-09 17:33:39,,True,admin
MB003250,الأب,2025-12-09 17:33:39,,True,admin
MB002981,الأم,2025-12-09 17:45:26,,True,admin
MB003251,الأب,2025-12-09 17:45:26,,True,admin
MB002982,الأم,2025-12-09 17:50:51,,True,admin
MB003252,الأب,2025-12-09 17:50:51,,True,admin
MB002984,الأم,2025-12-09 18:08:01,,True,admin
MB003254,الأب,2025-12-09 18:08:01,,True,admin
MB002985,الأم,2025-12-09 20:51:52,,True,admin
MB003255,الأب,2025-12-09 20:51:52,,True,admin
MB002986,الأم,2025-12-09 20:56:37,,True,admin
MB003256,الأب,2025-12-09 20:56:37,,True,admin
MB002627,الأم,2025-09-13 14:30:38,,True,admin
MB003257,الأب,2025-09-13 14:30:38,,True,admin
MB002629,الأم,2025-09-13 15:33:35,,True,admin
MB003258,الأب,2025-09-13 15:33:35,,True,admin
MB002630,الأم,2025-09-13 21:54:05,,True,admin
MB003259,الأب,2025-09-13 21:54:05,,True,admin
MB002635,الأم,2025-09-21 18:40:13,,True,admin
MB003260,الأب,2025-09-21 18:40:13,,True,admin
MB002636,الأم,2025-09-21 18:44:38,,True,admin
MB003261,الأب,2025-09-21 18:44:38,,True,admin
MB002638,الأم,2025-09-24 07:33:41,,True,admin
MB003262,الأب,2025-09-24 07:33:41,,True,admin
MB002641,الأم,2025-09-24 07:40:30,,True,admin
MB003263,الأب,2025-09-24 07:40:30,,True,admin
MB002642,الأم,2025-09-24 07:41:43,,True,admin
MB003264,الأب,2025-09-24 07:41:43,,True,admin
MB002644,الأم,2025-09-24 08:22:40,,True,admin
MB003266,الأب,2025-09-24 08:22:40,,True,admin
MB002645,الأم,2025-09-24 08:25:12,,True,admin
MB003267,الأب,2025-09-24 08:25:12,,True,admin
MB002647,الأم,2025-09-24 09:37:27,,True,admin
MB003268,الأب,2025-09-24 09:37:27,,True,admin
MB002648,الأم,2025-09-24 10:12:20,,True,admin
MB003269,الأب,2025-09-24 10:12:20,,True,admin
MB002649,الأم,2025-09-24 11:00:50,,True,admin
MB003270,الأب,2025-09-24 11:00:50,,True,admin
MB002651,الأم,2025-09-25 07:40:19,,True,admin
MB003271,الأب,2025-09-25 07:40:19,,True,admin
MB002652,الأم,2025-09-26 14:48:07,,True,admin
MB003272,الأب,2025-09-26 14:48:07,,True,admin
MB002653,الأم,2025-09-27 17:35:35,,True,admin
MB003273,الأب,2025-09-27 17:35:35,,True,admin
MB002654,الأم,2025-09-27 17:35:49,,True,admin
MB003274,الأب,2025-09-27 17:35:49,,True,admin
MB002655,الأم,2025-09-27 17:38:42,,True,admin
MB003275,الأب,2025-09-27 17:38:42,,True,admin
MB002658,الأم,2025-09-27 18:08:23,,True,admin
MB003276,الأب,2025-09-27 18:08:23,,True,admin
MB002660,الأم,2025-09-27 18:37:42,,True,admin
MB003278,الأب,2025-09-27 18:37:42,,True,admin
MB002661,الأم,2025-09-27 18:40:17,,True,admin
MB003279,الأب,2025-09-27 18:40:17,,True,admin
MB002663,الأم,2025-09-27 20:53:04,,True,admin
MB003280,الأب,2025-09-27 20:53:04,,True,admin
MB002664,الأم,2025-09-27 20:55:51,,True,admin
MB003281,الأب,2025-09-27 20:55:51,,True,admin
MB002665,الأم,2025-09-27 20:56:29,,True,admin
MB003282,الأب,2025-09-27 20:56:29,,True,admin
MB002666,الأم,2025-09-27 20:58:28,,True,admin
MB003283,الأب,2025-09-27 20:58:28,,True,admin
MB002667,الأم,2025-09-27 21:08:01,,True,admin
MB003284,الأب,2025-09-27 21:08:01,,True,admin
MB002669,الأم,2025-09-27 21:24:55,,True,admin
MB003286,الأب,2025-09-27 21:24:55,,True,admin
MB002670,الأم,2025-09-27 22:17:48,,True,admin
MB003287,الأب,2025-09-27 22:17:48,,True,admin
MB002671,الأم,2025-09-28 10:22:30,,True,admin
MB003288,الأب,2025-09-28 10:22:30,,True,admin
MB002672,الأم,2025-09-28 10:58:36,,True,admin
MB003289,الأب,2025-09-28 10:58:36,,True,admin
MB002673,الأم,2025-09-28 10:58:37,,True,admin
MB003290,الأب,2025-09-28 10:58:37,,True,admin
MB002675,الأم,2025-09-28 14:37:40,,True,admin
MB003291,الأب,2025-09-28 14:37:40,,True,admin
MB002676,الأم,2025-09-28 14:38:46,,True,admin
MB003292,الأب,2025-09-28 14:38:46,,True,admin
MB002677,الأم,2025-09-28 14:40:58,,True,admin
MB003293,الأب,2025-09-28 14:40:58,,True,admin
MB000850,الأم,2025-02-10 23:08:26,,True,admin
MB003294,الأب,2025-02-10 23:08:26,,True,admin
MB001368,الأم,2025-03-10 22:45:51,,True,admin
MB003295,الأب,2025-03-10 22:45:51,,True,admin
MB002375,الأم,2025-05-10 18:07:01,,True,admin
MB003296,الأب,2025-05-10 18:07:01,,True,admin
MB002484,الأم,2025-06-10 14:31:43,,True,admin
MB003298,الأب,2025-06-10 14:31:43,,True,admin
MB002485,الأم,2025-06-10 14:33:47,,True,admin
MB003299,الأب,2025-06-10 14:33:47,,True,admin
MB002486,الأم,2025-06-10 14:34:05,,True,admin
MB003300,الأب,2025-06-10 14:34:05,,True,admin
MB002488,الأم,2025-06-10 14:40:27,,True,admin
MB003301,الأب,2025-06-10 14:40:27,,True,admin
MB002489,الأم,2025-06-10 14:40:40,,True,admin
MB003302,الأب,2025-06-10 14:40:40,,True,admin
MB002490,الأم,2025-06-10 14:49:40,,True,admin
MB003303,الأب,2025-06-10 14:49:40,,True,admin
MB002497,الأم,2025-06-10 20:15:19,,True,admin
MB003304,الأب,2025-06-10 20:15:19,,True,admin
MB002498,الأم,2025-06-10 20:17:31,,True,admin
MB003305,الأب,2025-06-10 20:17:31,,True,admin
MB002680,الأم,2025-10-10 10:17:40,,True,admin
MB003306,الأب,2025-10-10 10:17:40,,True,admin
MB002681,الأم,2025-10-10 10:20:23,,True,admin
MB003307,الأب,2025-10-10 10:20:23,,True,admin
MB002954,الأم,2025-11-10 12:40:38,,True,admin
MB003308,الأب,2025-11-10 12:40:38,,True,admin
MB002955,الأم,2025-11-10 12:42:39,,True,admin
MB003309,الأب,2025-11-10 12:42:39,,True,admin
MB002956,الأم,2025-11-10 12:44:35,,True,admin
MB003310,الأب,2025-11-10 12:44:35,,True,admin
MB002987,الأم,2025-12-10 15:43:56,,True,admin
MB003311,الأب,2025-12-10 15:43:56,,True,admin
MB002684,الأم,2025-10-15 09:14:10,,True,admin
MB003312,الأب,2025-10-15 09:14:10,,True,admin
MB002685,الأم,2025-10-15 09:17:13,,True,admin
MB003313,الأب,2025-10-15 09:17:13,,True,admin
MB002686,الأم,2025-10-15 09:17:26,,True,admin
MB003314,الأب,2025-10-15 09:17:26,,True,admin
MB002687,الأم,2025-10-15 11:02:54,,True,admin
MB003315,الأب,2025-10-15 11:02:54,,True,admin
MB002688,الأم,2025-10-15 15:20:34,,True,admin
MB003316,الأب,2025-10-15 15:20:34,,True,admin
MB002689,الأم,2025-10-18 18:07:54,,True,admin
MB003317,الأب,2025-10-18 18:07:54,,True,admin
MB002690,الأم,2025-10-18 18:09:42,,True,admin
MB003318,الأب,2025-10-18 18:09:42,,True,admin
MB002693,الأم,2025-10-24 14:28:50,,True,admin
MB003319,الأب,2025-10-24 14:28:50,,True,admin
MB002700,الأم,2025-10-29 09:08:18,,True,admin
MB003320,الأب,2025-10-29 09:08:18,,True,admin
MB002701,الأم,2025-10-29 09:10:43,,True,admin
MB003321,الأب,2025-10-29 09:10:43,,True,admin
MB002702,الأم,2025-10-29 09:30:49,,True,admin
MB003322,الأب,2025-10-29 09:30:49,,True,admin
MB002704,الأم,2025-10-29 10:53:48,,True,admin
MB003323,الأب,2025-10-29 10:53:48,,True,admin
MB002706,الأم,2025-10-29 12:13:13,,True,admin
MB003324,الأب,2025-10-29 12:13:13,,True,admin
MB002707,الأم,2025-10-29 12:15:45,,True,admin
MB003325,الأب,2025-10-29 12:15:45,,True,admin
MB002708,الأم,2025-10-29 13:27:07,,True,admin
MB003326,الأب,2025-10-29 13:27:07,,True,admin
MB002715,الأم,2025-10-30 21:16:39,,True,admin
MB003328,الأب,2025-10-30 21:16:39,,True,admin
MB002717,الأم,2025-10-31 15:19:51,,True,admin
MB003329,الأب,2025-10-31 15:19:51,,True,admin
MB002723,الأم,2025-10-31 16:51:34,,True,admin
MB003330,الأب,2025-10-31 16:51:34,,True,admin
MB002724,الأم,2025-10-31 16:54:07,,True,admin
MB003331,الأب,2025-10-31 16:54:07,,True,admin
MB002643,الأم,2025-09-24 07:44:17,,True,admin
MB003265,الأب,2025-09-24 07:44:17,,True,admin
MB000753,الأب,2025-02-04 11:26:40,,True,admin
MB003337,الأم,2025-02-04 11:26:40,,True,admin
MB000721,الأم,2025-02-03 17:06:59,,True,admin
MB003340,الأب,2025-02-03 17:06:59,,True,admin
MB001426,الأم,2025-03-11 17:15:49,,True,admin
MB003343,الأب,2025-03-11 17:15:49,,True,admin
MB002711,الأم,2025-10-30 10:57:12,,True,admin
MB003347,الأب,2025-10-30 10:57:12,,True,admin
MB000695,الأم,2025-02-03 14:14:32,,True,admin
MB003353,الأب,2025-02-03 14:14:32,,True,admin
MB003362,الأم,2025-02-01 21:24:12,,True,admin
MB000675,الأم,2025-02-03 12:13:16,,True,admin
MB003365,الأب,2025-02-03 12:13:16,,True,admin
MB000678,الأم,2025-02-03 12:21:05,,True,admin
MB003368,الأب,2025-02-03 12:21:05,,True,admin
MB000679,الأم,2025-02-03 12:23:56,,True,admin
MB003371,الأب,2025-02-03 12:23:56,,True,admin
MB002842,الأم,2025-11-03 15:29:59,,True,admin
MB003379,الأب,2025-11-03 15:29:59,,True,admin
MB000528,الأم,2025-02-01 20:45:18,,True,admin
MB003386,الأب,2025-02-01 20:45:18,,True,admin
MB000576,الأم,2025-02-01 22:10:49,,True,admin
MB003405,الأب,2025-02-01 22:10:49,,True,admin
MB000577,الأم,2025-02-01 22:16:10,,True,admin
MB003410,الأب,2025-02-01 22:16:10,,True,admin
MB003418,الأم,2025-02-01 20:47:03,,True,admin
MB003419,الأب,2025-02-01 20:47:03,,True,admin
MB002703,الأم,2025-10-29 10:39:31,,True,admin
MB003427,الأب,2025-10-29 10:39:31,,True,admin
MB002799,الأم,2025-11-01 19:10:35,,True,admin
MB003432,الأب,2025-11-01 19:10:35,,True,admin
MB000677,الأم,2025-02-03 12:17:32,,True,admin
MB003441,الأب,2025-02-03 12:17:32,,True,admin
MB002121,الأم,2025-03-29 19:03:14,,True,admin
MB003445,الأب,2025-03-29 19:03:14,,True,admin
MB003477,الأم,2025-02-01 20:43:02,,True,admin
MB003478,الأب,2025-02-01 20:43:02,,True,admin
MB002852,الأم,2025-11-03 22:29:57,,True,admin
MB003485,الأب,2025-11-03 22:29:57,,True,admin
MB003495,الأم,2025-04-05 19:41:37,,True,admin
MB003496,الأب,2025-04-05 19:41:37,,True,admin
MB003506,الأم,2025-02-03 18:02:45,,True,admin
MB003507,الأب,2025-02-03 18:02:45,,True,admin
MB000690,الأم,2025-02-03 13:12:10,,True,admin
MB003512,الأب,2025-02-03 13:12:10,,True,admin
MB000710,الأب,2025-02-03 15:40:24,,True,admin
MB000711,الأم,2025-02-03 15:40:24,,True,admin
MB003524,الأم,2025-11-02 21:38:50,,True,admin
MB003525,الأب,2025-11-02 21:38:50,,True,admin
MB003556,الأم,2025-03-11 15:01:15,,True,admin
MB003557,الأب,2025-03-11 15:01:15,,True,admin
MB000720,الأم,2025-02-03 16:58:29,,True,admin
MB003562,الأب,2025-02-03 16:58:29,,True,admin
MB000684,الأم,2025-02-03 12:46:04,,True,admin
MB003566,الأب,2025-02-03 12:46:04,,True,admin
MB003582,الأم,2025-02-03 20:49:37,,True,admin
MB003583,الأب,2025-02-03 20:49:37,,True,admin
MB002640,الأم,2025-09-24 07:39:52,,True,admin
MB003200,الأب,2025-09-24 07:39:52,,True,admin
MB003599,الأم,2025-03-11 10:55:00,,True,admin
MB003600,الأب,2025-03-11 10:55:00,,True,admin
MB002683,الأم,2025-10-10 10:53:48,,True,admin
MB003216,الأب,2025-10-10 10:53:48,,True,admin
MB002668,الأب,2025-09-27 21:17:46,,True,admin
MB003285,الأم,2025-09-27 21:17:46,,True,admin
MB002483,الأم,2025-06-10 14:24:30,,True,admin
MB000769,الأم,2025-02-04 18:21:59,,True,admin
MB000772,الأم,2025-02-04 18:53:28,,True,admin
MB003618,الأب,2025-03-11 16:14:12,,True,admin
MB003619,الأم,2025-03-11 16:14:12,,True,admin
MB003640,الأب,2025-03-29 21:47:52,,True,admin
MB003641,الأم,2025-03-29 21:47:52,,True,admin
MB003647,الأم,2025-04-05 20:07:12,,True,admin
MB003656,الأم,2026-01-25 15:18:01,,True,admin
MB001045,الأم,2025-02-21 17:47:04,,True,admin
MB003661,الأب,2025-02-21 17:47:04,,True,admin
MB003680,الأب,2025-02-01 23:40:39,,True,admin
MB003681,الأم,2025-02-01 23:40:39,,True,admin
MB003701,الأب,2025-11-02 13:45:07,,True,admin
MB003702,الأم,2025-11-02 13:45:07,,True,admin
MB000747,الأم,2025-02-04 11:20:51,,True,admin
MB003709,الأب,2025-02-04 11:20:51,,True,admin
MB000749,الأم,2025-02-04 11:23:29,,True,admin
MB000751,الأم,2025-02-04 11:25:43,,True,admin
MB003718,الأب,2025-02-04 11:25:43,,True,admin
MB003719,الأب,2025-11-17 15:13:05,,True,admin
MB003720,الأب,2025-11-17 15:42:44,,True,admin
MB003721,الأب,2025-11-17 15:44:46,,True,admin
MB003722,الأب,2025-11-18 09:24:38,,True,admin
MB003723,الأب,2025-11-18 09:28:54,,True,admin
MB003724,الأب,2025-11-18 09:31:17,,True,admin
MB003725,الأب,2025-11-18 09:44:27,,True,admin
MB003726,الأب,2025-11-18 10:50:41,,True,admin
MB003727,الأب,2025-11-19 08:52:39,,True,admin
MB003728,الأب,2025-11-19 08:56:52,,True,admin
MB003729,الأب,2025-11-19 10:22:46,,True,admin
MB003730,الأب,2025-11-19 10:28:12,,True,admin
MB003732,الأب,2025-11-19 17:01:11,,True,admin
MB003733,الأب,2025-11-19 22:48:46,,True,admin
MB003734,الأب,2025-11-19 23:23:59,,True,admin
MB003735,الأب,2025-11-19 23:41:23,,True,admin
MB003736,الأب,2025-11-20 07:00:47,,True,admin
MB003737,الأب,2025-11-20 08:54:25,,True,admin
MB003739,الأب,2025-11-20 15:44:45,,True,admin
MB003740,الأب,2025-11-27 12:59:52,,True,admin
MB003741,الأب,2025-11-27 15:58:01,,True,admin
MB003742,الأب,2025-11-27 16:00:34,,True,admin
MB003743,الأب,2025-11-27 16:11:52,,True,admin
MB003744,الأب,2025-11-27 17:25:05,,True,admin
MB003745,الأب,2025-11-27 17:42:57,,True,admin
MB003746,الأب,2025-11-27 17:42:57,,True,admin
MB003747,الأب,2025-11-27 17:44:59,,True,admin
MB003748,الأب,2025-11-27 17:44:59,,True,admin
MB003749,الأب,2025-11-27 21:40:48,,True,admin
MB003750,الأب,2025-11-27 21:44:38,,True,admin
MB003751,الأب,2025-11-27 21:47:34,,True,admin
MB003752,الأب,2025-11-27 21:50:37,,True,admin
MB003753,الأب,2025-11-27 21:56:59,,True,admin
MB003754,الأب,2025-11-27 22:15:22,,True,admin
MB003755,الأب,2025-11-27 22:15:25,,True,admin
MB003756,الأب,2025-11-28 08:40:52,,True,admin
MB003757,الأب,2025-11-28 15:13:17,,True,admin
MB003758,الأب,2025-11-28 15:18:48,,True,admin
MB003761,الأم,2025-11-17 15:13:05,,True,admin
MB003762,الأم,2025-11-17 15:42:44,,True,admin
MB003763,الأم,2025-11-17 15:44:46,,True,admin
MB003764,الأم,2025-11-18 09:24:38,,True,admin
MB003765,الأم,2025-11-18 09:28:54,,True,admin
MB003766,الأم,2025-11-18 09:31:17,,True,admin
MB003767,الأم,2025-11-18 09:44:27,,True,admin
MB003768,الأم,2025-11-18 10:50:41,,True,admin
MB003769,الأم,2025-11-19 08:52:39,,True,admin
MB003770,الأم,2025-11-19 08:56:52,,True,admin
MB003771,الأم,2025-11-19 10:22:46,,True,admin
MB003772,الأم,2025-11-19 10:28:12,,True,admin
MB003774,الأم,2025-11-19 17:01:11,,True,admin
MB003775,الأم,2025-11-19 22:48:46,,True,admin
MB003776,الأم,2025-11-19 23:23:59,,True,admin
MB003777,الأم,2025-11-19 23:41:23,,True,admin
MB003778,الأم,2025-11-20 07:00:47,,True,admin
MB003779,الأم,2025-11-20 08:54:25,,True,admin
MB003781,الأم,2025-11-20 15:44:45,,True,admin
MB003782,الأم,2025-11-27 12:59:52,,True,admin
MB003783,الأم,2025-11-27 15:58:01,,True,admin
MB003784,الأم,2025-11-27 16:00:34,,True,admin
MB003785,الأم,2025-11-27 16:11:52,,True,admin
MB003786,الأم,2025-11-27 17:25:05,,True,admin
MB003787,الأم,2025-11-27 17:42:57,,True,admin
MB003788,الأم,2025-11-27 17:44:59,,True,admin
MB003789,الأم,2025-11-27 21:24:48,,True,admin
MB003790,الأم,2025-11-27 21:40:48,,True,admin
MB003791,الأم,2025-11-27 21:44:38,,True,admin
MB003792,الأم,2025-11-27 21:47:34,,True,admin
MB003793,الأم,2025-11-27 21:50:37,,True,admin
MB003794,الأم,2025-11-27 21:56:59,,True,admin
MB003795,الأم,2025-11-27 22:15:22,,True,admin
MB003796,الأم,2025-11-27 22:15:25,,True,admin
MB003797,الأم,2025-11-28 08:40:52,,True,admin
MB003798,الأم,2025-11-28 15:13:17,,True,admin
MB003799,الأم,2025-11-28 15:18:48,,True,admin
MB003801,الأم,2026-02-22 17:33:46,,True,admin
MB003802,الأم,2026-03-05 15:37:36,,True,admin
MB002487,الأم,2025-06-10 14:36:18,,True,admin
MB002983,الأم,2025-12-09 18:03:22,,True,admin
MB003253,الأب,2025-12-09 18:03:22,,True,admin
MB002659,الأم,2025-09-27 18:32:17,,True,admin
MB003277,الأب,2025-09-27 18:32:17,,True,admin
MB002709,الأم,2025-10-29 15:22:42,,True,admin
MB003327,الأب,2025-10-29 15:22:42,,True,admin
MB003140,الأم,2025-08-09 10:25:25,,True,admin
MB002585,الأم,2025-08-09 20:50:26,,True,admin
MB000521,الأم,2025-02-01 20:43:09,,True,admin
MB003448,الأب,2025-02-01 20:43:09,,True,admin
MB002589,الأم,2025-08-09 20:57:29,,True,admin
MB003231,الأب,2025-08-09 20:57:29,,True,admin
MB002691,الأب,2025-10-19 19:15:44,,True,admin
MB002692,الأب,2025-10-19 19:21:05,,True,admin
MB003738,الأب,2025-11-20 14:00:34,,True,admin
MB003780,الأم,2025-11-20 14:00:34,,True,admin
MB002662,الأم,2025-09-27 20:52:33,,True,admin
MB002494,الأم,2025-06-10 17:37:39,,True,admin
MB002576,الأم,2025-07-10 05:07:41,,True,admin
MB003142,الأم,2025-11-03 21:06:45,,True,admin
MB000682,الأب,2025-02-03 12:38:06,,True,admin
MB003459,الأب,2025-02-03 12:38:06,,True,admin
MB003543,الأم,2025-02-02 10:19:52,,True,admin
MB003544,الأب,2025-02-02 10:19:52,,True,admin
MB003225,الأم,2025-02-01 20:43:43,,True,admin
MB003402,الأم,2025-02-03 15:57:39,,True,admin
MB003403,الأب,2025-02-03 15:57:39,,True,admin
MB003143,الأم,2025-03-29 18:07:06,,True,admin
MB003144,الأب,2025-03-29 18:07:06,,True,admin
MB000741,الأم,2026-05-29 08:31:44,,True,admin
MB002697,الأم,2026-06-22 16:11:52,,True,admin
MB004071,الأب,2026-06-22 16:11:52,,True,admin
MB001119,الأم,2026-06-22 22:01:22,,True,admin
MB004087,الأب,2026-06-23 19:18:20,,True,admin
MB000564,الأم,2026-06-23 19:40:40,,True,admin
MB002181,الأم,2026-06-23 19:41:46,,True,admin
MB004091,الأم,2026-06-23 19:43:30,,True,admin
MB004077,الأم,2026-06-22 22:02:46,,True,admin
MB004078,الأب,2026-06-22 22:02:46,,True,admin
MB002598,الأم,2026-07-05 14:12:51,,True,admin
MB004165,الأب,2026-07-12 12:41:51,,True,admin
MB004166,الأم,2026-07-12 12:41:51,,True,admin
MB003136,الأم,2026-07-12 13:08:11,,True,admin
MB003137,الأب,2026-07-12 13:08:11,,True,admin
MB003120,الأم,2026-07-12 14:24:31,,True,admin
MB003121,الأب,2026-07-12 14:24:31,,True,admin
MB003113,الأم,2026-07-12 14:28:02,,True,admin
MB003114,الأب,2026-07-12 14:28:02,,True,admin
MB003759,الأب,2026-07-12 14:59:19,,True,admin
MB003800,الأم,2026-07-12 14:59:19,,True,admin
MB004203,الأم,2026-07-12 17:26:57,,True,admin
MB004211,الأب,2026-07-12 17:26:57,,True,admin
MB004187,الأب,2026-07-12 17:29:48,,True,admin
MB004213,الأم,2026-07-12 17:29:48,,True,admin
MB004195,الأم,2026-07-12 17:32:54,,True,admin
MB004214,الأب,2026-07-12 17:32:54,,True,admin
MB004188,الأم,2026-07-12 17:36:46,,True,admin
MB004215,الأب,2026-07-12 17:36:46,,True,admin
MB004171,الأب,2026-07-12 17:39:44,,True,admin
MB004216,الأم,2026-07-12 17:39:44,,True,admin
MB004193,الأم,2026-07-12 17:42:44,,True,admin
MB004217,الأب,2026-07-12 17:42:44,,True,admin
MB004178,الأم,2026-07-12 17:45:37,,True,admin
MB004218,الأب,2026-07-12 17:45:37,,True,admin
MB004189,الأم,2026-07-12 17:48:47,,True,admin
MB004221,الأب,2026-07-12 17:48:47,,True,admin
MB004185,الأم,2026-07-12 17:51:31,,True,admin
MB004222,الأب,2026-07-12 17:51:31,,True,admin
MB004179,الأب,2026-07-12 17:54:27,,True,admin
MB004223,الأم,2026-07-12 17:54:27,,True,admin
MB004198,الأم,2026-07-12 17:56:59,,True,admin
MB004224,الأم,2026-07-12 17:56:59,,True,admin
MB004200,الأم,2026-07-12 17:59:46,,True,admin
MB004225,الأب,2026-07-12 17:59:46,,True,admin
MB004190,الأم,2026-07-12 18:02:04,,True,admin
MB004226,الأب,2026-07-12 18:02:04,,True,admin
MB004175,الأم,2026-07-12 18:04:44,,True,admin
MB004227,الأب,2026-07-12 18:04:44,,True,admin
MB004177,الأم,2026-07-12 18:07:02,,True,admin
MB004228,الأب,2026-07-12 18:07:02,,True,admin
MB004197,الأم,2026-07-12 18:09:48,,True,admin
MB004229,الأب,2026-07-12 18:09:48,,True,admin
MB004194,الأم,2026-07-12 18:12:10,,True,admin
MB004230,الأب,2026-07-12 18:12:10,,True,admin
MB004168,الأم,2026-07-12 18:15:01,,True,admin
MB004231,الأب,2026-07-12 18:15:01,,True,admin
MB004183,الأم,2026-07-12 20:07:24,,True,admin
MB004232,الأب,2026-07-12 20:07:24,,True,admin
MB004205,الأم,2026-07-12 20:52:01,,True,admin
MB004191,الأم,2026-07-12 20:56:17,,True,admin
MB004233,الأب,2026-07-12 20:56:17,,True,admin
MB004204,الأب,2026-07-12 21:18:24,,True,admin
MB004235,الأم,2026-07-12 21:18:24,,True,admin
MB004186,الأب,2026-07-12 21:32:33,,True,admin
MB004237,الأم,2026-07-12 21:32:33,,True,admin
MB004207,الأب,2026-07-12 21:36:08,,True,admin
MB004238,الأم,2026-07-12 21:36:08,,True,admin
MB004167,الأب,2026-07-12 21:38:35,,True,admin
MB004239,الأم,2026-07-12 21:38:35,,True,admin
MB004182,الأم,2026-07-12 21:42:15,,True,admin
MB004240,الأب,2026-07-12 21:42:15,,True,admin
MB003773,الأم,2026-07-12 22:53:01,,True,admin
MB004249,الأم,2026-07-13 00:24:24,,True,admin
MB004261,الأب,2026-07-13 00:24:24,,True,admin
MB004250,الأم,2026-07-13 00:27:00,,True,admin
MB004262,الأب,2026-07-13 00:27:00,,True,admin
MB004264,الأم,2026-07-13 12:54:28,,True,admin
MB004265,الأم,2026-07-13 12:56:00,,True,admin
MB004206,الأم,2026-07-13 12:57:57,,True,admin
MB004266,الأب,2026-07-13 12:57:57,,True,admin
MB004192,الأم,2026-07-13 12:59:47,,True,admin
MB004267,الأب,2026-07-13 12:59:47,,True,admin
MB004268,الأب,2026-07-13 13:03:59,,True,admin
MB004269,الأم,2026-07-13 13:03:59,,True,admin
MB004270,الأم,2026-07-13 13:06:22,,True,admin
MB004271,الأب,2026-07-13 13:06:22,,True,admin
MB002919,الأم,2026-07-20 16:27:29,,True,admin
MB003350,الأب,2026-07-20 16:27:29,,True,admin
MB004196,الأم,2026-07-20 16:42:44,,True,admin
MB004288,الأب,2026-07-20 16:42:44,,True,admin
MB002919,الأم,2025-11-07 22:52:58,2026-07-20 16:27:29,False,admin
MB003350,الأب,2025-11-07 22:52:58,2026-07-20 16:27:29,False,admin
MB003731,الأب,2025-11-19 14:31:23,2026-07-12 22:53:01,False,admin
MB003773,الأم,2025-11-19 14:31:23,2026-07-12 22:53:01,False,admin
MB003759,الأب,2025-11-28 21:19:57,2026-07-12 14:59:19,False,admin
MB003800,الأم,2025-11-28 21:19:57,2026-07-12 14:59:19,False,admin
MB003113,الأم,2025-08-09 09:47:19,2026-07-12 14:28:02,False,admin
MB003114,الأب,2025-08-09 09:47:19,2026-07-12 14:28:02,False,admin
MB003120,الأم,2025-08-09 09:49:00,2026-07-12 14:24:31,False,admin
MB003121,الأب,2025-08-09 09:49:00,2026-07-12 14:24:31,False,admin
MB003136,الأم,2025-08-09 10:14:02,2026-07-12 13:08:11,False,admin
MB003137,الأب,2025-08-09 10:14:02,2026-07-12 13:08:11,False,admin
MB002598,الأم,2025-08-09 22:27:02,2026-07-05 14:12:51,False,admin
MB003175,الأب,2025-08-09 22:27:02,2026-07-05 14:12:51,False,admin
MB002697,الأم,2026-06-22 16:11:11,2026-06-22 16:11:52,False,admin
MB004189,الأم,2026-07-12 17:48:27,2026-07-12 17:48:47,False,admin
MB004220,الأب,2026-07-12 17:48:27,2026-07-12 17:48:47,False,admin
MB004204,الأب,2026-07-12 21:17:33,2026-07-12 21:18:24,False,admin
MB004234,الأم,2026-07-12 21:17:33,2026-07-12 21:18:24,False,admin
MB004186,الأب,2026-07-12 21:32:12,2026-07-12 21:32:33,False,admin
MB004236,الأم,2026-07-12 21:32:12,2026-07-12 21:32:33,False,admin
MB004249,الأم,2026-07-12 22:57:18,2026-07-13 00:24:24,False,admin
MB004250,الأم,2026-07-12 22:56:39,2026-07-13 00:27:00,False,admin
