period_id,from_node_id,to_node_id,edge_type,scd_active_from,scd_active_to,scd_currently_active_flag,scd_changed_by_user
OTPD000013,OTND00000221,OTND00000231,hierarchy,2026-05-26 19:41:04,,True,admin
OTPD000013,OTND00000221,OTND00000232,hierarchy,2026-05-26 19:41:04,,True,admin
OTPD000013,OTND00000221,OTND00000233,hierarchy,2026-05-26 19:41:04,,True,admin
OTPD000013,OTND00000222,OTND00000234,hierarchy,2026-05-26 19:41:04,,True,admin
OTPD000013,OTND00000222,OTND00000235,hierarchy,2026-05-26 19:41:04,,True,admin
OTPD000013,OTND00000222,OTND00000236,hierarchy,2026-05-26 19:41:04,,True,admin
OTPD000013,OTND00000222,OTND00000237,hierarchy,2026-05-26 19:41:04,,True,admin
OTPD000013,OTND00000223,OTND00000238,hierarchy,2026-05-26 19:41:04,,True,admin
OTPD000013,OTND00000223,OTND00000239,hierarchy,2026-05-26 19:41:04,,True,admin
OTPD000013,OTND00000223,OTND00000240,hierarchy,2026-05-26 19:41:04,,True,admin
OTPD000013,OTND00000223,OTND00000241,hierarchy,2026-05-26 19:41:04,,True,admin
OTPD000013,OTND00000224,OTND00000242,hierarchy,2026-05-26 19:41:04,,True,admin
OTPD000013,OTND00000224,OTND00000243,hierarchy,2026-05-26 19:41:04,,True,admin
OTPD000013,OTND00000224,OTND00000244,hierarchy,2026-05-26 19:41:04,,True,admin
OTPD000013,OTND00000224,OTND00000245,hierarchy,2026-05-26 19:41:04,,True,admin
OTPD000013,OTND00000225,OTND00000242,hierarchy,2026-05-26 19:41:04,,True,admin
OTPD000013,OTND00000225,OTND00000243,hierarchy,2026-05-26 19:41:04,,True,admin
OTPD000013,OTND00000225,OTND00000244,hierarchy,2026-05-26 19:41:04,,True,admin
OTPD000013,OTND00000225,OTND00000245,hierarchy,2026-05-26 19:41:04,,True,admin
OTPD000013,OTND00000226,OTND00000246,hierarchy,2026-05-26 19:41:04,,True,admin
OTPD000013,OTND00000226,OTND00000247,hierarchy,2026-05-26 19:41:04,,True,admin
OTPD000013,OTND00000226,OTND00000248,hierarchy,2026-05-26 19:41:04,,True,admin
OTPD000013,OTND00000226,OTND00000249,hierarchy,2026-05-26 19:41:04,,True,admin
OTPD000014,OTND00000253,OTND00000263,hierarchy,2026-05-26 19:41:04,,True,admin
OTPD000014,OTND00000253,OTND00000264,hierarchy,2026-05-26 19:41:04,,True,admin
OTPD000014,OTND00000253,OTND00000265,hierarchy,2026-05-26 19:41:04,,True,admin
OTPD000014,OTND00000254,OTND00000266,hierarchy,2026-05-26 19:41:04,,True,admin
OTPD000014,OTND00000254,OTND00000267,hierarchy,2026-05-26 19:41:04,,True,admin
OTPD000014,OTND00000254,OTND00000268,hierarchy,2026-05-26 19:41:04,,True,admin
OTPD000014,OTND00000254,OTND00000269,hierarchy,2026-05-26 19:41:04,,True,admin
OTPD000014,OTND00000255,OTND00000270,hierarchy,2026-05-26 19:41:04,,True,admin
OTPD000014,OTND00000255,OTND00000271,hierarchy,2026-05-26 19:41:04,,True,admin
OTPD000014,OTND00000255,OTND00000272,hierarchy,2026-05-26 19:41:04,,True,admin
OTPD000014,OTND00000255,OTND00000273,hierarchy,2026-05-26 19:41:04,,True,admin
OTPD000014,OTND00000256,OTND00000274,hierarchy,2026-05-26 19:41:04,,True,admin
OTPD000014,OTND00000256,OTND00000275,hierarchy,2026-05-26 19:41:04,,True,admin
OTPD000014,OTND00000256,OTND00000276,hierarchy,2026-05-26 19:41:04,,True,admin
OTPD000014,OTND00000256,OTND00000277,hierarchy,2026-05-26 19:41:04,,True,admin
OTPD000014,OTND00000257,OTND00000274,hierarchy,2026-05-26 19:41:04,,True,admin
OTPD000014,OTND00000257,OTND00000275,hierarchy,2026-05-26 19:41:04,,True,admin
OTPD000014,OTND00000257,OTND00000276,hierarchy,2026-05-26 19:41:04,,True,admin
OTPD000014,OTND00000257,OTND00000277,hierarchy,2026-05-26 19:41:04,,True,admin
OTPD000014,OTND00000258,OTND00000278,hierarchy,2026-05-26 19:41:04,,True,admin
OTPD000014,OTND00000258,OTND00000279,hierarchy,2026-05-26 19:41:04,,True,admin
OTPD000014,OTND00000258,OTND00000280,hierarchy,2026-05-26 19:41:04,,True,admin
OTPD000014,OTND00000258,OTND00000281,hierarchy,2026-05-26 19:41:04,,True,admin
OTPD000015,OTND00000284,OTND00000292,hierarchy,2026-05-26 19:41:04,,True,admin
OTPD000015,OTND00000284,OTND00000293,hierarchy,2026-05-26 19:41:04,,True,admin
OTPD000015,OTND00000284,OTND00000294,hierarchy,2026-05-26 19:41:04,,True,admin
OTPD000015,OTND00000285,OTND00000295,hierarchy,2026-05-26 19:41:04,,True,admin
OTPD000015,OTND00000285,OTND00000296,hierarchy,2026-05-26 19:41:04,,True,admin
OTPD000015,OTND00000285,OTND00000297,hierarchy,2026-05-26 19:41:04,,True,admin
OTPD000015,OTND00000285,OTND00000298,hierarchy,2026-05-26 19:41:04,,True,admin
OTPD000015,OTND00000286,OTND00000299,hierarchy,2026-05-26 19:41:04,,True,admin
OTPD000015,OTND00000286,OTND00000300,hierarchy,2026-05-26 19:41:04,,True,admin
OTPD000015,OTND00000286,OTND00000301,hierarchy,2026-05-26 19:41:04,,True,admin
OTPD000015,OTND00000286,OTND00000302,hierarchy,2026-05-26 19:41:04,,True,admin
OTPD000015,OTND00000288,OTND00000305,hierarchy,2026-05-26 19:41:04,,True,admin
OTPD000015,OTND00000288,OTND00000306,hierarchy,2026-05-26 19:41:04,,True,admin
OTPD000015,OTND00000288,OTND00000307,hierarchy,2026-05-26 19:41:04,,True,admin
OTPD000015,OTND00000288,OTND00000308,hierarchy,2026-05-26 19:41:04,,True,admin
OTPD000016,OTND00000314,OTND00000324,hierarchy,2026-05-26 19:41:04,,True,admin
OTPD000016,OTND00000314,OTND00000325,hierarchy,2026-05-26 19:41:04,,True,admin
OTPD000016,OTND00000314,OTND00000326,hierarchy,2026-05-26 19:41:04,,True,admin
OTPD000016,OTND00000315,OTND00000327,hierarchy,2026-05-26 19:41:04,,True,admin
OTPD000016,OTND00000315,OTND00000328,hierarchy,2026-05-26 19:41:04,,True,admin
OTPD000016,OTND00000315,OTND00000329,hierarchy,2026-05-26 19:41:04,,True,admin
OTPD000016,OTND00000315,OTND00000330,hierarchy,2026-05-26 19:41:04,,True,admin
OTPD000016,OTND00000316,OTND00000331,hierarchy,2026-05-26 19:41:04,,True,admin
OTPD000016,OTND00000316,OTND00000332,hierarchy,2026-05-26 19:41:04,,True,admin
OTPD000016,OTND00000316,OTND00000333,hierarchy,2026-05-26 19:41:04,,True,admin
OTPD000016,OTND00000316,OTND00000334,hierarchy,2026-05-26 19:41:04,,True,admin
OTPD000016,OTND00000317,OTND00000335,hierarchy,2026-05-26 19:41:04,,True,admin
OTPD000016,OTND00000317,OTND00000336,hierarchy,2026-05-26 19:41:04,,True,admin
OTPD000016,OTND00000317,OTND00000337,hierarchy,2026-05-26 19:41:04,,True,admin
OTPD000016,OTND00000317,OTND00000338,hierarchy,2026-05-26 19:41:04,,True,admin
OTPD000016,OTND00000318,OTND00000335,hierarchy,2026-05-26 19:41:04,,True,admin
OTPD000016,OTND00000318,OTND00000336,hierarchy,2026-05-26 19:41:04,,True,admin
OTPD000016,OTND00000318,OTND00000337,hierarchy,2026-05-26 19:41:04,,True,admin
OTPD000016,OTND00000318,OTND00000338,hierarchy,2026-05-26 19:41:04,,True,admin
OTPD000016,OTND00000319,OTND00000339,hierarchy,2026-05-26 19:41:04,,True,admin
OTPD000016,OTND00000319,OTND00000340,hierarchy,2026-05-26 19:41:04,,True,admin
OTPD000016,OTND00000319,OTND00000341,hierarchy,2026-05-26 19:41:04,,True,admin
OTPD000016,OTND00000319,OTND00000342,hierarchy,2026-05-26 19:41:04,,True,admin
OTPD000017,OTND00000345,OTND00000354,hierarchy,2026-05-26 19:41:04,,True,admin
OTPD000017,OTND00000345,OTND00000355,hierarchy,2026-05-26 19:41:04,,True,admin
OTPD000017,OTND00000345,OTND00000356,hierarchy,2026-05-26 19:41:04,,True,admin
OTPD000017,OTND00000346,OTND00000360,hierarchy,2026-05-26 19:41:04,,True,admin
OTPD000017,OTND00000346,OTND00000361,hierarchy,2026-05-26 19:41:04,,True,admin
OTPD000017,OTND00000346,OTND00000362,hierarchy,2026-05-26 19:41:04,,True,admin
OTPD000017,OTND00000346,OTND00000363,hierarchy,2026-05-26 19:41:04,,True,admin
OTPD000017,OTND00000347,OTND00000364,hierarchy,2026-05-26 19:41:04,,True,admin
OTPD000017,OTND00000347,OTND00000365,hierarchy,2026-05-26 19:41:04,,True,admin
OTPD000017,OTND00000347,OTND00000366,hierarchy,2026-05-26 19:41:04,,True,admin
OTPD000017,OTND00000347,OTND00000367,hierarchy,2026-05-26 19:41:04,,True,admin
OTPD000017,OTND00000348,OTND00000364,hierarchy,2026-05-26 19:41:04,,True,admin
OTPD000017,OTND00000348,OTND00000365,hierarchy,2026-05-26 19:41:04,,True,admin
OTPD000017,OTND00000348,OTND00000366,hierarchy,2026-05-26 19:41:04,,True,admin
OTPD000017,OTND00000348,OTND00000367,hierarchy,2026-05-26 19:41:04,,True,admin
OTPD000017,OTND00000349,OTND00000368,hierarchy,2026-05-26 19:41:04,,True,admin
OTPD000017,OTND00000349,OTND00000369,hierarchy,2026-05-26 19:41:04,,True,admin
OTPD000017,OTND00000349,OTND00000370,hierarchy,2026-05-26 19:41:04,,True,admin
OTPD000017,OTND00000349,OTND00000371,hierarchy,2026-05-26 19:41:04,,True,admin
OTPD000018,OTND00000373,OTND00000378,hierarchy,2026-05-26 19:41:04,,True,admin
OTPD000018,OTND00000373,OTND00000379,hierarchy,2026-05-26 19:41:04,,True,admin
OTPD000018,OTND00000373,OTND00000380,hierarchy,2026-05-26 19:41:04,,True,admin
OTPD000018,OTND00000374,OTND00000384,hierarchy,2026-05-26 19:41:04,,True,admin
OTPD000018,OTND00000374,OTND00000385,hierarchy,2026-05-26 19:41:04,,True,admin
OTPD000018,OTND00000374,OTND00000386,hierarchy,2026-05-26 19:41:04,,True,admin
OTPD000018,OTND00000374,OTND00000387,hierarchy,2026-05-26 19:41:04,,True,admin
OTPD000018,OTND00000375,OTND00000388,hierarchy,2026-05-26 19:41:04,,True,admin
OTPD000018,OTND00000375,OTND00000389,hierarchy,2026-05-26 19:41:04,,True,admin
OTPD000018,OTND00000375,OTND00000390,hierarchy,2026-05-26 19:41:04,,True,admin
OTPD000018,OTND00000375,OTND00000391,hierarchy,2026-05-26 19:41:04,,True,admin
OTPD000018,OTND00000376,OTND00000388,hierarchy,2026-05-26 19:41:04,,True,admin
OTPD000018,OTND00000376,OTND00000389,hierarchy,2026-05-26 19:41:04,,True,admin
OTPD000018,OTND00000376,OTND00000390,hierarchy,2026-05-26 19:41:04,,True,admin
OTPD000018,OTND00000376,OTND00000391,hierarchy,2026-05-26 19:41:04,,True,admin
OTPD000018,OTND00000377,OTND00000392,hierarchy,2026-05-26 19:41:04,,True,admin
OTPD000018,OTND00000377,OTND00000393,hierarchy,2026-05-26 19:41:04,,True,admin
OTPD000018,OTND00000377,OTND00000394,hierarchy,2026-05-26 19:41:04,,True,admin
OTPD000018,OTND00000377,OTND00000395,hierarchy,2026-05-26 19:41:04,,True,admin
OTPD000019,OTND00000402,OTND00000410,hierarchy,2026-05-26 19:41:04,,True,admin
OTPD000019,OTND00000402,OTND00000411,hierarchy,2026-05-26 19:41:04,,True,admin
OTPD000019,OTND00000402,OTND00000412,hierarchy,2026-05-26 19:41:04,,True,admin
OTPD000019,OTND00000403,OTND00000413,hierarchy,2026-05-26 19:41:04,,True,admin
OTPD000019,OTND00000403,OTND00000414,hierarchy,2026-05-26 19:41:04,,True,admin
OTPD000019,OTND00000403,OTND00000415,hierarchy,2026-05-26 19:41:04,,True,admin
OTPD000019,OTND00000403,OTND00000416,hierarchy,2026-05-26 19:41:04,,True,admin
OTPD000019,OTND00000404,OTND00000417,hierarchy,2026-05-26 19:41:04,,True,admin
OTPD000019,OTND00000404,OTND00000418,hierarchy,2026-05-26 19:41:04,,True,admin
OTPD000019,OTND00000404,OTND00000419,hierarchy,2026-05-26 19:41:04,,True,admin
OTPD000019,OTND00000404,OTND00000420,hierarchy,2026-05-26 19:41:04,,True,admin
OTPD000019,OTND00000406,OTND00000423,hierarchy,2026-05-26 19:41:04,,True,admin
OTPD000019,OTND00000406,OTND00000424,hierarchy,2026-05-26 19:41:04,,True,admin
OTPD000019,OTND00000406,OTND00000425,hierarchy,2026-05-26 19:41:04,,True,admin
OTPD000019,OTND00000406,OTND00000426,hierarchy,2026-05-26 19:41:04,,True,admin
OTPD000020,OTND00000431,OTND00000436,hierarchy,2026-05-26 19:41:04,,True,admin
OTPD000020,OTND00000431,OTND00000437,hierarchy,2026-05-26 19:41:04,,True,admin
OTPD000020,OTND00000431,OTND00000438,hierarchy,2026-05-26 19:41:04,,True,admin
OTPD000020,OTND00000432,OTND00000442,hierarchy,2026-05-26 19:41:04,,True,admin
OTPD000020,OTND00000432,OTND00000443,hierarchy,2026-05-26 19:41:04,,True,admin
OTPD000020,OTND00000432,OTND00000444,hierarchy,2026-05-26 19:41:04,,True,admin
OTPD000020,OTND00000432,OTND00000445,hierarchy,2026-05-26 19:41:04,,True,admin
OTPD000020,OTND00000433,OTND00000446,hierarchy,2026-05-26 19:41:04,,True,admin
OTPD000020,OTND00000433,OTND00000447,hierarchy,2026-05-26 19:41:04,,True,admin
OTPD000020,OTND00000433,OTND00000448,hierarchy,2026-05-26 19:41:04,,True,admin
OTPD000020,OTND00000433,OTND00000449,hierarchy,2026-05-26 19:41:04,,True,admin
OTPD000020,OTND00000434,OTND00000446,hierarchy,2026-05-26 19:41:04,,True,admin
OTPD000020,OTND00000434,OTND00000447,hierarchy,2026-05-26 19:41:04,,True,admin
OTPD000020,OTND00000434,OTND00000448,hierarchy,2026-05-26 19:41:04,,True,admin
OTPD000020,OTND00000434,OTND00000449,hierarchy,2026-05-26 19:41:04,,True,admin
OTPD000020,OTND00000435,OTND00000450,hierarchy,2026-05-26 19:41:04,,True,admin
OTPD000020,OTND00000435,OTND00000451,hierarchy,2026-05-26 19:41:04,,True,admin
OTPD000020,OTND00000435,OTND00000452,hierarchy,2026-05-26 19:41:04,,True,admin
OTPD000020,OTND00000435,OTND00000453,hierarchy,2026-05-26 19:41:04,,True,admin
OTPD000001,OTND00000001,OTND00000002,peer,2026-05-26 19:41:04,,True,admin
OTPD000001,OTND00000001,OTND00000003,hierarchy,2026-05-26 19:41:04,,True,admin
OTPD000001,OTND00000001,OTND00000004,hierarchy,2026-05-26 19:41:04,,True,admin
OTPD000001,OTND00000001,OTND00000007,hierarchy,2026-05-26 19:41:04,,True,admin
OTPD000001,OTND00000001,OTND00000010,hierarchy,2026-05-26 19:41:04,,True,admin
OTPD000001,OTND00000001,OTND00000013,hierarchy,2026-05-26 19:41:04,,True,admin
OTPD000001,OTND00000001,OTND00000016,hierarchy,2026-05-26 19:41:04,,True,admin
OTPD000001,OTND00000001,OTND00000017,hierarchy,2026-05-26 19:41:04,,True,admin
OTPD000001,OTND00000001,OTND00000018,hierarchy,2026-05-26 19:41:04,,True,admin
OTPD000001,OTND00000001,OTND00000019,hierarchy,2026-05-26 19:41:04,,True,admin
OTPD000001,OTND00000001,OTND00000020,hierarchy,2026-05-26 19:41:04,,True,admin
OTPD000001,OTND00000001,OTND00000021,hierarchy,2026-05-26 19:41:04,,True,admin
OTPD000001,OTND00000001,OTND00000022,hierarchy,2026-05-26 19:41:04,,True,admin
OTPD000001,OTND00000004,OTND00000005,hierarchy,2026-05-26 19:41:04,,True,admin
OTPD000001,OTND00000004,OTND00000006,hierarchy,2026-05-26 19:41:04,,True,admin
OTPD000001,OTND00000007,OTND00000008,hierarchy,2026-05-26 19:41:04,,True,admin
OTPD000001,OTND00000007,OTND00000009,hierarchy,2026-05-26 19:41:04,,True,admin
OTPD000001,OTND00000010,OTND00000011,hierarchy,2026-05-26 19:41:04,,True,admin
OTPD000001,OTND00000010,OTND00000012,hierarchy,2026-05-26 19:41:04,,True,admin
OTPD000001,OTND00000013,OTND00000014,hierarchy,2026-05-26 19:41:04,,True,admin
OTPD000001,OTND00000013,OTND00000015,hierarchy,2026-05-26 19:41:04,,True,admin
OTPD000002,OTND00000058,OTND00000059,peer,2026-05-26 19:41:04,,True,admin
OTPD000002,OTND00000058,OTND00000023,hierarchy,2026-05-26 19:41:04,,True,admin
OTPD000002,OTND00000058,OTND00000027,hierarchy,2026-05-26 19:41:04,,True,admin
OTPD000002,OTND00000058,OTND00000030,hierarchy,2026-05-26 19:41:04,,True,admin
OTPD000002,OTND00000058,OTND00000033,hierarchy,2026-05-26 19:41:04,,True,admin
OTPD000002,OTND00000058,OTND00000034,hierarchy,2026-05-26 19:41:04,,True,admin
OTPD000002,OTND00000058,OTND00000041,hierarchy,2026-05-26 19:41:04,,True,admin
OTPD000002,OTND00000058,OTND00000046,hierarchy,2026-05-26 19:41:04,,True,admin
OTPD000002,OTND00000058,OTND00000052,hierarchy,2026-05-26 19:41:04,,True,admin
OTPD000002,OTND00000058,OTND00000055,hierarchy,2026-05-26 19:41:04,,True,admin
OTPD000002,OTND00000058,OTND00000056,hierarchy,2026-05-26 19:41:04,,True,admin
OTPD000002,OTND00000058,OTND00000057,hierarchy,2026-05-26 19:41:04,,True,admin
OTPD000002,OTND00000041,OTND00000042,hierarchy,2026-05-26 19:41:04,,True,admin
OTPD000002,OTND00000041,OTND00000043,hierarchy,2026-05-26 19:41:04,,True,admin
OTPD000002,OTND00000041,OTND00000044,hierarchy,2026-05-26 19:41:04,,True,admin
OTPD000002,OTND00000041,OTND00000045,hierarchy,2026-05-26 19:41:04,,True,admin
OTPD000002,OTND00000046,OTND00000047,hierarchy,2026-05-26 19:41:04,,True,admin
OTPD000002,OTND00000046,OTND00000048,hierarchy,2026-05-26 19:41:04,,True,admin
OTPD000002,OTND00000046,OTND00000049,hierarchy,2026-05-26 19:41:04,,True,admin
OTPD000002,OTND00000046,OTND00000050,hierarchy,2026-05-26 19:41:04,,True,admin
OTPD000002,OTND00000046,OTND00000051,hierarchy,2026-05-26 19:41:04,,True,admin
OTPD000002,OTND00000052,OTND00000053,hierarchy,2026-05-26 19:41:04,,True,admin
OTPD000002,OTND00000052,OTND00000054,hierarchy,2026-05-26 19:41:04,,True,admin
OTPD000002,OTND00000023,OTND00000024,hierarchy,2026-05-26 19:41:04,,True,admin
OTPD000002,OTND00000023,OTND00000025,hierarchy,2026-05-26 19:41:04,,True,admin
OTPD000002,OTND00000023,OTND00000026,hierarchy,2026-05-26 19:41:04,,True,admin
OTPD000002,OTND00000027,OTND00000028,hierarchy,2026-05-26 19:41:04,,True,admin
OTPD000002,OTND00000027,OTND00000029,hierarchy,2026-05-26 19:41:04,,True,admin
OTPD000002,OTND00000030,OTND00000031,hierarchy,2026-05-26 19:41:04,,True,admin
OTPD000002,OTND00000030,OTND00000032,hierarchy,2026-05-26 19:41:04,,True,admin
OTPD000002,OTND00000033,OTND00000035,hierarchy,2026-05-26 19:41:04,,True,admin
OTPD000002,OTND00000034,OTND00000035,hierarchy,2026-05-26 19:41:04,,True,admin
OTPD000002,OTND00000033,OTND00000036,hierarchy,2026-05-26 19:41:04,,True,admin
OTPD000002,OTND00000034,OTND00000036,hierarchy,2026-05-26 19:41:04,,True,admin
OTPD000002,OTND00000033,OTND00000037,hierarchy,2026-05-26 19:41:04,,True,admin
OTPD000002,OTND00000034,OTND00000037,hierarchy,2026-05-26 19:41:04,,True,admin
OTPD000002,OTND00000033,OTND00000038,hierarchy,2026-05-26 19:41:04,,True,admin
OTPD000002,OTND00000034,OTND00000038,hierarchy,2026-05-26 19:41:04,,True,admin
OTPD000002,OTND00000033,OTND00000039,hierarchy,2026-05-26 19:41:04,,True,admin
OTPD000002,OTND00000034,OTND00000039,hierarchy,2026-05-26 19:41:04,,True,admin
OTPD000002,OTND00000033,OTND00000040,hierarchy,2026-05-26 19:41:04,,True,admin
OTPD000002,OTND00000034,OTND00000040,hierarchy,2026-05-26 19:41:04,,True,admin
OTPD000002,OTND00000060,OTND00000033,peer,2026-05-26 19:41:04,,True,admin
OTPD000002,OTND00000060,OTND00000034,peer,2026-05-26 19:41:04,,True,admin
OTPD000002,OTND00000061,OTND00000030,peer,2026-05-26 19:41:04,,True,admin
OTPD000002,OTND00000062,OTND00000027,peer,2026-05-26 19:41:04,,True,admin
OTPD000002,OTND00000063,OTND00000023,peer,2026-05-26 19:41:04,,True,admin
OTPD000003,OTND00000064,OTND00000065,hierarchy,2026-05-26 19:41:04,,True,admin
OTPD000003,OTND00000064,OTND00000066,hierarchy,2026-05-26 19:41:04,,True,admin
OTPD000003,OTND00000064,OTND00000067,hierarchy,2026-05-26 19:41:04,,True,admin
OTPD000003,OTND00000064,OTND00000068,hierarchy,2026-05-26 19:41:04,,True,admin
OTPD000003,OTND00000064,OTND00000069,hierarchy,2026-05-26 19:41:04,,True,admin
OTPD000003,OTND00000064,OTND00000070,hierarchy,2026-05-26 19:41:04,,True,admin
OTPD000004,OTND00000071,OTND00000072,peer,2026-05-26 19:41:04,,True,admin
OTPD000004,OTND00000071,OTND00000073,hierarchy,2026-05-26 19:41:04,,True,admin
OTPD000005,OTND00000076,OTND00000074,peer,2026-05-26 19:41:04,,True,admin
OTPD000005,OTND00000074,OTND00000075,hierarchy,2026-05-26 19:41:04,,True,admin
OTPD000005,OTND00000076,OTND00000077,hierarchy,2026-05-26 19:41:04,,True,admin
OTPD000005,OTND00000076,OTND00000078,hierarchy,2026-05-26 19:41:04,,True,admin
OTPD000005,OTND00000076,OTND00000079,hierarchy,2026-05-26 19:41:04,,True,admin
OTPD000005,OTND00000076,OTND00000080,hierarchy,2026-05-26 19:41:04,,True,admin
OTPD000005,OTND00000076,OTND00000081,hierarchy,2026-05-26 19:41:04,,True,admin
OTPD000005,OTND00000076,OTND00000082,hierarchy,2026-05-26 19:41:04,,True,admin
OTPD000005,OTND00000076,OTND00000083,hierarchy,2026-05-26 19:41:04,,True,admin
OTPD000005,OTND00000076,OTND00000084,hierarchy,2026-05-26 19:41:04,,True,admin
OTPD000005,OTND00000076,OTND00000085,hierarchy,2026-05-26 19:41:04,,True,admin
OTPD000005,OTND00000076,OTND00000086,hierarchy,2026-05-26 19:41:04,,True,admin
OTPD000005,OTND00000076,OTND00000087,hierarchy,2026-05-26 19:41:04,,True,admin
OTPD000006,OTND00000088,OTND00000089,peer,2026-05-26 19:41:04,,True,admin
OTPD000006,OTND00000088,OTND00000090,hierarchy,2026-05-26 19:41:04,,True,admin
OTPD000006,OTND00000088,OTND00000091,hierarchy,2026-05-26 19:41:04,,True,admin
OTPD000006,OTND00000088,OTND00000092,hierarchy,2026-05-26 19:41:04,,True,admin
OTPD000006,OTND00000088,OTND00000093,hierarchy,2026-05-26 19:41:04,,True,admin
OTPD000006,OTND00000088,OTND00000094,hierarchy,2026-05-26 19:41:04,,True,admin
OTPD000006,OTND00000088,OTND00000095,hierarchy,2026-05-26 19:41:04,,True,admin
OTPD000006,OTND00000088,OTND00000096,hierarchy,2026-05-26 19:41:04,,True,admin
OTPD000006,OTND00000088,OTND00000097,hierarchy,2026-05-26 19:41:04,,True,admin
OTPD000006,OTND00000088,OTND00000098,hierarchy,2026-05-26 19:41:04,,True,admin
OTPD000006,OTND00000088,OTND00000099,hierarchy,2026-05-26 19:41:04,,True,admin
OTPD000007,OTND00000101,OTND00000100,peer,2026-05-26 19:41:04,,True,admin
OTPD000007,OTND00000100,OTND00000102,hierarchy,2026-05-26 19:41:04,,True,admin
OTPD000007,OTND00000101,OTND00000103,hierarchy,2026-05-26 19:41:04,,True,admin
OTPD000007,OTND00000101,OTND00000105,hierarchy,2026-05-26 19:41:04,,True,admin
OTPD000007,OTND00000101,OTND00000107,hierarchy,2026-05-26 19:41:04,,True,admin
OTPD000007,OTND00000101,OTND00000108,hierarchy,2026-05-26 19:41:04,,True,admin
OTPD000007,OTND00000101,OTND00000111,hierarchy,2026-05-26 19:41:04,,True,admin
OTPD000007,OTND00000101,OTND00000112,hierarchy,2026-05-26 19:41:04,,True,admin
OTPD000007,OTND00000101,OTND00000122,hierarchy,2026-05-26 19:41:04,,True,admin
OTPD000007,OTND00000101,OTND00000123,hierarchy,2026-05-26 19:41:04,,True,admin
OTPD000007,OTND00000101,OTND00000127,hierarchy,2026-05-26 19:41:04,,True,admin
OTPD000007,OTND00000101,OTND00000129,hierarchy,2026-05-26 19:41:04,,True,admin
OTPD000007,OTND00000101,OTND00000130,hierarchy,2026-05-26 19:41:04,,True,admin
OTPD000007,OTND00000101,OTND00000132,hierarchy,2026-05-26 19:41:04,,True,admin
OTPD000007,OTND00000101,OTND00000138,hierarchy,2026-05-26 19:41:04,,True,admin
OTPD000007,OTND00000130,OTND00000131,hierarchy,2026-05-26 19:41:04,,True,admin
OTPD000007,OTND00000123,OTND00000124,hierarchy,2026-05-26 19:41:04,,True,admin
OTPD000007,OTND00000123,OTND00000125,hierarchy,2026-05-26 19:41:04,,True,admin
OTPD000007,OTND00000123,OTND00000126,hierarchy,2026-05-26 19:41:04,,True,admin
OTPD000007,OTND00000127,OTND00000128,hierarchy,2026-05-26 19:41:04,,True,admin
OTPD000007,OTND00000132,OTND00000133,hierarchy,2026-05-26 19:41:04,,True,admin
OTPD000007,OTND00000132,OTND00000134,hierarchy,2026-05-26 19:41:04,,True,admin
OTPD000007,OTND00000132,OTND00000135,hierarchy,2026-05-26 19:41:04,,True,admin
OTPD000007,OTND00000132,OTND00000136,hierarchy,2026-05-26 19:41:04,,True,admin
OTPD000007,OTND00000132,OTND00000137,hierarchy,2026-05-26 19:41:04,,True,admin
OTPD000007,OTND00000103,OTND00000104,hierarchy,2026-05-26 19:41:04,,True,admin
OTPD000007,OTND00000105,OTND00000106,hierarchy,2026-05-26 19:41:04,,True,admin
OTPD000007,OTND00000107,OTND00000109,hierarchy,2026-05-26 19:41:04,,True,admin
OTPD000007,OTND00000108,OTND00000109,hierarchy,2026-05-26 19:41:04,,True,admin
OTPD000007,OTND00000107,OTND00000110,hierarchy,2026-05-26 19:41:04,,True,admin
OTPD000007,OTND00000108,OTND00000110,hierarchy,2026-05-26 19:41:04,,True,admin
OTPD000007,OTND00000111,OTND00000113,hierarchy,2026-05-26 19:41:04,,True,admin
OTPD000007,OTND00000112,OTND00000113,hierarchy,2026-05-26 19:41:04,,True,admin
OTPD000007,OTND00000111,OTND00000114,hierarchy,2026-05-26 19:41:04,,True,admin
OTPD000007,OTND00000112,OTND00000114,hierarchy,2026-05-26 19:41:04,,True,admin
OTPD000007,OTND00000111,OTND00000115,hierarchy,2026-05-26 19:41:04,,True,admin
OTPD000007,OTND00000112,OTND00000115,hierarchy,2026-05-26 19:41:04,,True,admin
OTPD000007,OTND00000111,OTND00000116,hierarchy,2026-05-26 19:41:04,,True,admin
OTPD000007,OTND00000112,OTND00000116,hierarchy,2026-05-26 19:41:04,,True,admin
OTPD000007,OTND00000111,OTND00000117,hierarchy,2026-05-26 19:41:04,,True,admin
OTPD000007,OTND00000112,OTND00000117,hierarchy,2026-05-26 19:41:04,,True,admin
OTPD000007,OTND00000111,OTND00000118,hierarchy,2026-05-26 19:41:04,,True,admin
OTPD000007,OTND00000112,OTND00000118,hierarchy,2026-05-26 19:41:04,,True,admin
OTPD000007,OTND00000111,OTND00000119,hierarchy,2026-05-26 19:41:04,,True,admin
OTPD000007,OTND00000112,OTND00000119,hierarchy,2026-05-26 19:41:04,,True,admin
OTPD000007,OTND00000111,OTND00000120,hierarchy,2026-05-26 19:41:04,,True,admin
OTPD000007,OTND00000112,OTND00000120,hierarchy,2026-05-26 19:41:04,,True,admin
OTPD000007,OTND00000111,OTND00000121,hierarchy,2026-05-26 19:41:04,,True,admin
OTPD000007,OTND00000112,OTND00000121,hierarchy,2026-05-26 19:41:04,,True,admin
OTPD000008,OTND00000140,OTND00000139,peer,2026-05-26 19:41:04,,True,admin
OTPD000008,OTND00000140,OTND00000141,hierarchy,2026-05-26 19:41:04,,True,admin
OTPD000008,OTND00000140,OTND00000142,hierarchy,2026-05-26 19:41:04,,True,admin
OTPD000008,OTND00000140,OTND00000143,hierarchy,2026-05-26 19:41:04,,True,admin
OTPD000008,OTND00000140,OTND00000144,hierarchy,2026-05-26 19:41:04,,True,admin
OTPD000008,OTND00000140,OTND00000145,hierarchy,2026-05-26 19:41:04,,True,admin
OTPD000008,OTND00000140,OTND00000146,hierarchy,2026-05-26 19:41:04,,True,admin
OTPD000008,OTND00000140,OTND00000147,hierarchy,2026-05-26 19:41:04,,True,admin
OTPD000008,OTND00000140,OTND00000148,hierarchy,2026-05-26 19:41:04,,True,admin
OTPD000008,OTND00000140,OTND00000149,hierarchy,2026-05-26 19:41:04,,True,admin
OTPD000008,OTND00000140,OTND00000150,hierarchy,2026-05-26 19:41:04,,True,admin
OTPD000008,OTND00000140,OTND00000151,hierarchy,2026-05-26 19:41:04,,True,admin
OTPD000008,OTND00000140,OTND00000152,hierarchy,2026-05-26 19:41:04,,True,admin
OTPD000008,OTND00000140,OTND00000153,hierarchy,2026-05-26 19:41:04,,True,admin
OTPD000008,OTND00000140,OTND00000154,hierarchy,2026-05-26 19:41:04,,True,admin
OTPD000008,OTND00000140,OTND00000155,hierarchy,2026-05-26 19:41:04,,True,admin
OTPD000008,OTND00000140,OTND00000156,hierarchy,2026-05-26 19:41:04,,True,admin
OTPD000009,OTND00000158,OTND00000157,peer,2026-05-26 19:41:04,,True,admin
OTPD000009,OTND00000158,OTND00000159,hierarchy,2026-05-26 19:41:04,,True,admin
OTPD000009,OTND00000158,OTND00000160,hierarchy,2026-05-26 19:41:04,,True,admin
OTPD000009,OTND00000158,OTND00000163,hierarchy,2026-05-26 19:41:04,,True,admin
OTPD000009,OTND00000158,OTND00000164,hierarchy,2026-05-26 19:41:04,,True,admin
OTPD000009,OTND00000158,OTND00000165,hierarchy,2026-05-26 19:41:04,,True,admin
OTPD000009,OTND00000158,OTND00000166,hierarchy,2026-05-26 19:41:04,,True,admin
OTPD000009,OTND00000160,OTND00000161,hierarchy,2026-05-26 19:41:04,,True,admin
OTPD000009,OTND00000160,OTND00000162,hierarchy,2026-05-26 19:41:04,,True,admin
OTPD000010,OTND00000167,OTND00000197,peer,2026-05-26 19:41:04,,True,admin
OTPD000010,OTND00000197,OTND00000198,hierarchy,2026-05-26 19:41:04,,True,admin
OTPD000010,OTND00000167,OTND00000168,hierarchy,2026-05-26 19:41:04,,True,admin
OTPD000010,OTND00000167,OTND00000169,hierarchy,2026-05-26 19:41:04,,True,admin
OTPD000010,OTND00000167,OTND00000170,hierarchy,2026-05-26 19:41:04,,True,admin
OTPD000010,OTND00000167,OTND00000174,hierarchy,2026-05-26 19:41:04,,True,admin
OTPD000010,OTND00000167,OTND00000176,hierarchy,2026-05-26 19:41:04,,True,admin
OTPD000010,OTND00000167,OTND00000179,hierarchy,2026-05-26 19:41:04,,True,admin
OTPD000010,OTND00000167,OTND00000184,hierarchy,2026-05-26 19:41:04,,True,admin
OTPD000010,OTND00000167,OTND00000188,hierarchy,2026-05-26 19:41:04,,True,admin
OTPD000010,OTND00000167,OTND00000191,hierarchy,2026-05-26 19:41:04,,True,admin
OTPD000010,OTND00000167,OTND00000192,hierarchy,2026-05-26 19:41:04,,True,admin
OTPD000010,OTND00000167,OTND00000193,hierarchy,2026-05-26 19:41:04,,True,admin
OTPD000010,OTND00000184,OTND00000185,hierarchy,2026-05-26 19:41:04,,True,admin
OTPD000010,OTND00000184,OTND00000186,hierarchy,2026-05-26 19:41:04,,True,admin
OTPD000010,OTND00000184,OTND00000187,hierarchy,2026-05-26 19:41:04,,True,admin
OTPD000010,OTND00000188,OTND00000189,hierarchy,2026-05-26 19:41:04,,True,admin
OTPD000010,OTND00000188,OTND00000190,hierarchy,2026-05-26 19:41:04,,True,admin
OTPD000010,OTND00000193,OTND00000194,hierarchy,2026-05-26 19:41:04,,True,admin
OTPD000010,OTND00000193,OTND00000195,hierarchy,2026-05-26 19:41:04,,True,admin
OTPD000010,OTND00000193,OTND00000196,hierarchy,2026-05-26 19:41:04,,True,admin
OTPD000010,OTND00000169,OTND00000171,hierarchy,2026-05-26 19:41:04,,True,admin
OTPD000010,OTND00000170,OTND00000171,hierarchy,2026-05-26 19:41:04,,True,admin
OTPD000010,OTND00000169,OTND00000172,hierarchy,2026-05-26 19:41:04,,True,admin
OTPD000010,OTND00000170,OTND00000172,hierarchy,2026-05-26 19:41:04,,True,admin
OTPD000010,OTND00000169,OTND00000173,hierarchy,2026-05-26 19:41:04,,True,admin
OTPD000010,OTND00000170,OTND00000173,hierarchy,2026-05-26 19:41:04,,True,admin
OTPD000010,OTND00000174,OTND00000175,hierarchy,2026-05-26 19:41:04,,True,admin
OTPD000010,OTND00000176,OTND00000177,hierarchy,2026-05-26 19:41:04,,True,admin
OTPD000010,OTND00000176,OTND00000178,hierarchy,2026-05-26 19:41:04,,True,admin
OTPD000010,OTND00000179,OTND00000180,hierarchy,2026-05-26 19:41:04,,True,admin
OTPD000010,OTND00000179,OTND00000181,hierarchy,2026-05-26 19:41:04,,True,admin
OTPD000010,OTND00000179,OTND00000182,hierarchy,2026-05-26 19:41:04,,True,admin
OTPD000010,OTND00000179,OTND00000183,hierarchy,2026-05-26 19:41:04,,True,admin
OTPD000011,OTND00000200,OTND00000199,peer,2026-05-26 19:41:04,,True,admin
OTPD000011,OTND00000200,OTND00000201,hierarchy,2026-05-26 19:41:04,,True,admin
OTPD000011,OTND00000200,OTND00000202,hierarchy,2026-05-26 19:41:04,,True,admin
OTPD000011,OTND00000200,OTND00000205,hierarchy,2026-05-26 19:41:04,,True,admin
OTPD000011,OTND00000200,OTND00000206,hierarchy,2026-05-26 19:41:04,,True,admin
OTPD000011,OTND00000200,OTND00000207,hierarchy,2026-05-26 19:41:04,,True,admin
OTPD000011,OTND00000200,OTND00000208,hierarchy,2026-05-26 19:41:04,,True,admin
OTPD000011,OTND00000200,OTND00000209,hierarchy,2026-05-26 19:41:04,,True,admin
OTPD000011,OTND00000200,OTND00000212,hierarchy,2026-05-26 19:41:04,,True,admin
OTPD000011,OTND00000200,OTND00000213,hierarchy,2026-05-26 19:41:04,,True,admin
OTPD000011,OTND00000203,OTND00000201,peer,2026-05-26 19:41:04,,True,admin
OTPD000011,OTND00000204,OTND00000202,peer,2026-05-26 19:41:04,,True,admin
OTPD000011,OTND00000210,OTND00000205,peer,2026-05-26 19:41:04,,True,admin
OTPD000011,OTND00000210,OTND00000206,peer,2026-05-26 19:41:04,,True,admin
OTPD000011,OTND00000211,OTND00000207,peer,2026-05-26 19:41:04,,True,admin
OTPD000011,OTND00000211,OTND00000208,peer,2026-05-26 19:41:04,,True,admin
OTPD000011,OTND00000211,OTND00000209,peer,2026-05-26 19:41:04,,True,admin
OTPD000012,OTND00000214,OTND00000215,hierarchy,2026-05-26 19:41:04,,True,admin
OTPD000012,OTND00000214,OTND00000218,hierarchy,2026-05-26 19:41:04,,True,admin
OTPD000012,OTND00000214,OTND00000219,hierarchy,2026-05-26 19:41:04,,True,admin
OTPD000012,OTND00000215,OTND00000216,hierarchy,2026-05-26 19:41:04,,True,admin
OTPD000012,OTND00000215,OTND00000217,hierarchy,2026-05-26 19:41:04,,True,admin
OTPD000019,OTND00000430,OTND00000429,peer,2026-05-26 19:41:04,,True,admin
OTPD000019,OTND00000430,OTND00000401,hierarchy,2026-05-26 19:41:04,,True,admin
OTPD000019,OTND00000430,OTND00000402,hierarchy,2026-05-26 19:41:04,,True,admin
OTPD000019,OTND00000430,OTND00000403,hierarchy,2026-05-26 19:41:04,,True,admin
OTPD000019,OTND00000430,OTND00000404,hierarchy,2026-05-26 19:41:04,,True,admin
OTPD000019,OTND00000430,OTND00000406,hierarchy,2026-05-26 19:41:04,,True,admin
OTPD000019,OTND00000430,OTND00000407,hierarchy,2026-05-26 19:41:04,,True,admin
OTPD000019,OTND00000430,OTND00000408,hierarchy,2026-05-26 19:41:04,,True,admin
OTPD000019,OTND00000430,OTND00000409,hierarchy,2026-05-26 19:41:04,,True,admin
OTPD000019,OTND00000430,OTND00000427,hierarchy,2026-05-26 19:41:04,,True,admin
OTPD000019,OTND00000427,OTND00000405,hierarchy,2026-05-26 19:41:04,,True,admin
OTPD000019,OTND00000427,OTND00000421,hierarchy,2026-05-26 19:41:04,,True,admin
OTPD000019,OTND00000427,OTND00000422,hierarchy,2026-05-26 19:41:04,,True,admin
OTPD000019,OTND00000427,OTND00000428,hierarchy,2026-05-26 19:41:04,,True,admin
OTPD000013,OTND00000250,OTND00000251,peer,2026-05-26 19:41:04,,True,admin
OTPD000013,OTND00000250,OTND00000220,hierarchy,2026-05-26 19:41:04,,True,admin
OTPD000013,OTND00000250,OTND00000221,hierarchy,2026-05-26 19:41:04,,True,admin
OTPD000013,OTND00000250,OTND00000222,hierarchy,2026-05-26 19:41:04,,True,admin
OTPD000013,OTND00000250,OTND00000223,hierarchy,2026-05-26 19:41:04,,True,admin
OTPD000013,OTND00000250,OTND00000224,hierarchy,2026-05-26 19:41:04,,True,admin
OTPD000013,OTND00000250,OTND00000225,hierarchy,2026-05-26 19:41:04,,True,admin
OTPD000013,OTND00000250,OTND00000226,hierarchy,2026-05-26 19:41:04,,True,admin
OTPD000013,OTND00000250,OTND00000227,hierarchy,2026-05-26 19:41:04,,True,admin
OTPD000013,OTND00000250,OTND00000228,hierarchy,2026-05-26 19:41:04,,True,admin
OTPD000013,OTND00000250,OTND00000229,hierarchy,2026-05-26 19:41:04,,True,admin
OTPD000013,OTND00000250,OTND00000230,hierarchy,2026-05-26 19:41:04,,True,admin
OTPD000020,OTND00000458,OTND00000457,peer,2026-05-26 19:41:04,,True,admin
OTPD000020,OTND00000458,OTND00000431,hierarchy,2026-05-26 19:41:04,,True,admin
OTPD000020,OTND00000458,OTND00000432,hierarchy,2026-05-26 19:41:04,,True,admin
OTPD000020,OTND00000458,OTND00000433,hierarchy,2026-05-26 19:41:04,,True,admin
OTPD000020,OTND00000458,OTND00000434,hierarchy,2026-05-26 19:41:04,,True,admin
OTPD000020,OTND00000458,OTND00000435,hierarchy,2026-05-26 19:41:04,,True,admin
OTPD000020,OTND00000458,OTND00000439,hierarchy,2026-05-26 19:41:04,,True,admin
OTPD000020,OTND00000439,OTND00000440,hierarchy,2026-05-26 19:41:04,,True,admin
OTPD000020,OTND00000439,OTND00000441,hierarchy,2026-05-26 19:41:04,,True,admin
OTPD000020,OTND00000431,OTND00000454,hierarchy,2026-05-26 19:41:04,,True,admin
OTPD000020,OTND00000439,OTND00000455,hierarchy,2026-05-26 19:41:04,,True,admin
OTPD000020,OTND00000439,OTND00000456,hierarchy,2026-05-26 19:41:04,,True,admin
OTPD000018,OTND00000397,OTND00000396,peer,2026-05-26 19:41:04,,True,admin
OTPD000018,OTND00000397,OTND00000373,hierarchy,2026-05-26 19:41:04,,True,admin
OTPD000018,OTND00000397,OTND00000374,hierarchy,2026-05-26 19:41:04,,True,admin
OTPD000018,OTND00000397,OTND00000375,hierarchy,2026-05-26 19:41:04,,True,admin
OTPD000018,OTND00000397,OTND00000376,hierarchy,2026-05-26 19:41:04,,True,admin
OTPD000018,OTND00000397,OTND00000377,hierarchy,2026-05-26 19:41:04,,True,admin
OTPD000018,OTND00000397,OTND00000381,hierarchy,2026-05-26 19:41:04,,True,admin
OTPD000018,OTND00000381,OTND00000382,hierarchy,2026-05-26 19:41:04,,True,admin
OTPD000018,OTND00000381,OTND00000383,hierarchy,2026-05-26 19:41:04,,True,admin
OTPD000018,OTND00000373,OTND00000398,hierarchy,2026-05-26 19:41:04,,True,admin
OTPD000018,OTND00000381,OTND00000399,hierarchy,2026-05-26 19:41:04,,True,admin
OTPD000018,OTND00000381,OTND00000400,hierarchy,2026-05-26 19:41:04,,True,admin
OTPD000017,OTND00000344,OTND00000372,peer,2026-05-26 19:41:04,,True,admin
OTPD000017,OTND00000344,OTND00000345,hierarchy,2026-05-26 19:41:04,,True,admin
OTPD000017,OTND00000344,OTND00000346,hierarchy,2026-05-26 19:41:04,,True,admin
OTPD000017,OTND00000344,OTND00000347,hierarchy,2026-05-26 19:41:04,,True,admin
OTPD000017,OTND00000344,OTND00000348,hierarchy,2026-05-26 19:41:04,,True,admin
OTPD000017,OTND00000344,OTND00000349,hierarchy,2026-05-26 19:41:04,,True,admin
OTPD000017,OTND00000344,OTND00000350,hierarchy,2026-05-26 19:41:04,,True,admin
OTPD000017,OTND00000344,OTND00000351,hierarchy,2026-05-26 19:41:04,,True,admin
OTPD000017,OTND00000344,OTND00000352,hierarchy,2026-05-26 19:41:04,,True,admin
OTPD000017,OTND00000344,OTND00000353,hierarchy,2026-05-26 19:41:04,,True,admin
OTPD000017,OTND00000344,OTND00000357,hierarchy,2026-05-26 19:41:04,,True,admin
OTPD000017,OTND00000344,OTND00000358,hierarchy,2026-05-26 19:41:04,,True,admin
OTPD000017,OTND00000344,OTND00000359,hierarchy,2026-05-26 19:41:04,,True,admin
OTPD000016,OTND00000313,OTND00000343,peer,2026-05-26 19:41:04,,True,admin
OTPD000016,OTND00000313,OTND00000314,hierarchy,2026-05-26 19:41:04,,True,admin
OTPD000016,OTND00000313,OTND00000315,hierarchy,2026-05-26 19:41:04,,True,admin
OTPD000016,OTND00000313,OTND00000316,hierarchy,2026-05-26 19:41:04,,True,admin
OTPD000016,OTND00000313,OTND00000317,hierarchy,2026-05-26 19:41:04,,True,admin
OTPD000016,OTND00000313,OTND00000318,hierarchy,2026-05-26 19:41:04,,True,admin
OTPD000016,OTND00000313,OTND00000319,hierarchy,2026-05-26 19:41:04,,True,admin
OTPD000016,OTND00000313,OTND00000320,hierarchy,2026-05-26 19:41:04,,True,admin
OTPD000016,OTND00000313,OTND00000321,hierarchy,2026-05-26 19:41:04,,True,admin
OTPD000016,OTND00000313,OTND00000322,hierarchy,2026-05-26 19:41:04,,True,admin
OTPD000016,OTND00000313,OTND00000323,hierarchy,2026-05-26 19:41:04,,True,admin
OTPD000015,OTND00000312,OTND00000311,peer,2026-05-26 19:41:04,,True,admin
OTPD000015,OTND00000312,OTND00000283,hierarchy,2026-05-26 19:41:04,,True,admin
OTPD000015,OTND00000312,OTND00000284,hierarchy,2026-05-26 19:41:04,,True,admin
OTPD000015,OTND00000312,OTND00000285,hierarchy,2026-05-26 19:41:04,,True,admin
OTPD000015,OTND00000312,OTND00000286,hierarchy,2026-05-26 19:41:04,,True,admin
OTPD000015,OTND00000312,OTND00000288,hierarchy,2026-05-26 19:41:04,,True,admin
OTPD000015,OTND00000312,OTND00000289,hierarchy,2026-05-26 19:41:04,,True,admin
OTPD000015,OTND00000312,OTND00000290,hierarchy,2026-05-26 19:41:04,,True,admin
OTPD000015,OTND00000312,OTND00000291,hierarchy,2026-05-26 19:41:04,,True,admin
OTPD000015,OTND00000312,OTND00000309,hierarchy,2026-05-26 19:41:04,,True,admin
OTPD000015,OTND00000309,OTND00000287,hierarchy,2026-05-26 19:41:04,,True,admin
OTPD000015,OTND00000309,OTND00000303,hierarchy,2026-05-26 19:41:04,,True,admin
OTPD000015,OTND00000309,OTND00000304,hierarchy,2026-05-26 19:41:04,,True,admin
OTPD000015,OTND00000309,OTND00000310,hierarchy,2026-05-26 19:41:04,,True,admin
OTPD000014,OTND00000252,OTND00000282,peer,2026-05-26 19:41:04,,True,admin
OTPD000014,OTND00000252,OTND00000253,hierarchy,2026-05-26 19:41:04,,True,admin
OTPD000014,OTND00000252,OTND00000254,hierarchy,2026-05-26 19:41:04,,True,admin
OTPD000014,OTND00000252,OTND00000255,hierarchy,2026-05-26 19:41:04,,True,admin
OTPD000014,OTND00000252,OTND00000256,hierarchy,2026-05-26 19:41:04,,True,admin
OTPD000014,OTND00000252,OTND00000257,hierarchy,2026-05-26 19:41:04,,True,admin
OTPD000014,OTND00000252,OTND00000258,hierarchy,2026-05-26 19:41:04,,True,admin
OTPD000014,OTND00000252,OTND00000259,hierarchy,2026-05-26 19:41:04,,True,admin
OTPD000014,OTND00000252,OTND00000260,hierarchy,2026-05-26 19:41:04,,True,admin
OTPD000014,OTND00000252,OTND00000261,hierarchy,2026-05-26 19:41:04,,True,admin
OTPD000014,OTND00000252,OTND00000262,hierarchy,2026-05-26 19:41:04,,True,admin
OTPD000021,OTND00000459,OTND00000460,peer,2026-05-26 19:41:04,,True,admin
OTPD000021,OTND00000459,OTND00000461,hierarchy,2026-05-26 19:41:04,,True,admin
OTPD000021,OTND00000459,OTND00000462,hierarchy,2026-05-26 19:41:04,,True,admin
OTPD000021,OTND00000459,OTND00000463,hierarchy,2026-05-26 19:41:04,,True,admin
OTPD000021,OTND00000459,OTND00000464,hierarchy,2026-05-26 19:41:04,,True,admin
OTPD000021,OTND00000459,OTND00000465,hierarchy,2026-05-26 19:41:04,,True,admin
OTPD000021,OTND00000459,OTND00000466,hierarchy,2026-05-26 19:41:04,,True,admin
OTPD000021,OTND00000459,OTND00000467,hierarchy,2026-05-26 19:41:04,,True,admin
OTPD000021,OTND00000459,OTND00000468,hierarchy,2026-05-26 19:41:04,,True,admin
OTPD000021,OTND00000459,OTND00000470,hierarchy,2026-05-26 19:41:04,,True,admin
OTPD000021,OTND00000459,OTND00000472,hierarchy,2026-05-26 19:41:04,,True,admin
OTPD000021,OTND00000459,OTND00000473,hierarchy,2026-05-26 19:41:04,,True,admin
OTPD000021,OTND00000459,OTND00000475,hierarchy,2026-05-26 19:41:04,,True,admin
OTPD000021,OTND00000459,OTND00000476,hierarchy,2026-05-26 19:41:04,,True,admin
OTPD000021,OTND00000459,OTND00000477,hierarchy,2026-05-26 19:41:04,,True,admin
OTPD000021,OTND00000459,OTND00000478,hierarchy,2026-05-26 19:41:04,,True,admin
OTPD000021,OTND00000459,OTND00000479,hierarchy,2026-05-26 19:41:04,,True,admin
OTPD000021,OTND00000459,OTND00000480,hierarchy,2026-05-26 19:41:04,,True,admin
OTPD000021,OTND00000469,OTND00000467,peer,2026-05-26 19:41:04,,True,admin
OTPD000021,OTND00000469,OTND00000468,peer,2026-05-26 19:41:04,,True,admin
OTPD000021,OTND00000471,OTND00000470,peer,2026-05-26 19:41:04,,True,admin
OTPD000021,OTND00000474,OTND00000472,peer,2026-05-26 19:41:04,,True,admin
OTPD000021,OTND00000474,OTND00000473,peer,2026-05-26 19:41:04,,True,admin
OTPD000022,OTND00000481,OTND00000482,peer,2026-05-26 19:41:04,,True,admin
OTPD000022,OTND00000481,OTND00000483,hierarchy,2026-05-26 19:41:04,,True,admin
OTPD000022,OTND00000481,OTND00000484,hierarchy,2026-05-26 19:41:04,,True,admin
OTPD000022,OTND00000481,OTND00000485,hierarchy,2026-05-26 19:41:04,,True,admin
OTPD000022,OTND00000481,OTND00000486,hierarchy,2026-05-26 19:41:04,,True,admin
OTPD000022,OTND00000481,OTND00000487,hierarchy,2026-05-26 19:41:04,,True,admin
OTPD000022,OTND00000481,OTND00000488,hierarchy,2026-05-26 19:41:04,,True,admin
OTPD000022,OTND00000481,OTND00000489,hierarchy,2026-05-26 19:41:04,,True,admin
OTPD000023,OTND00000490,OTND00000495,peer,2026-05-26 19:41:04,,True,admin
OTPD000023,OTND00000490,OTND00000491,hierarchy,2026-05-26 19:41:04,,True,admin
OTPD000023,OTND00000490,OTND00000492,hierarchy,2026-05-26 19:41:04,,True,admin
OTPD000023,OTND00000490,OTND00000493,hierarchy,2026-05-26 19:41:04,,True,admin
OTPD000023,OTND00000490,OTND00000494,hierarchy,2026-05-26 19:41:04,,True,admin
OTPD000024,OTND00000497,OTND00000496,peer,2026-05-26 19:41:04,,True,admin
OTPD000024,OTND00000497,OTND00000498,hierarchy,2026-05-26 19:41:04,,True,admin
OTPD000024,OTND00000497,OTND00000499,hierarchy,2026-05-26 19:41:04,,True,admin
OTPD000024,OTND00000497,OTND00000500,hierarchy,2026-05-26 19:41:04,,True,admin
OTPD000024,OTND00000497,OTND00000501,hierarchy,2026-05-26 19:41:04,,True,admin
OTPD000024,OTND00000497,OTND00000502,hierarchy,2026-05-26 19:41:04,,True,admin
OTPD000024,OTND00000497,OTND00000503,hierarchy,2026-05-26 19:41:04,,True,admin
OTPD000024,OTND00000497,OTND00000504,hierarchy,2026-05-26 19:41:04,,True,admin
OTPD000024,OTND00000497,OTND00000505,hierarchy,2026-05-26 19:41:04,,True,admin
OTPD000024,OTND00000497,OTND00000506,hierarchy,2026-05-26 19:41:04,,True,admin
OTPD000024,OTND00000497,OTND00000550,hierarchy,2026-05-26 19:41:04,,True,admin
OTPD000024,OTND00000497,OTND00000547,hierarchy,2026-05-26 19:41:04,,True,admin
OTPD000024,OTND00000497,OTND00000551,hierarchy,2026-05-26 19:41:04,,True,admin
OTPD000024,OTND00000497,OTND00000548,hierarchy,2026-05-26 19:41:04,,True,admin
OTPD000024,OTND00000499,OTND00000507,hierarchy,2026-05-26 19:41:04,,True,admin
OTPD000024,OTND00000499,OTND00000508,hierarchy,2026-05-26 19:41:04,,True,admin
OTPD000024,OTND00000499,OTND00000509,hierarchy,2026-05-26 19:41:04,,True,admin
OTPD000024,OTND00000499,OTND00000510,hierarchy,2026-05-26 19:41:04,,True,admin
OTPD000024,OTND00000499,OTND00000511,hierarchy,2026-05-26 19:41:04,,True,admin
OTPD000024,OTND00000500,OTND00000512,hierarchy,2026-05-26 19:41:04,,True,admin
OTPD000024,OTND00000500,OTND00000513,hierarchy,2026-05-26 19:41:04,,True,admin
OTPD000024,OTND00000500,OTND00000514,hierarchy,2026-05-26 19:41:04,,True,admin
OTPD000024,OTND00000500,OTND00000515,hierarchy,2026-05-26 19:41:04,,True,admin
OTPD000024,OTND00000500,OTND00000516,hierarchy,2026-05-26 19:41:04,,True,admin
OTPD000024,OTND00000501,OTND00000517,hierarchy,2026-05-26 19:41:04,,True,admin
OTPD000024,OTND00000501,OTND00000518,hierarchy,2026-05-26 19:41:04,,True,admin
OTPD000024,OTND00000501,OTND00000519,hierarchy,2026-05-26 19:41:04,,True,admin
OTPD000024,OTND00000502,OTND00000520,hierarchy,2026-05-26 19:41:04,,True,admin
OTPD000024,OTND00000502,OTND00000521,hierarchy,2026-05-26 19:41:04,,True,admin
OTPD000024,OTND00000502,OTND00000522,hierarchy,2026-05-26 19:41:04,,True,admin
OTPD000024,OTND00000502,OTND00000523,hierarchy,2026-05-26 19:41:04,,True,admin
OTPD000024,OTND00000498,OTND00000524,hierarchy,2026-05-26 19:41:04,,True,admin
OTPD000024,OTND00000498,OTND00000525,hierarchy,2026-05-26 19:41:04,,True,admin
OTPD000024,OTND00000498,OTND00000526,hierarchy,2026-05-26 19:41:04,,True,admin
OTPD000024,OTND00000498,OTND00000527,hierarchy,2026-05-26 19:41:04,,True,admin
OTPD000024,OTND00000504,OTND00000528,hierarchy,2026-05-26 19:41:04,,True,admin
OTPD000024,OTND00000504,OTND00000529,hierarchy,2026-05-26 19:41:04,,True,admin
OTPD000024,OTND00000504,OTND00000530,hierarchy,2026-05-26 19:41:04,,True,admin
OTPD000024,OTND00000503,OTND00000531,hierarchy,2026-05-26 19:41:04,,True,admin
OTPD000024,OTND00000503,OTND00000532,hierarchy,2026-05-26 19:41:04,,True,admin
OTPD000024,OTND00000503,OTND00000533,hierarchy,2026-05-26 19:41:04,,True,admin
OTPD000024,OTND00000505,OTND00000534,hierarchy,2026-05-26 19:41:04,,True,admin
OTPD000024,OTND00000505,OTND00000535,hierarchy,2026-05-26 19:41:04,,True,admin
OTPD000024,OTND00000505,OTND00000536,hierarchy,2026-05-26 19:41:04,,True,admin
OTPD000024,OTND00000505,OTND00000537,hierarchy,2026-05-26 19:41:04,,True,admin
OTPD000024,OTND00000505,OTND00000538,hierarchy,2026-05-26 19:41:04,,True,admin
OTPD000024,OTND00000505,OTND00000539,hierarchy,2026-05-26 19:41:04,,True,admin
OTPD000024,OTND00000505,OTND00000540,hierarchy,2026-05-26 19:41:04,,True,admin
OTPD000024,OTND00000506,OTND00000541,hierarchy,2026-05-26 19:41:04,,True,admin
OTPD000024,OTND00000506,OTND00000542,hierarchy,2026-05-26 19:41:04,,True,admin
OTPD000024,OTND00000506,OTND00000543,hierarchy,2026-05-26 19:41:04,,True,admin
OTPD000024,OTND00000506,OTND00000544,hierarchy,2026-05-26 19:41:04,,True,admin
OTPD000024,OTND00000506,OTND00000545,hierarchy,2026-05-26 19:41:04,,True,admin
OTPD000024,OTND00000506,OTND00000546,hierarchy,2026-05-26 19:41:04,,True,admin
OTPD000024,OTND00000548,OTND00000549,hierarchy,2026-05-26 19:41:04,,True,admin
OTPD000024,OTND00000507,OTND00000499,reports_to,2026-05-26 19:41:04,,True,admin
OTPD000024,OTND00000508,OTND00000499,reports_to,2026-05-26 19:41:04,,True,admin
OTPD000024,OTND00000509,OTND00000499,reports_to,2026-05-26 19:41:04,,True,admin
OTPD000024,OTND00000510,OTND00000499,reports_to,2026-05-26 19:41:04,,True,admin
OTPD000024,OTND00000511,OTND00000499,reports_to,2026-05-26 19:41:04,,True,admin
OTPD000024,OTND00000512,OTND00000500,reports_to,2026-05-26 19:41:04,,True,admin
OTPD000024,OTND00000513,OTND00000500,reports_to,2026-05-26 19:41:04,,True,admin
OTPD000024,OTND00000514,OTND00000500,reports_to,2026-05-26 19:41:04,,True,admin
OTPD000024,OTND00000515,OTND00000500,reports_to,2026-05-26 19:41:04,,True,admin
OTPD000024,OTND00000516,OTND00000500,reports_to,2026-05-26 19:41:04,,True,admin
OTPD000025,OTND00000553,OTND00000552,peer,2026-05-26 19:41:04,,True,admin
OTPD000025,OTND00000553,OTND00000554,hierarchy,2026-05-26 19:41:04,,True,admin
OTPD000025,OTND00000553,OTND00000555,hierarchy,2026-05-26 19:41:04,,True,admin
OTPD000025,OTND00000553,OTND00000556,hierarchy,2026-05-26 19:41:04,,True,admin
OTPD000025,OTND00000553,OTND00000557,hierarchy,2026-05-26 19:41:04,,True,admin
OTPD000025,OTND00000553,OTND00000558,hierarchy,2026-05-26 19:41:04,,True,admin
OTPD000025,OTND00000553,OTND00000559,hierarchy,2026-05-26 19:41:04,,True,admin
OTPD000025,OTND00000553,OTND00000560,hierarchy,2026-05-26 19:41:04,,True,admin
OTPD000025,OTND00000553,OTND00000561,hierarchy,2026-05-26 19:41:04,,True,admin
OTPD000025,OTND00000553,OTND00000562,hierarchy,2026-05-26 19:41:04,,True,admin
OTPD000025,OTND00000553,OTND00000563,hierarchy,2026-05-26 19:41:04,,True,admin
OTPD000025,OTND00000553,OTND00000566,hierarchy,2026-05-26 19:41:04,,True,admin
OTPD000025,OTND00000553,OTND00000564,hierarchy,2026-05-26 19:41:04,,True,admin
OTPD000025,OTND00000564,OTND00000565,hierarchy,2026-05-26 19:41:04,,True,admin
OTPD000026,OTND00000568,OTND00000567,peer,2026-05-26 19:41:04,,True,admin
OTPD000026,OTND00000568,OTND00000569,hierarchy,2026-05-26 19:41:04,,True,admin
OTPD000026,OTND00000568,OTND00000570,hierarchy,2026-05-26 19:41:04,,True,admin
OTPD000027,OTND31641638,OTND31641639,peer,2026-05-29 11:19:23,,True,admin
OTPD000027,OTND31641638,OTND31641640,hierarchy,2026-05-29 11:20:53,,True,admin
OTPD000027,OTND31641638,OTND31641641,hierarchy,2026-05-29 11:21:54,,True,admin
OTPD000027,OTND31641638,OTND31641643,hierarchy,2026-05-29 11:21:54,,True,admin
OTPD000027,OTND31641641,OTND31641642,hierarchy,2026-05-29 11:21:54,,True,admin
OTPD000027,OTND31641643,OTND31641644,hierarchy,2026-05-29 11:22:24,,True,admin
OTPD000027,OTND31641641,OTND33223133,hierarchy,2026-05-29 11:33:31,,True,admin
OTPD000027,OTND31641641,OTND33223132,hierarchy,2026-05-29 11:33:31,,True,admin
OTPD000027,OTND31641642,OTND33223132,hierarchy,2026-05-29 11:33:31,,True,admin
OTPD000027,OTND31641642,OTND33223133,hierarchy,2026-05-29 11:33:31,,True,admin
OTPD000027,OTND31641641,OTND33223142,hierarchy,2026-05-29 11:33:31,,True,admin
OTPD000027,OTND31641642,OTND33223142,hierarchy,2026-05-29 11:33:31,,True,admin
OTPD000027,OTND31641643,OTND33223142,hierarchy,2026-05-29 11:33:31,,True,admin
OTPD000027,OTND31641644,OTND33223142,hierarchy,2026-05-29 11:33:31,,True,admin
OTPD000027,OTND31641641,OTND33223151,hierarchy,2026-05-29 11:33:31,,True,admin
OTPD000027,OTND31641643,OTND33223151,hierarchy,2026-05-29 11:33:31,,True,admin
OTPD000027,OTND31641642,OTND33223151,hierarchy,2026-05-29 11:33:31,,True,admin
OTPD000027,OTND31641644,OTND33223151,hierarchy,2026-05-29 11:33:31,,True,admin
OTPD000027,OTND31641641,OTND33223160,hierarchy,2026-05-29 11:36:01,,True,admin
OTPD000027,OTND31641642,OTND33223160,hierarchy,2026-05-29 11:36:01,,True,admin
OTPD000027,OTND31641643,OTND33223160,hierarchy,2026-05-29 11:36:01,,True,admin
OTPD000027,OTND31641644,OTND33223160,hierarchy,2026-05-29 11:36:01,,True,admin
OTPD000027,OTND31641641,OTND33223169,hierarchy,2026-05-29 11:36:01,,True,admin
OTPD000027,OTND31641642,OTND33223169,hierarchy,2026-05-29 11:36:01,,True,admin
OTPD000027,OTND31641643,OTND33223169,hierarchy,2026-05-29 11:36:01,,True,admin
OTPD000027,OTND31641644,OTND33223169,hierarchy,2026-05-29 11:36:01,,True,admin
OTPD000027,OTND31641638,OTND33223178,hierarchy,2026-05-29 11:37:51,,True,admin
OTPD000027,OTND31641638,OTND33223179,hierarchy,2026-05-29 11:37:51,,True,admin
OTPD000027,OTND33223160,OTND33223180,hierarchy,2026-05-29 11:37:51,,True,admin
OTPD000027,OTND33223160,OTND33223181,hierarchy,2026-05-29 11:37:51,,True,admin
OTPD000027,OTND33223160,OTND33223182,hierarchy,2026-05-29 11:37:51,,True,admin
OTPD000027,OTND31641638,OTND33223132,hierarchy,2026-05-29 11:39:47,,True,admin
OTPD000027,OTND31641638,OTND33223133,hierarchy,2026-05-29 11:39:47,,True,admin
OTPD000027,OTND31641638,OTND33223142,hierarchy,2026-05-29 11:39:47,,True,admin
OTPD000027,OTND31641638,OTND33223151,hierarchy,2026-05-29 11:39:47,,True,admin
OTPD000027,OTND31641638,OTND33223160,hierarchy,2026-05-29 11:39:47,,True,admin
OTPD000027,OTND31641638,OTND33223169,hierarchy,2026-05-29 11:39:47,,True,admin
