period_id,node_id,person_id,role,visibility,scd_active_from,scd_active_to,scd_currently_active_flag,scd_changed_by_user
OTPD000001,OTND00000001,647,المسؤول العام,public,2026-05-26 19:41:04,,True,admin
OTPD000001,OTND00000002,3104,المرشد الروحي,public,2026-05-26 19:41:04,,True,admin
OTPD000001,OTND00000003,339,نائب المسؤول العام,public,2026-05-26 19:41:04,,True,admin
OTPD000001,OTND00000004,647,مسؤول فئتيّ الجامعيّة والعاملة,public,2026-05-26 19:41:04,,True,admin
OTPD000001,OTND00000005,339,مجلس فئتيّ الجامعيّة والعاملة,public,2026-05-26 19:41:04,,True,admin
OTPD000001,OTND00000006,812,مجلس فئتيّ الجامعيّة والعاملة,public,2026-05-26 19:41:04,,True,admin
OTPD000001,OTND00000007,274,مسؤول فئة الثانوي,public,2026-05-26 19:41:04,,True,admin
OTPD000001,OTND00000008,47,مجلس فئة الثانوي,public,2026-05-26 19:41:04,,True,admin
OTPD000001,OTND00000009,119,مجلس فئة الثانوي,public,2026-05-26 19:41:04,,True,admin
OTPD000001,OTND00000010,764,مسؤول فئة الإعدادي,public,2026-05-26 19:41:04,,True,admin
OTPD000001,OTND00000011,801,مجلس فئة الإعدادي,public,2026-05-26 19:41:04,,True,admin
OTPD000001,OTND00000012,235,مجلس فئة الإعدادي,public,2026-05-26 19:41:04,,True,admin
OTPD000001,OTND00000013,763,مسؤول فئة البراعم,public,2026-05-26 19:41:04,,True,admin
OTPD000001,OTND00000014,289,مجلس فئة البراعم,public,2026-05-26 19:41:04,,True,admin
OTPD000001,OTND00000015,288,مجلس فئة البراعم,public,2026-05-26 19:41:04,,True,admin
OTPD000001,OTND00000016,801,أمين الصندوق,public,2026-05-26 19:41:04,,True,admin
OTPD000001,OTND00000017,274,أمين السر,public,2026-05-26 19:41:04,,True,admin
OTPD000001,OTND00000018,647,مسؤول اللجنة الإعلاميّة,public,2026-05-26 19:41:04,,True,admin
OTPD000001,OTND00000019,764,مسؤول اللجنة الإعلاميّة,public,2026-05-26 19:41:04,,True,admin
OTPD000001,OTND00000020,762,مسؤول اللجنة الإعلاميّة,public,2026-05-26 19:41:04,,True,admin
OTPD000001,OTND00000021,761,مسؤول لجنة المساندة العامة,public,2026-05-26 19:41:04,,True,admin
OTPD000001,OTND00000022,119,مسؤول لجنة المساندة العامة,public,2026-05-26 19:41:04,,True,admin
OTPD000002,OTND00000023,1273,مسؤول فئتيّ الجامعيّة والعاملة,public,2026-05-26 19:41:04,,True,admin
OTPD000002,OTND00000024,1271,مجلس فئتيّ الجامعيّة والعاملة,public,2026-05-26 19:41:04,,True,admin
OTPD000002,OTND00000025,594,مجلس فئتيّ الجامعيّة والعاملة,public,2026-05-26 19:41:04,,True,admin
OTPD000002,OTND00000026,3077,مجلس فئتيّ الجامعيّة والعاملة,public,2026-05-26 19:41:04,,True,admin
OTPD000002,OTND00000027,590,مسؤول فئة الثانوي,public,2026-05-26 19:41:04,,True,admin
OTPD000002,OTND00000028,218,مجلس فئة الثانوي,public,2026-05-26 19:41:04,,True,admin
OTPD000002,OTND00000029,314,مجلس فئة الثانوي,public,2026-05-26 19:41:04,,True,admin
OTPD000002,OTND00000030,101,مسؤول فئة الإعدادي,public,2026-05-26 19:41:04,,True,admin
OTPD000002,OTND00000031,584,مجلس فئة الإعدادي,public,2026-05-26 19:41:04,,True,admin
OTPD000002,OTND00000032,701,مجلس فئة الإعدادي,public,2026-05-26 19:41:04,,True,admin
OTPD000002,OTND00000033,53,مسؤول فئة البراعم,public,2026-05-26 19:41:04,,True,admin
OTPD000002,OTND00000034,202,مسؤول فئة البراعم,public,2026-05-26 19:41:04,,True,admin
OTPD000002,OTND00000035,151,مجلس فئة البراعم,public,2026-05-26 19:41:04,,True,admin
OTPD000002,OTND00000036,85,مجلس فئة البراعم,public,2026-05-26 19:41:04,,True,admin
OTPD000002,OTND00000037,23,مجلس فئة البراعم,public,2026-05-26 19:41:04,,True,admin
OTPD000002,OTND00000038,747,مجلس فئة البراعم,public,2026-05-26 19:41:04,,True,admin
OTPD000002,OTND00000039,2267,مجلس فئة البراعم,public,2026-05-26 19:41:04,,True,admin
OTPD000002,OTND00000040,600,مجلس فئة البراعم,public,2026-05-26 19:41:04,,True,admin
OTPD000002,OTND00000041,293,مسؤول اللجنة الإعلاميّة,public,2026-05-26 19:41:04,,True,admin
OTPD000002,OTND00000042,188,اللجنة الإعلاميّة,public,2026-05-26 19:41:04,,True,admin
OTPD000002,OTND00000043,296,اللجنة الإعلاميّة,public,2026-05-26 19:41:04,,True,admin
OTPD000002,OTND00000044,320,اللجنة الإعلاميّة,public,2026-05-26 19:41:04,,True,admin
OTPD000002,OTND00000045,323,اللجنة الإعلاميّة,public,2026-05-26 19:41:04,,True,admin
OTPD000002,OTND00000046,301,مسؤول اللجنة الاجتماعيّة و لجنة الخدمة,public,2026-05-26 19:41:04,,True,admin
OTPD000002,OTND00000047,21,اللجنة الاجتماعيّة و لجنة الخدمة,public,2026-05-26 19:41:04,,True,admin
OTPD000002,OTND00000048,278,اللجنة الاجتماعيّة و لجنة الخدمة,public,2026-05-26 19:41:04,,True,admin
OTPD000002,OTND00000049,176,اللجنة الاجتماعيّة و لجنة الخدمة,public,2026-05-26 19:41:04,,True,admin
OTPD000002,OTND00000050,130,اللجنة الاجتماعيّة و لجنة الخدمة,public,2026-05-26 19:41:04,,True,admin
OTPD000002,OTND00000051,109,اللجنة الاجتماعيّة و لجنة الخدمة,public,2026-05-26 19:41:04,,True,admin
OTPD000002,OTND00000052,32,مسؤول اللجنة الفنيّة,public,2026-05-26 19:41:04,,True,admin
OTPD000002,OTND00000053,192,اللجنة الفنيّة,public,2026-05-26 19:41:04,,True,admin
OTPD000002,OTND00000054,264,اللجنة الفنيّة,public,2026-05-26 19:41:04,,True,admin
OTPD000002,OTND00000055,151,أمين الصندوق,public,2026-05-26 19:41:04,,True,admin
OTPD000002,OTND00000056,594,أمين السر,public,2026-05-26 19:41:04,,True,admin
OTPD000002,OTND00000057,202,أمين العهدة,public,2026-05-26 19:41:04,,True,admin
OTPD000002,OTND00000058,3094,المسؤول العام,public,2026-05-26 19:41:04,,True,admin
OTPD000002,OTND00000059,3095,المرشد الروحي,public,2026-05-26 19:41:04,,True,admin
OTPD000002,OTND00000060,3096,مرشد روحي فئة البراعم,public,2026-05-26 19:41:04,,True,admin
OTPD000002,OTND00000061,3096,مرشد روحي فئة الإعدادي,public,2026-05-26 19:41:04,,True,admin
OTPD000002,OTND00000062,3097,مرشد روحي فئة الثانوي,public,2026-05-26 19:41:04,,True,admin
OTPD000002,OTND00000063,3097,مرشد روحي فئتيّ الجامعيّة والعاملة,public,2026-05-26 19:41:04,,True,admin
OTPD000003,OTND00000064,24,المسؤول العام,public,2026-05-26 19:41:04,,True,admin
OTPD000003,OTND00000065,59,مسؤول فئتيّ الجامعيّة والعاملة,public,2026-05-26 19:41:04,,True,admin
OTPD000003,OTND00000066,281,مسؤول فئتيّ الإعدادي والثانوي,public,2026-05-26 19:41:04,,True,admin
OTPD000003,OTND00000067,3009,مسؤول اللجنة الإعلاميّة,public,2026-05-26 19:41:04,,True,admin
OTPD000003,OTND00000068,252,مسؤول اللجنة اللوجستية,public,2026-05-26 19:41:04,,True,admin
OTPD000003,OTND00000069,252,أمين الصندوق,public,2026-05-26 19:41:04,,True,admin
OTPD000003,OTND00000070,3100,مسؤول فئة البراعم,public,2026-05-26 19:41:04,,True,admin
OTPD000004,OTND00000071,8,المسؤول العام,public,2026-05-26 19:41:04,,True,admin
OTPD000004,OTND00000072,3102,المرشد الروحي,public,2026-05-26 19:41:04,,True,admin
OTPD000004,OTND00000073,1364,مسؤول فئة البراعم,public,2026-05-26 19:41:04,2026-06-16 18:14:18,False,admin
OTPD000005,OTND00000074,3174,المرشد الروحي,public,2026-05-26 19:41:04,,True,admin
OTPD000005,OTND00000075,3175,مساعد المرشد الروحي,public,2026-05-26 19:41:04,,True,admin
OTPD000005,OTND00000076,1126,المسؤول العام,public,2026-05-26 19:41:04,,True,admin
OTPD000005,OTND00000077,127,نائب المسؤول العام,public,2026-05-26 19:41:04,,True,admin
OTPD000005,OTND00000078,145,مسؤول فئة العاملة,public,2026-05-26 19:41:04,,True,admin
OTPD000005,OTND00000079,705,مسؤول فئة الجامعيّة,public,2026-05-26 19:41:04,,True,admin
OTPD000005,OTND00000080,265,مسؤول فئة الثانوي,public,2026-05-26 19:41:04,,True,admin
OTPD000005,OTND00000081,227,مسؤول فئة الإعدادي,public,2026-05-26 19:41:04,,True,admin
OTPD000005,OTND00000082,254,مسؤول فئة البراعم,public,2026-05-26 19:41:04,,True,admin
OTPD000005,OTND00000083,807,مسؤول لجنة العلاقات العامة,public,2026-05-26 19:41:04,,True,admin
OTPD000005,OTND00000084,1304,أمين السر,public,2026-05-26 19:41:04,,True,admin
OTPD000005,OTND00000085,680,أمين الصندوق,public,2026-05-26 19:41:04,,True,admin
OTPD000005,OTND00000086,3176,مسؤول اللجنة الإعلاميّة,public,2026-05-26 19:41:04,,True,admin
OTPD000005,OTND00000087,863,مسؤول اللجنة الترفيهيّة و لجنة المساندة العامة,public,2026-05-26 19:41:04,,True,admin
OTPD000006,OTND00000088,1621,المسؤول العام,public,2026-05-26 19:41:04,,True,admin
OTPD000006,OTND00000089,3111,المرشد الروحي,public,2026-05-26 19:41:04,,True,admin
OTPD000006,OTND00000090,277,مسؤول فئة الجامعيّة,public,2026-05-26 19:41:04,,True,admin
OTPD000006,OTND00000091,1245,مسؤول فئة الجامعيّة,public,2026-05-26 19:41:04,,True,admin
OTPD000006,OTND00000092,88,مسؤول فئة الثانوي,public,2026-05-26 19:41:04,,True,admin
OTPD000006,OTND00000093,1244,مسؤول فئة الثانوي,public,2026-05-26 19:41:04,,True,admin
OTPD000006,OTND00000094,158,مسؤول فئة الإعدادي,public,2026-05-26 19:41:04,,True,admin
OTPD000006,OTND00000095,40,مسؤول فئة الإعدادي,public,2026-05-26 19:41:04,,True,admin
OTPD000006,OTND00000096,152,مسؤول فئة البراعم,public,2026-05-26 19:41:04,,True,admin
OTPD000006,OTND00000097,217,مسؤول فئة البراعم,public,2026-05-26 19:41:04,,True,admin
OTPD000006,OTND00000098,1308,مسؤول اللجنة الفنيّة,public,2026-05-26 19:41:04,,True,admin
OTPD000006,OTND00000099,1630,مسؤول اللجنة الإعلاميّة,public,2026-05-26 19:41:04,,True,admin
OTPD000007,OTND00000100,3168,المرشد الروحي,public,2026-05-26 19:41:04,,True,admin
OTPD000007,OTND00000101,239,المسؤول العام,public,2026-05-26 19:41:04,,True,admin
OTPD000007,OTND00000102,3169,مساعد المرشد الروحي,public,2026-05-26 19:41:04,,True,admin
OTPD000007,OTND00000103,3170,مسؤول فئتيّ الجامعيّة والعاملة,public,2026-05-26 19:41:04,,True,admin
OTPD000007,OTND00000104,966,مجلس فئتيّ الجامعيّة والعاملة,public,2026-05-26 19:41:04,,True,admin
OTPD000007,OTND00000105,309,مسؤول فئة الثانوي,public,2026-05-26 19:41:04,,True,admin
OTPD000007,OTND00000106,208,مجلس فئة الثانوي,public,2026-05-26 19:41:04,,True,admin
OTPD000007,OTND00000107,980,مسؤول فئة الإعدادي,public,2026-05-26 19:41:04,,True,admin
OTPD000007,OTND00000108,989,مسؤول فئة الإعدادي,public,2026-05-26 19:41:04,,True,admin
OTPD000007,OTND00000109,1317,مجلس فئة الإعدادي,public,2026-05-26 19:41:04,,True,admin
OTPD000007,OTND00000110,1284,مجلس فئة الإعدادي,public,2026-05-26 19:41:04,,True,admin
OTPD000007,OTND00000111,978,مسؤول فئة البراعم,public,2026-05-26 19:41:04,,True,admin
OTPD000007,OTND00000112,981,مسؤول فئة البراعم,public,2026-05-26 19:41:04,,True,admin
OTPD000007,OTND00000113,1634,مجلس فئة البراعم,public,2026-05-26 19:41:04,,True,admin
OTPD000007,OTND00000114,3171,مجلس فئة البراعم,public,2026-05-26 19:41:04,,True,admin
OTPD000007,OTND00000115,844,مجلس فئة البراعم,public,2026-05-26 19:41:04,,True,admin
OTPD000007,OTND00000116,1518,مجلس فئة البراعم,public,2026-05-26 19:41:04,,True,admin
OTPD000007,OTND00000117,51,مجلس فئة البراعم,public,2026-05-26 19:41:04,,True,admin
OTPD000007,OTND00000118,3172,مجلس فئة البراعم,public,2026-05-26 19:41:04,,True,admin
OTPD000007,OTND00000119,915,مجلس فئة البراعم,public,2026-05-26 19:41:04,,True,admin
OTPD000007,OTND00000120,1372,مجلس فئة البراعم,public,2026-05-26 19:41:04,,True,admin
OTPD000007,OTND00000121,238,مجلس فئة البراعم,public,2026-05-26 19:41:04,,True,admin
OTPD000007,OTND00000122,1276,أمين السر,public,2026-05-26 19:41:04,,True,admin
OTPD000007,OTND00000123,51,مسؤول لجنة الخدمة,public,2026-05-26 19:41:04,,True,admin
OTPD000007,OTND00000124,980,لجنة الخدمة,public,2026-05-26 19:41:04,,True,admin
OTPD000007,OTND00000125,966,لجنة الخدمة,public,2026-05-26 19:41:04,,True,admin
OTPD000007,OTND00000126,309,لجنة الخدمة,public,2026-05-26 19:41:04,,True,admin
OTPD000007,OTND00000127,144,مسؤول اللجنة الإعلاميّة,public,2026-05-26 19:41:04,,True,admin
OTPD000007,OTND00000128,979,اللجنة الإعلاميّة,public,2026-05-26 19:41:04,,True,admin
OTPD000007,OTND00000129,79,أمين الصندوق,public,2026-05-26 19:41:04,,True,admin
OTPD000007,OTND00000130,1312,أمين العهدة,public,2026-05-26 19:41:04,,True,admin
OTPD000007,OTND00000131,1317,مساعد أمين العهدة,public,2026-05-26 19:41:04,,True,admin
OTPD000007,OTND00000132,836,مسؤول لجنة التدريب والتطوير,public,2026-05-26 19:41:04,,True,admin
OTPD000007,OTND00000133,989,لجنة التدريب والتطوير,public,2026-05-26 19:41:04,,True,admin
OTPD000007,OTND00000134,309,لجنة التدريب والتطوير,public,2026-05-26 19:41:04,,True,admin
OTPD000007,OTND00000135,1312,لجنة التدريب والتطوير,public,2026-05-26 19:41:04,,True,admin
OTPD000007,OTND00000136,981,لجنة التدريب والتطوير,public,2026-05-26 19:41:04,,True,admin
OTPD000007,OTND00000137,238,لجنة التدريب والتطوير,public,2026-05-26 19:41:04,,True,admin
OTPD000007,OTND00000138,,مسؤول اللجنة الترفيهيّة,public,2026-05-26 19:41:04,,True,admin
OTPD000008,OTND00000139,3173,المرشد الروحي,public,2026-05-26 19:41:04,,True,admin
OTPD000008,OTND00000140,141,المسؤول العام,public,2026-05-26 19:41:04,,True,admin
OTPD000008,OTND00000141,800,مسؤول فئتيّ الجامعيّة والعاملة,public,2026-05-26 19:41:04,,True,admin
OTPD000008,OTND00000142,122,مسؤول فئة الثانوي,public,2026-05-26 19:41:04,,True,admin
OTPD000008,OTND00000143,390,مسؤول فئة الثانوي,public,2026-05-26 19:41:04,,True,admin
OTPD000008,OTND00000144,22,مسؤول فئة الثانوي,public,2026-05-26 19:41:04,,True,admin
OTPD000008,OTND00000145,435,مسؤول فئة الإعدادي,public,2026-05-26 19:41:04,,True,admin
OTPD000008,OTND00000146,1591,مسؤول فئة الإعدادي,public,2026-05-26 19:41:04,,True,admin
OTPD000008,OTND00000147,382,مسؤول فئة البراعم الكبرى,public,2026-05-26 19:41:04,,True,admin
OTPD000008,OTND00000148,183,مسؤول فئة البراعم الكبرى,public,2026-05-26 19:41:04,,True,admin
OTPD000008,OTND00000149,9,مسؤول فئة البراعم الكبرى,public,2026-05-26 19:41:04,,True,admin
OTPD000008,OTND00000150,386,مسؤول فئة البراعم الصغرى,public,2026-05-26 19:41:04,,True,admin
OTPD000008,OTND00000151,387,مسؤول فئة البراعم الصغرى,public,2026-05-26 19:41:04,,True,admin
OTPD000008,OTND00000152,3037,مسؤول فئة البراعم الصغرى,public,2026-05-26 19:41:04,,True,admin
OTPD000008,OTND00000153,377,مسؤول اللجنة الإعلاميّة,public,2026-05-26 19:41:04,,True,admin
OTPD000008,OTND00000154,376,مسؤول اللجنة الإعلاميّة,public,2026-05-26 19:41:04,,True,admin
OTPD000008,OTND00000155,446,مسؤول اللجنة الإعلاميّة,public,2026-05-26 19:41:04,,True,admin
OTPD000008,OTND00000156,141,أمين الصندوق,public,2026-05-26 19:41:04,2026-06-16 18:06:55,False,admin
OTPD000009,OTND00000157,3105,المرشد الروحي,public,2026-05-26 19:41:04,,True,admin
OTPD000009,OTND00000158,271,المسؤول العام,public,2026-05-26 19:41:04,,True,admin
OTPD000009,OTND00000159,245,مسؤول فئتيّ الجامعيّة والعاملة,public,2026-05-26 19:41:04,,True,admin
OTPD000009,OTND00000160,224,مسؤول اللجنة الإعلاميّة,public,2026-05-26 19:41:04,,True,admin
OTPD000009,OTND00000161,569,اللجنة الإعلاميّة,public,2026-05-26 19:41:04,,True,admin
OTPD000009,OTND00000162,60,اللجنة الإعلاميّة,public,2026-05-26 19:41:04,,True,admin
OTPD000009,OTND00000163,30,مسؤول لجنة الخدمة,public,2026-05-26 19:41:04,,True,admin
OTPD000009,OTND00000164,284,أمين الصندوق,public,2026-05-26 19:41:04,,True,admin
OTPD000009,OTND00000165,569,أمين السر,public,2026-05-26 19:41:04,,True,admin
OTPD000009,OTND00000166,30,نائب المسؤول العام,public,2026-05-26 19:41:04,,True,admin
OTPD000010,OTND00000167,1316,المسؤول العام,public,2026-05-26 19:41:04,,True,admin
OTPD000010,OTND00000168,1318,نائب المسؤول العام,public,2026-05-26 19:41:04,,True,admin
OTPD000010,OTND00000169,110,مسؤول فئة العاملة,public,2026-05-26 19:41:04,,True,admin
OTPD000010,OTND00000170,1318,مسؤول فئة الجامعيّة,public,2026-05-26 19:41:04,,True,admin
OTPD000010,OTND00000171,329,مجلس فئتيّ الجامعيّة والعاملة,public,2026-05-26 19:41:04,,True,admin
OTPD000010,OTND00000172,338,مجلس فئتيّ الجامعيّة والعاملة,public,2026-05-26 19:41:04,,True,admin
OTPD000010,OTND00000173,1314,مجلس فئتيّ الجامعيّة والعاملة,public,2026-05-26 19:41:04,,True,admin
OTPD000010,OTND00000174,1251,مسؤول فئة الثانوي,public,2026-05-26 19:41:04,,True,admin
OTPD000010,OTND00000175,346,مجلس فئة الثانوي,public,2026-05-26 19:41:04,,True,admin
OTPD000010,OTND00000176,62,مسؤول فئة الإعدادي,public,2026-05-26 19:41:04,,True,admin
OTPD000010,OTND00000177,1412,مجلس فئة الإعدادي,public,2026-05-26 19:41:04,,True,admin
OTPD000010,OTND00000178,178,مجلس فئة الإعدادي,public,2026-05-26 19:41:04,,True,admin
OTPD000010,OTND00000179,1564,مسؤول فئة البراعم,public,2026-05-26 19:41:04,,True,admin
OTPD000010,OTND00000180,1651,مجلس فئة البراعم,public,2026-05-26 19:41:04,,True,admin
OTPD000010,OTND00000181,1655,مجلس فئة البراعم,public,2026-05-26 19:41:04,,True,admin
OTPD000010,OTND00000182,1652,مجلس فئة البراعم,public,2026-05-26 19:41:04,,True,admin
OTPD000010,OTND00000183,49,مجلس فئة البراعم,public,2026-05-26 19:41:04,,True,admin
OTPD000010,OTND00000184,1840,مسؤول اللجنة الإعلاميّة,public,2026-05-26 19:41:04,,True,admin
OTPD000010,OTND00000185,1829,اللجنة الإعلاميّة,public,2026-05-26 19:41:04,,True,admin
OTPD000010,OTND00000186,129,اللجنة الإعلاميّة,public,2026-05-26 19:41:04,,True,admin
OTPD000010,OTND00000187,1843,اللجنة الإعلاميّة,public,2026-05-26 19:41:04,,True,admin
OTPD000010,OTND00000188,335,مسؤول لجنة الخدمة,public,2026-05-26 19:41:04,,True,admin
OTPD000010,OTND00000189,196,لجنة الخدمة,public,2026-05-26 19:41:04,,True,admin
OTPD000010,OTND00000190,316,لجنة الخدمة,public,2026-05-26 19:41:04,,True,admin
OTPD000010,OTND00000191,335,أمين الصندوق,public,2026-05-26 19:41:04,,True,admin
OTPD000010,OTND00000192,1363,أمين السر,public,2026-05-26 19:41:04,,True,admin
OTPD000010,OTND00000193,329,مسؤول الفرقة الموسيقيّة,public,2026-05-26 19:41:04,,True,admin
OTPD000010,OTND00000194,1318,الفرقة الموسيقيّة,public,2026-05-26 19:41:04,,True,admin
OTPD000010,OTND00000195,10,الفرقة الموسيقيّة,public,2026-05-26 19:41:04,,True,admin
OTPD000010,OTND00000196,1340,الفرقة الموسيقيّة,public,2026-05-26 19:41:04,,True,admin
OTPD000010,OTND00000197,3098,المرشد الروحي,public,2026-05-26 19:41:04,,True,admin
OTPD000010,OTND00000198,3099,مساعد المرشد الروحي,public,2026-05-26 19:41:04,,True,admin
OTPD000011,OTND00000199,3165,المرشد الروحي,public,2026-05-26 19:41:04,,True,admin
OTPD000011,OTND00000200,1498,المسؤول العام,public,2026-05-26 19:41:04,,True,admin
OTPD000011,OTND00000201,33,مسؤول فئتيّ الجامعيّة والعاملة,public,2026-05-26 19:41:04,,True,admin
OTPD000011,OTND00000202,1219,مسؤول فئة الثانوي,public,2026-05-26 19:41:04,,True,admin
OTPD000011,OTND00000203,3166,مرشد روحي فئتيّ الجامعيّة والعاملة,public,2026-05-26 19:41:04,,True,admin
OTPD000011,OTND00000204,3167,مرشد روحي فئة الثانوي,public,2026-05-26 19:41:04,,True,admin
OTPD000011,OTND00000205,1293,مسؤول فئة الإعدادي,public,2026-05-26 19:41:04,,True,admin
OTPD000011,OTND00000206,1657,مسؤول فئة الإعدادي,public,2026-05-26 19:41:04,,True,admin
OTPD000011,OTND00000207,77,مسؤول فئة البراعم,public,2026-05-26 19:41:04,,True,admin
OTPD000011,OTND00000208,259,مسؤول فئة البراعم,public,2026-05-26 19:41:04,,True,admin
OTPD000011,OTND00000209,2572,مسؤول فئة البراعم,public,2026-05-26 19:41:04,,True,admin
OTPD000011,OTND00000210,3167,مرشد روحي فئة الإعدادي,public,2026-05-26 19:41:04,,True,admin
OTPD000011,OTND00000211,3167,مرشد روحي فئة البراعم,public,2026-05-26 19:41:04,,True,admin
OTPD000011,OTND00000212,138,مسؤول اللجنة الإعلاميّة,public,2026-05-26 19:41:04,,True,admin
OTPD000011,OTND00000213,3167,أمين الصندوق,public,2026-05-26 19:41:04,,True,admin
OTPD000012,OTND00000214,3110,المسؤول العام,public,2026-05-26 19:41:04,,True,admin
OTPD000012,OTND00000215,16,مسؤول فئتيّ الإعدادي والثانوي,public,2026-05-26 19:41:04,,True,admin
OTPD000012,OTND00000216,201,مجلس فئتيّ الإعدادي والثانوي,public,2026-05-26 19:41:04,,True,admin
OTPD000012,OTND00000217,3014,مجلس فئتيّ الإعدادي والثانوي,public,2026-05-26 19:41:04,,True,admin
OTPD000012,OTND00000218,1199,مسؤول فئة البراعم,public,2026-05-26 19:41:04,2026-06-16 18:18:55,False,admin
OTPD000012,OTND00000218,1199,مسؤول فئة البراعم الكبرى,public,2026-06-16 18:18:55,,True,admin
OTPD000012,OTND00000219,1200,مسؤول فئة البراعم,public,2026-05-26 19:41:04,2026-06-16 18:18:55,False,admin
OTPD000012,OTND00000219,1200,مسؤول فئة البراعم الصغرى,public,2026-06-16 18:18:55,,True,admin
OTPD000013,OTND00000220,233,نائب المسؤول العام,public,2026-05-26 19:41:04,,True,admin
OTPD000013,OTND00000221,1255,مسؤول فئتيّ الجامعيّة والعاملة,public,2026-05-26 19:41:04,,True,admin
OTPD000013,OTND00000222,160,مسؤول فئة الثانوي,public,2026-05-26 19:41:04,,True,admin
OTPD000013,OTND00000223,136,مسؤول فئة الإعدادي,public,2026-05-26 19:41:04,,True,admin
OTPD000013,OTND00000224,1812,مسؤول فئة البراعم,public,2026-05-26 19:41:04,,True,admin
OTPD000013,OTND00000225,2744,مسؤول فئة البراعم,public,2026-05-26 19:41:04,,True,admin
OTPD000013,OTND00000226,1392,مسؤول اللجنة الإعلاميّة,public,2026-05-26 19:41:04,,True,admin
OTPD000013,OTND00000227,182,مسؤول لجنة الخدمة,public,2026-05-26 19:41:04,,True,admin
OTPD000013,OTND00000228,1,مسؤول لجنة العلاقات العامة,public,2026-05-26 19:41:04,,True,admin
OTPD000013,OTND00000229,2270,أمين الصندوق,public,2026-05-26 19:41:04,,True,admin
OTPD000013,OTND00000230,1391,أمين السر,public,2026-05-26 19:41:04,,True,admin
OTPD000013,OTND00000231,1399,مجلس فئتيّ الجامعيّة والعاملة,public,2026-05-26 19:41:04,,True,admin
OTPD000013,OTND00000232,2738,مجلس فئتيّ الجامعيّة والعاملة,public,2026-05-26 19:41:04,,True,admin
OTPD000013,OTND00000233,1484,مجلس فئتيّ الجامعيّة والعاملة,public,2026-05-26 19:41:04,,True,admin
OTPD000013,OTND00000234,1153,مجلس فئة الثانوي,public,2026-05-26 19:41:04,,True,admin
OTPD000013,OTND00000235,1256,مجلس فئة الثانوي,public,2026-05-26 19:41:04,,True,admin
OTPD000013,OTND00000236,203,مجلس فئة الثانوي,public,2026-05-26 19:41:04,,True,admin
OTPD000013,OTND00000237,1396,مجلس فئة الثانوي,public,2026-05-26 19:41:04,,True,admin
OTPD000013,OTND00000238,1394,مجلس فئة الإعدادي,public,2026-05-26 19:41:04,,True,admin
OTPD000013,OTND00000239,2832,مجلس فئة الإعدادي,public,2026-05-26 19:41:04,,True,admin
OTPD000013,OTND00000240,230,مجلس فئة الإعدادي,public,2026-05-26 19:41:04,,True,admin
OTPD000013,OTND00000241,4,مجلس فئة الإعدادي,public,2026-05-26 19:41:04,,True,admin
OTPD000013,OTND00000242,1419,مجلس فئة البراعم,public,2026-05-26 19:41:04,,True,admin
OTPD000013,OTND00000243,1391,مجلس فئة البراعم,public,2026-05-26 19:41:04,,True,admin
OTPD000013,OTND00000244,1400,مجلس فئة البراعم,public,2026-05-26 19:41:04,,True,admin
OTPD000013,OTND00000245,1410,مجلس فئة البراعم,public,2026-05-26 19:41:04,,True,admin
OTPD000013,OTND00000246,532,اللجنة الإعلاميّة,public,2026-05-26 19:41:04,,True,admin
OTPD000013,OTND00000247,534,اللجنة الإعلاميّة,public,2026-05-26 19:41:04,,True,admin
OTPD000013,OTND00000248,2736,اللجنة الإعلاميّة,public,2026-05-26 19:41:04,,True,admin
OTPD000013,OTND00000249,523,اللجنة الإعلاميّة,public,2026-05-26 19:41:04,,True,admin
OTPD000013,OTND00000250,948,المسؤول العام,public,2026-05-26 19:41:04,,True,admin
OTPD000013,OTND00000251,3092,المرشد الروحي,public,2026-05-26 19:41:04,,True,admin
OTPD000014,OTND00000252,233,قائم بأعمال المسؤول العام,public,2026-05-26 19:41:04,,True,admin
OTPD000014,OTND00000253,1255,مسؤول فئتيّ الجامعيّة والعاملة,public,2026-05-26 19:41:04,,True,admin
OTPD000014,OTND00000254,160,مسؤول فئة الثانوي,public,2026-05-26 19:41:04,,True,admin
OTPD000014,OTND00000255,136,مسؤول فئة الإعدادي,public,2026-05-26 19:41:04,,True,admin
OTPD000014,OTND00000256,1812,مسؤول فئة البراعم,public,2026-05-26 19:41:04,,True,admin
OTPD000014,OTND00000257,2744,مسؤول فئة البراعم,public,2026-05-26 19:41:04,,True,admin
OTPD000014,OTND00000258,1392,مسؤول اللجنة الإعلاميّة,public,2026-05-26 19:41:04,,True,admin
OTPD000014,OTND00000259,182,مسؤول لجنة الخدمة,public,2026-05-26 19:41:04,,True,admin
OTPD000014,OTND00000260,1,مسؤول لجنة العلاقات العامة,public,2026-05-26 19:41:04,,True,admin
OTPD000014,OTND00000261,2270,أمين الصندوق,public,2026-05-26 19:41:04,,True,admin
OTPD000014,OTND00000262,1391,أمين السر,public,2026-05-26 19:41:04,,True,admin
OTPD000014,OTND00000263,1399,مجلس فئتيّ الجامعيّة والعاملة,public,2026-05-26 19:41:04,,True,admin
OTPD000014,OTND00000264,2738,مجلس فئتيّ الجامعيّة والعاملة,public,2026-05-26 19:41:04,,True,admin
OTPD000014,OTND00000265,1484,مجلس فئتيّ الجامعيّة والعاملة,public,2026-05-26 19:41:04,,True,admin
OTPD000014,OTND00000266,1153,مجلس فئة الثانوي,public,2026-05-26 19:41:04,,True,admin
OTPD000014,OTND00000267,1256,مجلس فئة الثانوي,public,2026-05-26 19:41:04,,True,admin
OTPD000014,OTND00000268,203,مجلس فئة الثانوي,public,2026-05-26 19:41:04,,True,admin
OTPD000014,OTND00000269,1396,مجلس فئة الثانوي,public,2026-05-26 19:41:04,,True,admin
OTPD000014,OTND00000270,1394,مجلس فئة الإعدادي,public,2026-05-26 19:41:04,,True,admin
OTPD000014,OTND00000271,2832,مجلس فئة الإعدادي,public,2026-05-26 19:41:04,,True,admin
OTPD000014,OTND00000272,230,مجلس فئة الإعدادي,public,2026-05-26 19:41:04,,True,admin
OTPD000014,OTND00000273,4,مجلس فئة الإعدادي,public,2026-05-26 19:41:04,,True,admin
OTPD000014,OTND00000274,1419,مجلس فئة البراعم,public,2026-05-26 19:41:04,,True,admin
OTPD000014,OTND00000275,1391,مجلس فئة البراعم,public,2026-05-26 19:41:04,,True,admin
OTPD000014,OTND00000276,1400,مجلس فئة البراعم,public,2026-05-26 19:41:04,,True,admin
OTPD000014,OTND00000277,1410,مجلس فئة البراعم,public,2026-05-26 19:41:04,,True,admin
OTPD000014,OTND00000278,532,اللجنة الإعلاميّة,public,2026-05-26 19:41:04,,True,admin
OTPD000014,OTND00000279,534,اللجنة الإعلاميّة,public,2026-05-26 19:41:04,,True,admin
OTPD000014,OTND00000280,2736,اللجنة الإعلاميّة,public,2026-05-26 19:41:04,,True,admin
OTPD000014,OTND00000281,523,اللجنة الإعلاميّة,public,2026-05-26 19:41:04,,True,admin
OTPD000014,OTND00000282,3092,المرشد الروحي,public,2026-05-26 19:41:04,,True,admin
OTPD000015,OTND00000283,233,نائب المسؤول العام,public,2026-05-26 19:41:04,,True,admin
OTPD000015,OTND00000284,1255,مسؤول فئتيّ الجامعيّة والعاملة,public,2026-05-26 19:41:04,,True,admin
OTPD000015,OTND00000285,160,مسؤول فئة الثانوي,public,2026-05-26 19:41:04,,True,admin
OTPD000015,OTND00000286,136,مسؤول فئة الإعدادي,public,2026-05-26 19:41:04,,True,admin
OTPD000015,OTND00000287,1812,مجلس فئة البراعم,public,2026-05-26 19:41:04,,True,admin
OTPD000015,OTND00000288,1392,مسؤول اللجنة الإعلاميّة,public,2026-05-26 19:41:04,,True,admin
OTPD000015,OTND00000289,182,مسؤول لجنة الخدمة,public,2026-05-26 19:41:04,,True,admin
OTPD000015,OTND00000290,2270,أمين الصندوق,public,2026-05-26 19:41:04,,True,admin
OTPD000015,OTND00000291,1391,أمين السر,public,2026-05-26 19:41:04,,True,admin
OTPD000015,OTND00000292,1399,مجلس فئتيّ الجامعيّة والعاملة,public,2026-05-26 19:41:04,,True,admin
OTPD000015,OTND00000293,2738,مجلس فئتيّ الجامعيّة والعاملة,public,2026-05-26 19:41:04,,True,admin
OTPD000015,OTND00000294,1484,مجلس فئتيّ الجامعيّة والعاملة,public,2026-05-26 19:41:04,,True,admin
OTPD000015,OTND00000295,1153,مجلس فئة الثانوي,public,2026-05-26 19:41:04,,True,admin
OTPD000015,OTND00000296,1256,مجلس فئة الثانوي,public,2026-05-26 19:41:04,,True,admin
OTPD000015,OTND00000297,203,مجلس فئة الثانوي,public,2026-05-26 19:41:04,,True,admin
OTPD000015,OTND00000298,1396,مجلس فئة الثانوي,public,2026-05-26 19:41:04,,True,admin
OTPD000015,OTND00000299,1394,مجلس فئة الإعدادي,public,2026-05-26 19:41:04,,True,admin
OTPD000015,OTND00000300,2832,مجلس فئة الإعدادي,public,2026-05-26 19:41:04,,True,admin
OTPD000015,OTND00000301,230,مجلس فئة الإعدادي,public,2026-05-26 19:41:04,,True,admin
OTPD000015,OTND00000302,4,مجلس فئة الإعدادي,public,2026-05-26 19:41:04,,True,admin
OTPD000015,OTND00000303,1400,مجلس فئة البراعم,public,2026-05-26 19:41:04,,True,admin
OTPD000015,OTND00000304,1410,مجلس فئة البراعم,public,2026-05-26 19:41:04,,True,admin
OTPD000015,OTND00000305,532,اللجنة الإعلاميّة,public,2026-05-26 19:41:04,,True,admin
OTPD000015,OTND00000306,534,اللجنة الإعلاميّة,public,2026-05-26 19:41:04,,True,admin
OTPD000015,OTND00000307,2736,اللجنة الإعلاميّة,public,2026-05-26 19:41:04,,True,admin
OTPD000015,OTND00000308,523,اللجنة الإعلاميّة,public,2026-05-26 19:41:04,,True,admin
OTPD000015,OTND00000309,948,مسؤول فئة البراعم,public,2026-05-26 19:41:04,,True,admin
OTPD000015,OTND00000310,1419,مجلس فئة البراعم,public,2026-05-26 19:41:04,,True,admin
OTPD000015,OTND00000311,3092,المرشد الروحي,public,2026-05-26 19:41:04,,True,admin
OTPD000015,OTND00000312,3093,المسؤول العام,public,2026-05-26 19:41:04,2026-05-29 14:36:10,False,admin
OTPD000015,OTND00000312,3184,المسؤول العام,public,2026-05-29 14:36:10,,True,admin
OTPD000016,OTND00000313,233,قائم بأعمال المسؤول العام,public,2026-05-26 19:41:04,,True,admin
OTPD000016,OTND00000314,1255,مسؤول فئتيّ الجامعيّة والعاملة,public,2026-05-26 19:41:04,,True,admin
OTPD000016,OTND00000315,160,مسؤول فئة الثانوي,public,2026-05-26 19:41:04,,True,admin
OTPD000016,OTND00000316,136,مسؤول فئة الإعدادي,public,2026-05-26 19:41:04,,True,admin
OTPD000016,OTND00000317,1812,مسؤول فئة البراعم,public,2026-05-26 19:41:04,,True,admin
OTPD000016,OTND00000318,2744,مسؤول فئة البراعم,public,2026-05-26 19:41:04,,True,admin
OTPD000016,OTND00000319,1392,مسؤول اللجنة الإعلاميّة,public,2026-05-26 19:41:04,,True,admin
OTPD000016,OTND00000320,182,مسؤول لجنة الخدمة,public,2026-05-26 19:41:04,,True,admin
OTPD000016,OTND00000321,1,مسؤول لجنة العلاقات العامة,public,2026-05-26 19:41:04,,True,admin
OTPD000016,OTND00000322,2270,أمين الصندوق,public,2026-05-26 19:41:04,,True,admin
OTPD000016,OTND00000323,1391,أمين السر,public,2026-05-26 19:41:04,,True,admin
OTPD000016,OTND00000324,1399,مجلس فئتيّ الجامعيّة والعاملة,public,2026-05-26 19:41:04,,True,admin
OTPD000016,OTND00000325,2738,مجلس فئتيّ الجامعيّة والعاملة,public,2026-05-26 19:41:04,,True,admin
OTPD000016,OTND00000326,1484,مجلس فئتيّ الجامعيّة والعاملة,public,2026-05-26 19:41:04,,True,admin
OTPD000016,OTND00000327,1153,مجلس فئة الثانوي,public,2026-05-26 19:41:04,,True,admin
OTPD000016,OTND00000328,1256,مجلس فئة الثانوي,public,2026-05-26 19:41:04,,True,admin
OTPD000016,OTND00000329,203,مجلس فئة الثانوي,public,2026-05-26 19:41:04,,True,admin
OTPD000016,OTND00000330,1396,مجلس فئة الثانوي,public,2026-05-26 19:41:04,,True,admin
OTPD000016,OTND00000331,1394,مجلس فئة الإعدادي,public,2026-05-26 19:41:04,,True,admin
OTPD000016,OTND00000332,2832,مجلس فئة الإعدادي,public,2026-05-26 19:41:04,,True,admin
OTPD000016,OTND00000333,230,مجلس فئة الإعدادي,public,2026-05-26 19:41:04,,True,admin
OTPD000016,OTND00000334,4,مجلس فئة الإعدادي,public,2026-05-26 19:41:04,,True,admin
OTPD000016,OTND00000335,1419,مجلس فئة البراعم,public,2026-05-26 19:41:04,,True,admin
OTPD000016,OTND00000336,1391,مجلس فئة البراعم,public,2026-05-26 19:41:04,,True,admin
OTPD000016,OTND00000337,1400,مجلس فئة البراعم,public,2026-05-26 19:41:04,,True,admin
OTPD000016,OTND00000338,1410,مجلس فئة البراعم,public,2026-05-26 19:41:04,,True,admin
OTPD000016,OTND00000339,532,اللجنة الإعلاميّة,public,2026-05-26 19:41:04,,True,admin
OTPD000016,OTND00000340,534,اللجنة الإعلاميّة,public,2026-05-26 19:41:04,,True,admin
OTPD000016,OTND00000341,2736,اللجنة الإعلاميّة,public,2026-05-26 19:41:04,,True,admin
OTPD000016,OTND00000342,523,اللجنة الإعلاميّة,public,2026-05-26 19:41:04,,True,admin
OTPD000016,OTND00000343,3091,المرشد الروحي,public,2026-05-26 19:41:04,,True,admin
OTPD000017,OTND00000344,233,قائم بأعمال المسؤول العام,public,2026-05-26 19:41:04,,True,admin
OTPD000017,OTND00000345,1255,مسؤول فئتيّ الجامعيّة والعاملة,public,2026-05-26 19:41:04,,True,admin
OTPD000017,OTND00000346,136,مسؤول فئة الإعدادي,public,2026-05-26 19:41:04,,True,admin
OTPD000017,OTND00000347,1812,مسؤول فئة البراعم,public,2026-05-26 19:41:04,,True,admin
OTPD000017,OTND00000348,2744,مسؤول فئة البراعم,public,2026-05-26 19:41:04,,True,admin
OTPD000017,OTND00000349,1392,مسؤول اللجنة الإعلاميّة,public,2026-05-26 19:41:04,,True,admin
OTPD000017,OTND00000350,182,مسؤول لجنة الخدمة,public,2026-05-26 19:41:04,,True,admin
OTPD000017,OTND00000351,1,مسؤول لجنة العلاقات العامة,public,2026-05-26 19:41:04,,True,admin
OTPD000017,OTND00000352,2270,أمين الصندوق,public,2026-05-26 19:41:04,,True,admin
OTPD000017,OTND00000353,1391,أمين السر,public,2026-05-26 19:41:04,,True,admin
OTPD000017,OTND00000354,1399,مجلس فئتيّ الجامعيّة والعاملة,public,2026-05-26 19:41:04,,True,admin
OTPD000017,OTND00000355,2738,مجلس فئتيّ الجامعيّة والعاملة,public,2026-05-26 19:41:04,,True,admin
OTPD000017,OTND00000356,1484,مجلس فئتيّ الجامعيّة والعاملة,public,2026-05-26 19:41:04,,True,admin
OTPD000017,OTND00000357,1256,مجلس فئة الثانوي,public,2026-05-26 19:41:04,,True,admin
OTPD000017,OTND00000358,203,مجلس فئة الثانوي,public,2026-05-26 19:41:04,,True,admin
OTPD000017,OTND00000359,1396,مجلس فئة الثانوي,public,2026-05-26 19:41:04,,True,admin
OTPD000017,OTND00000360,1394,مجلس فئة الإعدادي,public,2026-05-26 19:41:04,,True,admin
OTPD000017,OTND00000361,2832,مجلس فئة الإعدادي,public,2026-05-26 19:41:04,,True,admin
OTPD000017,OTND00000362,230,مجلس فئة الإعدادي,public,2026-05-26 19:41:04,,True,admin
OTPD000017,OTND00000363,4,مجلس فئة الإعدادي,public,2026-05-26 19:41:04,,True,admin
OTPD000017,OTND00000364,1419,مجلس فئة البراعم,public,2026-05-26 19:41:04,,True,admin
OTPD000017,OTND00000365,1391,مجلس فئة البراعم,public,2026-05-26 19:41:04,,True,admin
OTPD000017,OTND00000366,1400,مجلس فئة البراعم,public,2026-05-26 19:41:04,,True,admin
OTPD000017,OTND00000367,1410,مجلس فئة البراعم,public,2026-05-26 19:41:04,,True,admin
OTPD000017,OTND00000368,532,اللجنة الإعلاميّة,public,2026-05-26 19:41:04,,True,admin
OTPD000017,OTND00000369,534,اللجنة الإعلاميّة,public,2026-05-26 19:41:04,,True,admin
OTPD000017,OTND00000370,2736,اللجنة الإعلاميّة,public,2026-05-26 19:41:04,,True,admin
OTPD000017,OTND00000371,523,اللجنة الإعلاميّة,public,2026-05-26 19:41:04,,True,admin
OTPD000017,OTND00000372,3091,المرشد الروحي,public,2026-05-26 19:41:04,,True,admin
OTPD000018,OTND00000373,1255,مسؤول فئتيّ الجامعيّة والعاملة,public,2026-05-26 19:41:04,,True,admin
OTPD000018,OTND00000374,136,مسؤول فئة الإعدادي,public,2026-05-26 19:41:04,,True,admin
OTPD000018,OTND00000375,1812,مسؤول فئة البراعم,public,2026-05-26 19:41:04,,True,admin
OTPD000018,OTND00000376,2744,مسؤول فئة البراعم,public,2026-05-26 19:41:04,,True,admin
OTPD000018,OTND00000377,1392,مسؤول اللجنة الإعلاميّة,public,2026-05-26 19:41:04,,True,admin
OTPD000018,OTND00000378,1399,مجلس فئتيّ الجامعيّة والعاملة,public,2026-05-26 19:41:04,,True,admin
OTPD000018,OTND00000379,2738,مجلس فئتيّ الجامعيّة والعاملة,public,2026-05-26 19:41:04,,True,admin
OTPD000018,OTND00000380,1484,مجلس فئتيّ الجامعيّة والعاملة,public,2026-05-26 19:41:04,,True,admin
OTPD000018,OTND00000381,1256,مسؤول فئة الثانوي,public,2026-05-26 19:41:04,,True,admin
OTPD000018,OTND00000382,203,مجلس فئة الثانوي,public,2026-05-26 19:41:04,,True,admin
OTPD000018,OTND00000383,1396,مجلس فئة الثانوي,public,2026-05-26 19:41:04,,True,admin
OTPD000018,OTND00000384,1394,مجلس فئة الإعدادي,public,2026-05-26 19:41:04,,True,admin
OTPD000018,OTND00000385,2832,مجلس فئة الإعدادي,public,2026-05-26 19:41:04,,True,admin
OTPD000018,OTND00000386,230,مجلس فئة الإعدادي,public,2026-05-26 19:41:04,,True,admin
OTPD000018,OTND00000387,4,مجلس فئة الإعدادي,public,2026-05-26 19:41:04,,True,admin
OTPD000018,OTND00000388,1419,مجلس فئة البراعم,public,2026-05-26 19:41:04,,True,admin
OTPD000018,OTND00000389,1391,مجلس فئة البراعم,public,2026-05-26 19:41:04,,True,admin
OTPD000018,OTND00000390,1400,مجلس فئة البراعم,public,2026-05-26 19:41:04,,True,admin
OTPD000018,OTND00000391,1410,مجلس فئة البراعم,public,2026-05-26 19:41:04,,True,admin
OTPD000018,OTND00000392,532,اللجنة الإعلاميّة,public,2026-05-26 19:41:04,,True,admin
OTPD000018,OTND00000393,534,اللجنة الإعلاميّة,public,2026-05-26 19:41:04,,True,admin
OTPD000018,OTND00000394,2736,اللجنة الإعلاميّة,public,2026-05-26 19:41:04,,True,admin
OTPD000018,OTND00000395,523,اللجنة الإعلاميّة,public,2026-05-26 19:41:04,,True,admin
OTPD000018,OTND00000396,3091,المرشد الروحي,public,2026-05-26 19:41:04,,True,admin
OTPD000018,OTND00000397,3091,المسؤول العام,public,2026-05-26 19:41:04,,True,admin
OTPD000018,OTND00000398,1259,مجلس فئتيّ الجامعيّة والعاملة,public,2026-05-26 19:41:04,,True,admin
OTPD000018,OTND00000399,1392,مجلس فئة الثانوي,public,2026-05-26 19:41:04,,True,admin
OTPD000018,OTND00000400,241,مجلس فئة الثانوي,public,2026-05-26 19:41:04,,True,admin
OTPD000019,OTND00000401,233,نائب المسؤول العام,public,2026-05-26 19:41:04,,True,admin
OTPD000019,OTND00000402,1255,مسؤول فئتيّ الجامعيّة والعاملة,public,2026-05-26 19:41:04,,True,admin
OTPD000019,OTND00000403,160,مسؤول فئة الثانوي,public,2026-05-26 19:41:04,,True,admin
OTPD000019,OTND00000404,136,مسؤول فئة الإعدادي,public,2026-05-26 19:41:04,,True,admin
OTPD000019,OTND00000405,1812,مجلس فئة البراعم,public,2026-05-26 19:41:04,,True,admin
OTPD000019,OTND00000406,1392,مسؤول اللجنة الإعلاميّة,public,2026-05-26 19:41:04,,True,admin
OTPD000019,OTND00000407,182,مسؤول لجنة الخدمة,public,2026-05-26 19:41:04,,True,admin
OTPD000019,OTND00000408,2270,أمين الصندوق,public,2026-05-26 19:41:04,,True,admin
OTPD000019,OTND00000409,1391,أمين السر,public,2026-05-26 19:41:04,,True,admin
OTPD000019,OTND00000410,1399,مجلس فئتيّ الجامعيّة والعاملة,public,2026-05-26 19:41:04,,True,admin
OTPD000019,OTND00000411,2738,مجلس فئتيّ الجامعيّة والعاملة,public,2026-05-26 19:41:04,,True,admin
OTPD000019,OTND00000412,1484,مجلس فئتيّ الجامعيّة والعاملة,public,2026-05-26 19:41:04,,True,admin
OTPD000019,OTND00000413,1153,مجلس فئة الثانوي,public,2026-05-26 19:41:04,,True,admin
OTPD000019,OTND00000414,1256,مجلس فئة الثانوي,public,2026-05-26 19:41:04,,True,admin
OTPD000019,OTND00000415,203,مجلس فئة الثانوي,public,2026-05-26 19:41:04,,True,admin
OTPD000019,OTND00000416,1396,مجلس فئة الثانوي,public,2026-05-26 19:41:04,,True,admin
OTPD000019,OTND00000417,1394,مجلس فئة الإعدادي,public,2026-05-26 19:41:04,,True,admin
OTPD000019,OTND00000418,2832,مجلس فئة الإعدادي,public,2026-05-26 19:41:04,,True,admin
OTPD000019,OTND00000419,230,مجلس فئة الإعدادي,public,2026-05-26 19:41:04,,True,admin
OTPD000019,OTND00000420,4,مجلس فئة الإعدادي,public,2026-05-26 19:41:04,,True,admin
OTPD000019,OTND00000421,1400,مجلس فئة البراعم,public,2026-05-26 19:41:04,,True,admin
OTPD000019,OTND00000422,1410,مجلس فئة البراعم,public,2026-05-26 19:41:04,,True,admin
OTPD000019,OTND00000423,532,اللجنة الإعلاميّة,public,2026-05-26 19:41:04,,True,admin
OTPD000019,OTND00000424,534,اللجنة الإعلاميّة,public,2026-05-26 19:41:04,,True,admin
OTPD000019,OTND00000425,2736,اللجنة الإعلاميّة,public,2026-05-26 19:41:04,,True,admin
OTPD000019,OTND00000426,523,اللجنة الإعلاميّة,public,2026-05-26 19:41:04,,True,admin
OTPD000019,OTND00000427,948,مسؤول فئة البراعم,public,2026-05-26 19:41:04,,True,admin
OTPD000019,OTND00000428,1419,مجلس فئة البراعم,public,2026-05-26 19:41:04,,True,admin
OTPD000019,OTND00000429,3092,المرشد الروحي,public,2026-05-26 19:41:04,,True,admin
OTPD000019,OTND00000430,3092,قائم بأعمال المسؤول العام,public,2026-05-26 19:41:04,,True,admin
OTPD000020,OTND00000431,1255,مسؤول فئتيّ الجامعيّة والعاملة,public,2026-05-26 19:41:04,,True,admin
OTPD000020,OTND00000432,136,مسؤول فئة الإعدادي,public,2026-05-26 19:41:04,,True,admin
OTPD000020,OTND00000433,1812,مسؤول فئة البراعم,public,2026-05-26 19:41:04,,True,admin
OTPD000020,OTND00000434,2744,مسؤول فئة البراعم,public,2026-05-26 19:41:04,,True,admin
OTPD000020,OTND00000435,1392,مسؤول اللجنة الإعلاميّة,public,2026-05-26 19:41:04,,True,admin
OTPD000020,OTND00000436,1399,مجلس فئتيّ الجامعيّة والعاملة,public,2026-05-26 19:41:04,,True,admin
OTPD000020,OTND00000437,2738,مجلس فئتيّ الجامعيّة والعاملة,public,2026-05-26 19:41:04,,True,admin
OTPD000020,OTND00000438,1484,مجلس فئتيّ الجامعيّة والعاملة,public,2026-05-26 19:41:04,,True,admin
OTPD000020,OTND00000439,1256,مسؤول فئة الثانوي,public,2026-05-26 19:41:04,,True,admin
OTPD000020,OTND00000440,203,مجلس فئة الثانوي,public,2026-05-26 19:41:04,,True,admin
OTPD000020,OTND00000441,1396,مجلس فئة الثانوي,public,2026-05-26 19:41:04,,True,admin
OTPD000020,OTND00000442,1394,مجلس فئة الإعدادي,public,2026-05-26 19:41:04,,True,admin
OTPD000020,OTND00000443,2832,مجلس فئة الإعدادي,public,2026-05-26 19:41:04,,True,admin
OTPD000020,OTND00000444,230,مجلس فئة الإعدادي,public,2026-05-26 19:41:04,,True,admin
OTPD000020,OTND00000445,4,مجلس فئة الإعدادي,public,2026-05-26 19:41:04,,True,admin
OTPD000020,OTND00000446,1419,مجلس فئة البراعم,public,2026-05-26 19:41:04,,True,admin
OTPD000020,OTND00000447,1391,مجلس فئة البراعم,public,2026-05-26 19:41:04,,True,admin
OTPD000020,OTND00000448,1400,مجلس فئة البراعم,public,2026-05-26 19:41:04,,True,admin
OTPD000020,OTND00000449,1410,مجلس فئة البراعم,public,2026-05-26 19:41:04,,True,admin
OTPD000020,OTND00000450,532,اللجنة الإعلاميّة,public,2026-05-26 19:41:04,,True,admin
OTPD000020,OTND00000451,534,اللجنة الإعلاميّة,public,2026-05-26 19:41:04,,True,admin
OTPD000020,OTND00000452,2736,اللجنة الإعلاميّة,public,2026-05-26 19:41:04,,True,admin
OTPD000020,OTND00000453,523,اللجنة الإعلاميّة,public,2026-05-26 19:41:04,,True,admin
OTPD000020,OTND00000454,1259,مجلس فئتيّ الجامعيّة والعاملة,public,2026-05-26 19:41:04,,True,admin
OTPD000020,OTND00000455,1392,مجلس فئة الثانوي,public,2026-05-26 19:41:04,,True,admin
OTPD000020,OTND00000456,241,مجلس فئة الثانوي,public,2026-05-26 19:41:04,,True,admin
OTPD000020,OTND00000457,3112,المرشد الروحي,public,2026-05-26 19:41:04,,True,admin
OTPD000020,OTND00000458,3112,المسؤول العام,public,2026-05-26 19:41:04,,True,admin
OTPD000021,OTND00000459,2537,المسؤول العام,public,2026-05-26 19:41:04,,True,admin
OTPD000021,OTND00000460,3177,المرشد الروحي,public,2026-05-26 19:41:04,,True,admin
OTPD000021,OTND00000461,3178,مستشار الشبيبة,public,2026-05-26 19:41:04,,True,admin
OTPD000021,OTND00000462,221,مسؤول فئة العاملة,public,2026-05-26 19:41:04,,True,admin
OTPD000021,OTND00000463,195,مسؤول فئة العاملة,public,2026-05-26 19:41:04,,True,admin
OTPD000021,OTND00000464,221,نائب المسؤول العام,public,2026-05-26 19:41:04,,True,admin
OTPD000021,OTND00000465,3068,مسؤول فئة الجامعيّة,public,2026-05-26 19:41:04,,True,admin
OTPD000021,OTND00000466,1850,مسؤول فئة الجامعيّة,public,2026-05-26 19:41:04,,True,admin
OTPD000021,OTND00000467,3179,مسؤول فئة الثانوي,public,2026-05-26 19:41:04,,True,admin
OTPD000021,OTND00000468,172,مسؤول فئة الثانوي,public,2026-05-26 19:41:04,,True,admin
OTPD000021,OTND00000469,3180,مرشد روحي فئة الثانوي,public,2026-05-26 19:41:04,,True,admin
OTPD000021,OTND00000470,1270,مسؤول فئة الإعدادي,public,2026-05-26 19:41:04,,True,admin
OTPD000021,OTND00000471,3181,مرشد روحي فئة الإعدادي,public,2026-05-26 19:41:04,,True,admin
OTPD000021,OTND00000472,1981,مسؤول فئة البراعم,public,2026-05-26 19:41:04,,True,admin
OTPD000021,OTND00000473,1960,مسؤول فئة البراعم,public,2026-05-26 19:41:04,,True,admin
OTPD000021,OTND00000474,3182,مرشد روحي فئة البراعم,public,2026-05-26 19:41:04,,True,admin
OTPD000021,OTND00000475,1387,مسؤول اللجنة الإعلاميّة,public,2026-05-26 19:41:04,,True,admin
OTPD000021,OTND00000476,43,مسؤول اللجنة الإعلاميّة,public,2026-05-26 19:41:04,,True,admin
OTPD000021,OTND00000477,7,مسؤول اللجنة الإعلاميّة,public,2026-05-26 19:41:04,,True,admin
OTPD000021,OTND00000478,1848,مسؤول لجنة الخدمة,public,2026-05-26 19:41:04,,True,admin
OTPD000021,OTND00000479,3183,مسؤول لجنة الخدمة,public,2026-05-26 19:41:04,,True,admin
OTPD000021,OTND00000480,2535,مسؤول لجنة الخدمة,public,2026-05-26 19:41:04,,True,admin
OTPD000022,OTND00000481,1359,المسؤول العام,public,2026-05-26 19:41:04,,True,admin
OTPD000022,OTND00000482,3106,المرشد الروحي,public,2026-05-26 19:41:04,,True,admin
OTPD000022,OTND00000483,3107,قائم بأعمال مسؤول فئتيّ الجامعيّة والعاملة,public,2026-05-26 19:41:04,,True,admin
OTPD000022,OTND00000484,1359,قائم بأعمال مسؤول فئة الثانوي,public,2026-05-26 19:41:04,,True,admin
OTPD000022,OTND00000485,385,مسؤول فئة الإعدادي,public,2026-05-26 19:41:04,,True,admin
OTPD000022,OTND00000486,3108,مسؤول فئة البراعم,public,2026-05-26 19:41:04,,True,admin
OTPD000022,OTND00000487,1494,مسؤول لجنة العلاقات العامة,public,2026-05-26 19:41:04,,True,admin
OTPD000022,OTND00000488,749,مسؤول اللجنة الإعلاميّة,public,2026-05-26 19:41:04,,True,admin
OTPD000022,OTND00000489,3109,نائب المسؤول العام,public,2026-05-26 19:41:04,,True,admin
OTPD000023,OTND00000490,1565,المسؤول العام,public,2026-05-26 19:41:04,,True,admin
OTPD000023,OTND00000491,253,أمين الصندوق,public,2026-05-26 19:41:04,,True,admin
OTPD000023,OTND00000492,325,مسؤول لجنة العلاقات العامة,public,2026-05-26 19:41:04,,True,admin
OTPD000023,OTND00000493,200,أمين السر,public,2026-05-26 19:41:04,,True,admin
OTPD000023,OTND00000494,1565,مسؤول فئتيّ الجامعيّة والعاملة,public,2026-05-26 19:41:04,,True,admin
OTPD000023,OTND00000495,3101,المرشد الروحي,public,2026-05-26 19:41:04,,True,admin
OTPD000024,OTND00000496,3102,المرشد الروحيّ العام,public,2026-05-26 19:41:04,,True,admin
OTPD000024,OTND00000497,965,الأمين العام,public,2026-05-26 19:41:04,,True,admin
OTPD000024,OTND00000498,1281,مسؤول لجنة تطوير شبيبات الشمال,public,2026-05-26 19:41:04,,True,admin
OTPD000024,OTND00000499,948,مسؤول لجنة تطوير شبيبات الوسط,public,2026-05-26 19:41:04,,True,admin
OTPD000024,OTND00000500,141,مسؤول لجنة تطوير شبيبات الوسط,public,2026-05-26 19:41:04,,True,admin
OTPD000024,OTND00000501,1291,مسؤول لجنة تطوير شبيبات الجنوب,public,2026-05-26 19:41:04,,True,admin
OTPD000024,OTND00000502,968,مسؤول لجنة النشاطات,public,2026-05-26 19:41:04,,True,admin
OTPD000024,OTND00000503,1,مسؤول لجنة العلاقات العامة,public,2026-05-26 19:41:04,,True,admin
OTPD000024,OTND00000504,1067,مسؤول لجنة التدريب والتطوير,public,2026-05-26 19:41:04,,True,admin
OTPD000024,OTND00000505,1347,مسؤول لجنة الإعلام,public,2026-05-26 19:41:04,,True,admin
OTPD000024,OTND00000506,1050,مسؤول لجنة الخدمة,public,2026-05-26 19:41:04,,True,admin
OTPD000024,OTND00000507,390,لجنة تطوير شبيبات الوسط,public,2026-05-26 19:41:04,,True,admin
OTPD000024,OTND00000508,1657,لجنة تطوير شبيبات الوسط,public,2026-05-26 19:41:04,,True,admin
OTPD000024,OTND00000509,863,لجنة تطوير شبيبات الوسط,public,2026-05-26 19:41:04,,True,admin
OTPD000024,OTND00000510,1270,لجنة تطوير شبيبات الوسط,public,2026-05-26 19:41:04,,True,admin
OTPD000024,OTND00000511,1621,لجنة تطوير شبيبات الوسط,public,2026-05-26 19:41:04,,True,admin
OTPD000024,OTND00000512,77,لجنة تطوير شبيبات الوسط,public,2026-05-26 19:41:04,,True,admin
OTPD000024,OTND00000513,16,لجنة تطوير شبيبات الوسط,public,2026-05-26 19:41:04,,True,admin
OTPD000024,OTND00000514,1564,لجنة تطوير شبيبات الوسط,public,2026-05-26 19:41:04,,True,admin
OTPD000024,OTND00000515,298,لجنة تطوير شبيبات الوسط,public,2026-05-26 19:41:04,,True,admin
OTPD000024,OTND00000516,836,لجنة تطوير شبيبات الوسط,public,2026-05-26 19:41:04,,True,admin
OTPD000024,OTND00000517,114,لجنة تطوير شبيبات الجنوب,public,2026-05-26 19:41:04,,True,admin
OTPD000024,OTND00000518,253,لجنة تطوير شبيبات الجنوب,public,2026-05-26 19:41:04,,True,admin
OTPD000024,OTND00000519,1282,لجنة تطوير شبيبات الجنوب,public,2026-05-26 19:41:04,,True,admin
OTPD000024,OTND00000520,338,لجنة النشاطات,public,2026-05-26 19:41:04,,True,admin
OTPD000024,OTND00000521,245,لجنة النشاطات,public,2026-05-26 19:41:04,,True,admin
OTPD000024,OTND00000522,1586,لجنة النشاطات,public,2026-05-26 19:41:04,,True,admin
OTPD000024,OTND00000523,3077,لجنة النشاطات,public,2026-05-26 19:41:04,,True,admin
OTPD000024,OTND00000524,233,لجنة تطوير شبيبات الشمال,public,2026-05-26 19:41:04,,True,admin
OTPD000024,OTND00000525,148,لجنة تطوير شبيبات الشمال,public,2026-05-26 19:41:04,,True,admin
OTPD000024,OTND00000526,346,لجنة تطوير شبيبات الشمال,public,2026-05-26 19:41:04,,True,admin
OTPD000024,OTND00000527,805,لجنة تطوير شبيبات الشمال,public,2026-05-26 19:41:04,,True,admin
OTPD000024,OTND00000528,194,لجنة التدريب والتطوير,public,2026-05-26 19:41:04,,True,admin
OTPD000024,OTND00000529,265,لجنة التدريب والتطوير,public,2026-05-26 19:41:04,,True,admin
OTPD000024,OTND00000530,647,لجنة التدريب والتطوير,public,2026-05-26 19:41:04,,True,admin
OTPD000024,OTND00000531,322,لجنة العلاقات العامة,public,2026-05-26 19:41:04,,True,admin
OTPD000024,OTND00000532,25,لجنة العلاقات العامة,public,2026-05-26 19:41:04,,True,admin
OTPD000024,OTND00000533,271,لجنة العلاقات العامة,public,2026-05-26 19:41:04,,True,admin
OTPD000024,OTND00000534,254,لجنة الإعلام,public,2026-05-26 19:41:04,,True,admin
OTPD000024,OTND00000535,224,لجنة الإعلام,public,2026-05-26 19:41:04,,True,admin
OTPD000024,OTND00000536,155,لجنة الإعلام,public,2026-05-26 19:41:04,,True,admin
OTPD000024,OTND00000537,184,لجنة الإعلام,public,2026-05-26 19:41:04,,True,admin
OTPD000024,OTND00000538,1387,لجنة الإعلام,public,2026-05-26 19:41:04,,True,admin
OTPD000024,OTND00000539,1373,لجنة الإعلام,public,2026-05-26 19:41:04,,True,admin
OTPD000024,OTND00000540,918,لجنة الإعلام,public,2026-05-26 19:41:04,,True,admin
OTPD000024,OTND00000541,1384,لجنة الخدمة,public,2026-05-26 19:41:04,,True,admin
OTPD000024,OTND00000542,1308,لجنة الخدمة,public,2026-05-26 19:41:04,,True,admin
OTPD000024,OTND00000543,1072,لجنة الخدمة,public,2026-05-26 19:41:04,,True,admin
OTPD000024,OTND00000544,966,لجنة الخدمة,public,2026-05-26 19:41:04,,True,admin
OTPD000024,OTND00000545,449,لجنة الخدمة,public,2026-05-26 19:41:04,,True,admin
OTPD000024,OTND00000546,1253,لجنة الخدمة,public,2026-05-26 19:41:04,,True,admin
OTPD000024,OTND00000547,965,منسق الشرق الأوسط,public,2026-05-26 19:41:04,,True,admin
OTPD000024,OTND00000548,1050,مدير شبيبة ستور,public,2026-05-26 19:41:04,,True,admin
OTPD000024,OTND00000549,3103,موظف شبيبة ستور,public,2026-05-26 19:41:04,,True,admin
OTPD000024,OTND00000550,1272,مسؤول المسرح,public,2026-05-26 19:41:04,2026-05-30 16:54:18,False,admin
OTPD000024,OTND00000550,1272,مسؤول المسرح,admin_only,2026-05-30 16:54:18,,True,admin
OTPD000024,OTND00000551,1287,مدير مكتب الأمانة,public,2026-05-26 19:41:04,,True,admin
OTPD000025,OTND00000552,3102,المرشد الروحيّ العام,public,2026-05-26 19:41:04,,True,admin
OTPD000025,OTND00000553,965,الأمين العام,public,2026-05-26 19:41:04,,True,admin
OTPD000025,OTND00000554,1281,مسؤول لجنة تطوير شبيبات الشمال,public,2026-05-26 19:41:04,,True,admin
OTPD000025,OTND00000555,948,مسؤول لجنة تطوير شبيبات الوسط,public,2026-05-26 19:41:04,,True,admin
OTPD000025,OTND00000556,141,مسؤول لجنة تطوير شبيبات الوسط,public,2026-05-26 19:41:04,,True,admin
OTPD000025,OTND00000557,1291,مسؤول لجنة تطوير شبيبات الجنوب,public,2026-05-26 19:41:04,,True,admin
OTPD000025,OTND00000558,968,مسؤول لجنة النشاطات,public,2026-05-26 19:41:04,,True,admin
OTPD000025,OTND00000559,1,مسؤول لجنة العلاقات العامة,public,2026-05-26 19:41:04,,True,admin
OTPD000025,OTND00000560,1067,مسؤول لجنة التدريب والتطوير,public,2026-05-26 19:41:04,,True,admin
OTPD000025,OTND00000561,1347,مسؤول لجنة الإعلام,public,2026-05-26 19:41:04,,True,admin
OTPD000025,OTND00000562,1050,مسؤول لجنة الخدمة,public,2026-05-26 19:41:04,,True,admin
OTPD000025,OTND00000563,965,منسق الشرق الأوسط,public,2026-05-26 19:41:04,,True,admin
OTPD000025,OTND00000564,1050,مدير شبيبة ستور,public,2026-05-26 19:41:04,,True,admin
OTPD000025,OTND00000565,3103,موظف شبيبة ستور,public,2026-05-26 19:41:04,,True,admin
OTPD000025,OTND00000566,1287,مدير مكتب الأمانة,public,2026-05-26 19:41:04,,True,admin
OTPD000026,OTND00000567,3102,المرشد الروحيّ العام,public,2026-05-26 19:41:04,,True,admin
OTPD000026,OTND00000568,965,الأمين العام,public,2026-05-26 19:41:04,,True,admin
OTPD000026,OTND00000569,1067,نائب الأمين العام,public,2026-05-26 19:41:04,,True,admin
OTPD000026,OTND00000570,1271,منسق الشرق الأوسط,public,2026-05-26 19:41:04,,True,admin
OTPD000027,OTND31641638,298,المسؤول العام,public,2026-05-29 11:19:23,,True,admin
OTPD000027,OTND31641639,3185,المرشد الروحي,public,2026-05-29 11:19:23,,True,admin
OTPD000027,OTND31641640,3186,نائب المسؤول العام,public,2026-05-29 11:20:53,,True,admin
OTPD000027,OTND31641641,313,مسؤول فئتيّ الجامعيّة والعاملة,public,2026-05-29 11:21:54,,True,admin
OTPD000027,OTND31641642,498,مجلس فئتيّ الجامعيّة والعاملة,public,2026-05-29 11:21:54,,True,admin
OTPD000027,OTND31641643,3186,مسؤول فئتيّ الإعدادي والثانوي,public,2026-05-29 11:21:54,,True,admin
OTPD000027,OTND31641644,,,public,2026-05-29 11:21:54,2026-05-29 11:22:24,False,admin
OTPD000027,OTND31641644,3187,مجلس فئتيّ الإعدادي والثانوي,public,2026-05-29 11:22:24,,True,admin
OTPD000027,OTND33223132,847,اللجنة الروحيّة و لجنة المواضيع,public,2026-05-29 11:33:31,2026-05-29 11:34:14,False,admin
OTPD000027,OTND33223132,847,مسؤول اللجنة الروحيّة و لجنة المواضيع,public,2026-05-29 11:34:14,,True,admin
OTPD000027,OTND33223133,84,لجنة عمل المحبة,public,2026-05-29 11:33:31,2026-05-29 11:34:14,False,admin
OTPD000027,OTND33223133,84,مسؤول لجنة عمل المحبة,public,2026-05-29 11:34:14,,True,admin
OTPD000027,OTND33223142,84,اللجنة الاجتماعيّة,public,2026-05-29 11:33:31,2026-05-29 11:34:14,False,admin
OTPD000027,OTND33223142,84,مسؤول اللجنة الاجتماعيّة,public,2026-05-29 11:34:14,,True,admin
OTPD000027,OTND33223151,170,مسؤول لجنة النشاطات,public,2026-05-29 11:33:31,,True,admin
OTPD000027,OTND33223160,1072,مسؤول اللجنة الإعلاميّة,public,2026-05-29 11:36:01,,True,admin
OTPD000027,OTND33223169,498,مسؤول لجنة التنظيم,public,2026-05-29 11:36:01,,True,admin
OTPD000027,OTND33223178,1072,أمين السر,public,2026-05-29 11:37:51,,True,admin
OTPD000027,OTND33223179,298,أمين الصندوق,public,2026-05-29 11:37:51,,True,admin
OTPD000027,OTND33223180,170,اللجنة الإعلاميّة,public,2026-05-29 11:37:51,,True,admin
OTPD000027,OTND33223181,1053,اللجنة الإعلاميّة,public,2026-05-29 11:37:51,,True,admin
OTPD000027,OTND33223182,793,اللجنة الإعلاميّة,public,2026-05-29 11:37:51,,True,admin
OTPD000026,OTND39656440,1291,مسؤول لجنة العاملة,public,2026-05-29 13:24:05,,True,admin
OTPD000026,OTND39656441,253,لجنة العاملة,public,2026-05-29 13:24:05,,True,admin
OTPD000026,OTND39656442,574,لجنة العاملة,public,2026-05-29 13:24:05,,True,admin
OTPD000026,OTND39656443,968,لجنة العاملة,public,2026-05-29 13:24:05,,True,admin
OTPD000026,OTND39656444,1132,لجنة العاملة,public,2026-05-29 13:24:05,,True,admin
OTPD000026,OTND39656445,1280,نائب منسق الشرق الأوسط,public,2026-05-29 13:24:05,2026-05-30 16:58:17,False,admin
OTPD000026,OTND39656445,1280,نائب منسق الشرق الأوسط,admin_only,2026-05-30 16:58:17,,True,admin
OTPD000026,OTND39656446,1126,مسؤول لجنة الجامعيّة,public,2026-05-29 13:24:05,,True,admin
OTPD000026,OTND39656447,363,لجنة الجامعيّة,public,2026-05-29 13:24:05,,True,admin
OTPD000026,OTND39656448,1279,لجنة الجامعيّة,public,2026-05-29 13:24:05,,True,admin
OTPD000026,OTND39656449,25,لجنة الجامعيّة,public,2026-05-29 13:24:05,,True,admin
OTPD000026,OTND39656450,1295,لجنة الجامعيّة,public,2026-05-29 13:24:05,,True,admin
OTPD000026,OTND39656451,1281,مسؤول لجنة الثانوي,public,2026-05-29 13:24:05,,True,admin
OTPD000026,OTND39656452,1253,لجنة الثانوي,public,2026-05-29 13:24:05,,True,admin
OTPD000026,OTND39656453,245,لجنة الثانوي,public,2026-05-29 13:24:05,,True,admin
OTPD000026,OTND39656454,1306,لجنة الثانوي,public,2026-05-29 13:24:05,,True,admin
OTPD000026,OTND39656455,148,لجنة الثانوي,public,2026-05-29 13:24:05,,True,admin
OTPD000026,OTND39656456,1129,لجنة الثانوي,public,2026-05-29 13:24:05,,True,admin
OTPD000026,OTND39656457,265,لجنة الثانوي,public,2026-05-29 13:24:05,,True,admin
OTPD000026,OTND39656458,948,مسؤول لجنة الإعدادي,public,2026-05-29 13:24:05,,True,admin
OTPD000026,OTND39656459,62,لجنة الإعدادي,public,2026-05-29 13:24:05,,True,admin
OTPD000026,OTND39656460,16,لجنة الإعدادي,public,2026-05-29 13:24:05,,True,admin
OTPD000026,OTND39656461,141,لجنة الإعدادي,public,2026-05-29 13:24:05,,True,admin
OTPD000026,OTND39656462,863,لجنة الإعدادي,public,2026-05-29 13:24:05,,True,admin
OTPD000026,OTND39656463,94,لجنة الإعدادي,public,2026-05-29 13:24:05,,True,admin
OTPD000026,OTND39656464,298,لجنة الإعدادي,public,2026-05-29 13:24:05,,True,admin
OTPD000026,OTND39656465,594,مسؤول لجنة البراعم,public,2026-05-29 13:24:05,,True,admin
OTPD000026,OTND39656466,449,لجنة البراعم,public,2026-05-29 13:24:05,,True,admin
OTPD000026,OTND39656467,263,لجنة البراعم,public,2026-05-29 13:24:05,,True,admin
OTPD000026,OTND39656468,104,لجنة البراعم,public,2026-05-29 13:24:05,,True,admin
OTPD000026,OTND39656469,232,لجنة البراعم,public,2026-05-29 13:24:05,,True,admin
OTPD000026,OTND39656470,254,لجنة البراعم,public,2026-05-29 13:24:05,,True,admin
OTPD000026,OTND39656471,1270,لجنة البراعم,public,2026-05-29 13:24:05,,True,admin
OTPD000026,OTND39656472,1280,مسؤول لجنة العلاقات العامة,public,2026-05-29 13:30:50,,True,admin
OTPD000026,OTND39656473,1,لجنة العلاقات العامة,public,2026-05-29 13:30:50,,True,admin
OTPD000026,OTND39656474,164,لجنة العلاقات العامة,public,2026-05-29 13:30:50,,True,admin
OTPD000026,OTND39656475,2114,لجنة العلاقات العامة,public,2026-05-29 13:30:50,,True,admin
OTPD000026,OTND39656476,172,لجنة العلاقات العامة,public,2026-05-29 13:30:50,,True,admin
OTPD000026,OTND39656477,1067,مسؤول لجنة الابتكار,public,2026-05-29 13:30:50,,True,admin
OTPD000026,OTND39656478,1347,مسؤول لجنة الإعلام,public,2026-05-29 13:30:50,,True,admin
OTPD000026,OTND39656479,1387,لجنة الإعلام,public,2026-05-29 13:30:50,,True,admin
OTPD000026,OTND39656480,918,لجنة الإعلام,public,2026-05-29 13:30:50,,True,admin
OTPD000026,OTND39656481,1373,لجنة الإعلام,public,2026-05-29 13:30:50,,True,admin
OTPD000026,OTND39656482,647,لجنة الإعلام,public,2026-05-29 13:30:50,,True,admin
OTPD000026,OTND39656483,273,لجنة الإعلام,public,2026-05-29 13:30:50,,True,admin
OTPD000026,OTND39656484,184,لجنة الإعلام,public,2026-05-29 13:30:50,,True,admin
OTPD000026,OTND39656486,3188,مسؤول لجنة التدريب والتطوير,public,2026-05-29 13:36:11,,True,admin
OTPD000026,OTND39656487,224,لجنة التدريب والتطوير,public,2026-05-29 13:36:11,,True,admin
OTPD000026,OTND39656488,805,لجنة التدريب والتطوير,public,2026-05-29 13:36:11,,True,admin
OTPD000026,OTND39656489,56,لجنة التدريب والتطوير,public,2026-05-29 13:36:11,,True,admin
OTPD000026,OTND39656490,1285,مسؤول لجنة الخدمة,public,2026-05-29 13:36:11,,True,admin
OTPD000026,OTND39656491,1308,لجنة الخدمة,public,2026-05-29 13:36:11,,True,admin
OTPD000026,OTND39656492,127,لجنة الخدمة,public,2026-05-29 13:36:11,,True,admin
OTPD000026,OTND39656493,55,لجنة الخدمة,public,2026-05-29 13:36:11,,True,admin
OTPD000026,OTND39656494,67,لجنة الخدمة,public,2026-05-29 13:36:11,,True,admin
OTPD000026,OTND39656495,1072,لجنة الخدمة,public,2026-05-29 13:36:11,,True,admin
OTPD000026,OTND39656496,48,لجنة الخدمة,public,2026-05-29 13:36:11,,True,admin
OTPD000026,OTND39656497,1050,لجنة الخدمة,public,2026-05-29 13:36:11,,True,admin
OTPD000026,OTND39656498,1307,لجنة الخدمة,public,2026-05-29 13:36:11,,True,admin
OTPD000026,OTND39656499,1290,مسؤول الفرقة الموسيقيّة JEC Band,public,2026-05-29 13:36:11,,True,admin
OTPD000026,OTND39656500,1293,عضو الفرقة الموسيقيّة JEC Band,public,2026-05-29 13:36:11,,True,admin
OTPD000026,OTND39656501,1294,عضو الفرقة الموسيقيّة JEC Band,public,2026-05-29 13:36:11,,True,admin
OTPD000026,OTND39656503,3189,عضو الفرقة الموسيقيّة JEC Band,public,2026-05-29 13:41:53,,True,admin
OTPD000026,OTND39656504,1292,عضو الفرقة الموسيقيّة JEC Band,public,2026-05-29 13:46:36,,True,admin
OTPD000026,OTND39656505,1309,عضو الفرقة الموسيقيّة JEC Band,public,2026-05-29 13:46:36,,True,admin
OTPD000026,OTND39656507,1310,عضو الفرقة الموسيقيّة JEC Band,public,2026-05-29 13:49:08,,True,admin
OTPD000026,OTND39656508,1311,عضو الفرقة الموسيقيّة JEC Band,public,2026-05-29 13:49:08,,True,admin
OTPD000026,OTND39656509,1289,عضو الفرقة الموسيقيّة JEC Band,public,2026-05-29 13:49:08,,True,admin
OTPD000026,OTND39656510,3190,عضو الفرقة الموسيقيّة JEC Band,public,2026-05-29 13:49:08,,True,admin
OTPD000026,OTND39656511,1059,عضو الفرقة الموسيقيّة JEC Band,public,2026-05-29 13:49:08,,True,admin
OTPD000026,OTND39656512,1287,مدير مكتب الأمانة,public,2026-05-29 13:49:08,,True,admin
OTPD000026,OTND39656513,1273,مدير شبيبة ستور,public,2026-05-29 13:49:08,2026-05-29 14:16:43,False,admin
OTPD000026,OTND39656513,1050,مدير شبيبة ستور,public,2026-05-29 14:16:43,,True,admin
OTPD000026,OTND39656514,3103,موظف شبيبة ستور,public,2026-05-29 13:49:08,,True,admin
OTPD000026,OTND39656516,1272,مسؤول المسرح,public,2026-05-29 13:50:15,2026-05-30 16:55:07,False,admin
OTPD000026,OTND39656516,1272,مسؤول المسرح,admin_only,2026-05-30 16:55:07,,True,admin
OTPD000026,OTND39656517,3191,مسؤول عائلات الشبيبة,public,2026-05-29 13:50:15,2026-05-30 16:55:07,False,admin
OTPD000026,OTND39656517,3191,مسؤول عائلات الشبيبة,admin_only,2026-05-30 16:55:07,,True,admin
OTPD000026,OTND39656519,3192,مسؤول عائلات الشبيبة,public,2026-05-29 13:51:18,2026-05-30 16:55:07,False,admin
OTPD000026,OTND39656519,3192,مسؤول عائلات الشبيبة,admin_only,2026-05-30 16:55:07,,True,admin
OTPD000026,OTND39656520,3193,مسؤول الاستشارات,public,2026-05-29 13:51:43,2026-05-30 16:55:07,False,admin
OTPD000026,OTND39656520,3193,مسؤول الاستشارات,admin_only,2026-05-30 16:55:07,,True,admin
OTPD000028,OTND00000567,3102,المرشد الروحيّ العام,public,2026-05-29 14:15:38,,True,admin
OTPD000028,OTND00000568,965,الأمين العام,public,2026-05-29 14:15:38,,True,admin
OTPD000028,OTND00000569,1067,نائب الأمين العام,public,2026-05-29 14:15:38,,True,admin
OTPD000028,OTND00000570,1271,منسق الشرق الأوسط,public,2026-05-29 14:15:38,,True,admin
OTPD000028,OTND39656440,1291,مسؤول لجنة العاملة,public,2026-05-29 14:15:38,,True,admin
OTPD000028,OTND39656441,253,لجنة العاملة,public,2026-05-29 14:15:38,,True,admin
OTPD000028,OTND39656442,574,لجنة العاملة,public,2026-05-29 14:15:38,,True,admin
OTPD000028,OTND39656443,968,لجنة العاملة,public,2026-05-29 14:15:38,,True,admin
OTPD000028,OTND39656444,1132,لجنة العاملة,public,2026-05-29 14:15:38,,True,admin
OTPD000028,OTND39656445,1280,نائب منسق الشرق الأوسط,public,2026-05-29 14:15:38,2026-05-30 16:58:31,False,admin
OTPD000028,OTND39656445,1280,نائب منسق الشرق الأوسط,admin_only,2026-05-30 16:58:31,,True,admin
OTPD000028,OTND39656446,1126,مسؤول لجنة الجامعيّة,public,2026-05-29 14:15:38,,True,admin
OTPD000028,OTND39656447,363,لجنة الجامعيّة,public,2026-05-29 14:15:38,,True,admin
OTPD000028,OTND39656448,1279,لجنة الجامعيّة,public,2026-05-29 14:15:38,,True,admin
OTPD000028,OTND39656449,25,لجنة الجامعيّة,public,2026-05-29 14:15:38,,True,admin
OTPD000028,OTND39656450,1295,لجنة الجامعيّة,public,2026-05-29 14:15:38,,True,admin
OTPD000028,OTND39656451,1281,مسؤول لجنة الثانوي,public,2026-05-29 14:15:38,,True,admin
OTPD000028,OTND39656452,1253,لجنة الثانوي,public,2026-05-29 14:15:38,,True,admin
OTPD000028,OTND39656453,245,لجنة الثانوي,public,2026-05-29 14:15:38,,True,admin
OTPD000028,OTND39656454,1306,لجنة الثانوي,public,2026-05-29 14:15:38,,True,admin
OTPD000028,OTND39656455,148,لجنة الثانوي,public,2026-05-29 14:15:38,,True,admin
OTPD000028,OTND39656456,1129,لجنة الثانوي,public,2026-05-29 14:15:38,,True,admin
OTPD000028,OTND39656457,265,لجنة الثانوي,public,2026-05-29 14:15:38,,True,admin
OTPD000028,OTND39656458,948,مسؤول لجنة الإعدادي,public,2026-05-29 14:15:38,,True,admin
OTPD000028,OTND39656459,62,لجنة الإعدادي,public,2026-05-29 14:15:38,,True,admin
OTPD000028,OTND39656460,16,لجنة الإعدادي,public,2026-05-29 14:15:38,,True,admin
OTPD000028,OTND39656461,141,لجنة الإعدادي,public,2026-05-29 14:15:38,,True,admin
OTPD000028,OTND39656462,863,لجنة الإعدادي,public,2026-05-29 14:15:38,,True,admin
OTPD000028,OTND39656463,94,لجنة الإعدادي,public,2026-05-29 14:15:38,,True,admin
OTPD000028,OTND39656464,298,لجنة الإعدادي,public,2026-05-29 14:15:38,,True,admin
OTPD000028,OTND39656465,594,مسؤول لجنة البراعم,public,2026-05-29 14:15:38,,True,admin
OTPD000028,OTND39656466,449,لجنة البراعم,public,2026-05-29 14:15:38,,True,admin
OTPD000028,OTND39656467,263,لجنة البراعم,public,2026-05-29 14:15:38,,True,admin
OTPD000028,OTND39656468,104,لجنة البراعم,public,2026-05-29 14:15:38,,True,admin
OTPD000028,OTND39656469,232,لجنة البراعم,public,2026-05-29 14:15:38,,True,admin
OTPD000028,OTND39656470,254,لجنة البراعم,public,2026-05-29 14:15:38,,True,admin
OTPD000028,OTND39656471,1270,لجنة البراعم,public,2026-05-29 14:15:38,,True,admin
OTPD000028,OTND39656472,1280,مسؤول لجنة العلاقات العامة,public,2026-05-29 14:15:38,,True,admin
OTPD000028,OTND39656473,1,لجنة العلاقات العامة,public,2026-05-29 14:15:38,,True,admin
OTPD000028,OTND39656474,164,لجنة العلاقات العامة,public,2026-05-29 14:15:38,,True,admin
OTPD000028,OTND39656475,2114,لجنة العلاقات العامة,public,2026-05-29 14:15:38,,True,admin
OTPD000028,OTND39656476,172,لجنة العلاقات العامة,public,2026-05-29 14:15:38,,True,admin
OTPD000028,OTND39656477,1067,مسؤول لجنة الابتكار,public,2026-05-29 14:15:38,,True,admin
OTPD000028,OTND39656478,1347,مسؤول لجنة الإعلام,public,2026-05-29 14:15:38,,True,admin
OTPD000028,OTND39656479,1387,لجنة الإعلام,public,2026-05-29 14:15:38,,True,admin
OTPD000028,OTND39656480,918,لجنة الإعلام,public,2026-05-29 14:15:38,,True,admin
OTPD000028,OTND39656481,1373,لجنة الإعلام,public,2026-05-29 14:15:38,,True,admin
OTPD000028,OTND39656482,647,لجنة الإعلام,public,2026-05-29 14:15:38,,True,admin
OTPD000028,OTND39656483,273,لجنة الإعلام,public,2026-05-29 14:15:38,,True,admin
OTPD000028,OTND39656484,184,لجنة الإعلام,public,2026-05-29 14:15:38,,True,admin
OTPD000028,OTND39656486,3188,مسؤول لجنة التدريب والتطوير,public,2026-05-29 14:15:38,,True,admin
OTPD000028,OTND39656487,224,لجنة التدريب والتطوير,public,2026-05-29 14:15:38,,True,admin
OTPD000028,OTND39656488,805,لجنة التدريب والتطوير,public,2026-05-29 14:15:38,,True,admin
OTPD000028,OTND39656489,56,لجنة التدريب والتطوير,public,2026-05-29 14:15:38,,True,admin
OTPD000028,OTND39656490,1285,مسؤول لجنة الخدمة,public,2026-05-29 14:15:38,,True,admin
OTPD000028,OTND39656491,1308,لجنة الخدمة,public,2026-05-29 14:15:38,,True,admin
OTPD000028,OTND39656492,127,لجنة الخدمة,public,2026-05-29 14:15:38,,True,admin
OTPD000028,OTND39656493,55,لجنة الخدمة,public,2026-05-29 14:15:38,,True,admin
OTPD000028,OTND39656494,67,لجنة الخدمة,public,2026-05-29 14:15:38,,True,admin
OTPD000028,OTND39656495,1072,لجنة الخدمة,public,2026-05-29 14:15:38,,True,admin
OTPD000028,OTND39656496,48,لجنة الخدمة,public,2026-05-29 14:15:38,,True,admin
OTPD000028,OTND39656497,1050,لجنة الخدمة,public,2026-05-29 14:15:38,,True,admin
OTPD000028,OTND39656498,1307,لجنة الخدمة,public,2026-05-29 14:15:38,,True,admin
OTPD000028,OTND39656499,1290,مسؤول الفرقة الموسيقيّة JEC Band,public,2026-05-29 14:15:38,,True,admin
OTPD000028,OTND39656500,1293,عضو الفرقة الموسيقيّة JEC Band,public,2026-05-29 14:15:38,,True,admin
OTPD000028,OTND39656501,1294,عضو الفرقة الموسيقيّة JEC Band,public,2026-05-29 14:15:38,,True,admin
OTPD000028,OTND39656503,3189,عضو الفرقة الموسيقيّة JEC Band,public,2026-05-29 14:15:38,,True,admin
OTPD000028,OTND39656504,1292,عضو الفرقة الموسيقيّة JEC Band,public,2026-05-29 14:15:38,,True,admin
OTPD000028,OTND39656505,1309,عضو الفرقة الموسيقيّة JEC Band,public,2026-05-29 14:15:38,,True,admin
OTPD000028,OTND39656507,1310,عضو الفرقة الموسيقيّة JEC Band,public,2026-05-29 14:15:38,,True,admin
OTPD000028,OTND39656508,1311,عضو الفرقة الموسيقيّة JEC Band,public,2026-05-29 14:15:38,,True,admin
OTPD000028,OTND39656509,1289,عضو الفرقة الموسيقيّة JEC Band,public,2026-05-29 14:15:38,,True,admin
OTPD000028,OTND39656510,3190,عضو الفرقة الموسيقيّة JEC Band,public,2026-05-29 14:15:38,,True,admin
OTPD000028,OTND39656511,1059,عضو الفرقة الموسيقيّة JEC Band,public,2026-05-29 14:15:38,,True,admin
OTPD000028,OTND39656512,1287,مدير مكتب الأمانة,public,2026-05-29 14:15:38,,True,admin
OTPD000028,OTND39656513,1050,مدير شبيبة ستور,public,2026-05-29 14:15:38,2026-05-29 14:16:26,False,admin
OTPD000028,OTND39656513,1273,مدير شبيبة ستور,public,2026-05-29 14:16:26,,True,admin
OTPD000028,OTND39656514,3103,موظف شبيبة ستور,public,2026-05-29 14:15:38,,True,admin
OTPD000028,OTND39656516,1272,مسؤول المسرح,public,2026-05-29 14:15:38,2026-05-30 16:55:46,False,admin
OTPD000028,OTND39656516,1272,مسؤول المسرح,admin_only,2026-05-30 16:55:46,,True,admin
OTPD000028,OTND39656517,3191,مسؤول عائلات الشبيبة,public,2026-05-29 14:15:38,2026-05-30 16:55:46,False,admin
OTPD000028,OTND39656517,3191,مسؤول عائلات الشبيبة,admin_only,2026-05-30 16:55:46,,True,admin
OTPD000028,OTND39656519,3192,مسؤول عائلات الشبيبة,public,2026-05-29 14:15:38,2026-05-30 16:55:46,False,admin
OTPD000028,OTND39656519,3192,مسؤول عائلات الشبيبة,admin_only,2026-05-30 16:55:46,,True,admin
OTPD000028,OTND39656520,3193,مسؤول الاستشارات,public,2026-05-29 14:15:38,2026-05-30 16:55:46,False,admin
OTPD000028,OTND39656520,3193,مسؤول الاستشارات,admin_only,2026-05-30 16:55:46,,True,admin
OTPD000029,OTND00000567,3102,المرشد الروحيّ العام,public,2026-05-29 14:20:30,,True,admin
OTPD000029,OTND00000568,965,الأمين العام,public,2026-05-29 14:20:30,,True,admin
OTPD000029,OTND00000569,1067,نائب الأمين العام,public,2026-05-29 14:20:30,,True,admin
OTPD000029,OTND00000570,1271,منسق الشرق الأوسط,public,2026-05-29 14:20:30,,True,admin
OTPD000029,OTND39656440,1291,مسؤول لجنة العاملة,public,2026-05-29 14:20:30,,True,admin
OTPD000029,OTND39656445,1280,نائب منسق الشرق الأوسط,public,2026-05-29 14:20:30,2026-05-30 16:58:43,False,admin
OTPD000029,OTND39656445,1280,نائب منسق الشرق الأوسط,admin_only,2026-05-30 16:58:43,,True,admin
OTPD000029,OTND39656446,1126,مسؤول لجنة الجامعيّة,public,2026-05-29 14:20:30,,True,admin
OTPD000029,OTND39656451,1281,مسؤول لجنة الثانوي,public,2026-05-29 14:20:30,,True,admin
OTPD000029,OTND39656458,948,مسؤول لجنة الإعدادي,public,2026-05-29 14:20:30,,True,admin
OTPD000029,OTND39656465,594,مسؤول لجنة البراعم,public,2026-05-29 14:20:30,,True,admin
OTPD000029,OTND39656472,1280,مسؤول لجنة العلاقات العامة,public,2026-05-29 14:20:30,,True,admin
OTPD000029,OTND39656477,1067,مسؤول لجنة الابتكار,public,2026-05-29 14:20:30,,True,admin
OTPD000029,OTND39656478,1347,مسؤول لجنة الإعلام,public,2026-05-29 14:20:30,,True,admin
OTPD000029,OTND39656486,3188,مسؤول لجنة التدريب والتطوير,public,2026-05-29 14:20:30,,True,admin
OTPD000029,OTND39656490,1285,مسؤول لجنة الخدمة,public,2026-05-29 14:20:30,,True,admin
OTPD000029,OTND39656499,1290,مسؤول الفرقة الموسيقيّة JEC Band,public,2026-05-29 14:20:30,,True,admin
OTPD000029,OTND39656500,1293,عضو الفرقة الموسيقيّة JEC Band,public,2026-05-29 14:20:30,,True,admin
OTPD000029,OTND39656501,1294,عضو الفرقة الموسيقيّة JEC Band,public,2026-05-29 14:20:30,,True,admin
OTPD000029,OTND39656503,3189,عضو الفرقة الموسيقيّة JEC Band,public,2026-05-29 14:20:30,,True,admin
OTPD000029,OTND39656504,1292,عضو الفرقة الموسيقيّة JEC Band,public,2026-05-29 14:20:30,,True,admin
OTPD000029,OTND39656505,1309,عضو الفرقة الموسيقيّة JEC Band,public,2026-05-29 14:20:30,,True,admin
OTPD000029,OTND39656507,1310,عضو الفرقة الموسيقيّة JEC Band,public,2026-05-29 14:20:30,,True,admin
OTPD000029,OTND39656508,1311,عضو الفرقة الموسيقيّة JEC Band,public,2026-05-29 14:20:30,,True,admin
OTPD000029,OTND39656509,1289,عضو الفرقة الموسيقيّة JEC Band,public,2026-05-29 14:20:30,,True,admin
OTPD000029,OTND39656510,3190,عضو الفرقة الموسيقيّة JEC Band,public,2026-05-29 14:20:30,,True,admin
OTPD000029,OTND39656511,1059,عضو الفرقة الموسيقيّة JEC Band,public,2026-05-29 14:20:30,,True,admin
OTPD000029,OTND39656512,1287,مدير مكتب الأمانة,public,2026-05-29 14:20:30,,True,admin
OTPD000029,OTND39656513,1273,مدير شبيبة ستور,public,2026-05-29 14:20:30,,True,admin
OTPD000029,OTND39656514,3103,موظف شبيبة ستور,public,2026-05-29 14:20:30,,True,admin
OTPD000029,OTND39656516,1272,مسؤول المسرح,public,2026-05-29 14:20:30,2026-05-30 16:56:19,False,admin
OTPD000029,OTND39656516,1272,مسؤول المسرح,admin_only,2026-05-30 16:56:19,,True,admin
OTPD000029,OTND39656517,3191,مسؤول عائلات الشبيبة,public,2026-05-29 14:20:30,2026-05-30 16:56:19,False,admin
OTPD000029,OTND39656517,3191,مسؤول عائلات الشبيبة,admin_only,2026-05-30 16:56:19,,True,admin
OTPD000029,OTND39656519,3192,مسؤول عائلات الشبيبة,public,2026-05-29 14:20:30,2026-05-30 16:56:19,False,admin
OTPD000029,OTND39656519,3192,مسؤول عائلات الشبيبة,admin_only,2026-05-30 16:56:19,,True,admin
OTPD000029,OTND39656520,3193,مسؤول الاستشارات,public,2026-05-29 14:20:30,2026-05-30 16:56:19,False,admin
OTPD000029,OTND39656520,3193,مسؤول الاستشارات,admin_only,2026-05-30 16:56:19,,True,admin
OTPD000030,OTND61931656,1285,المسؤول العام,public,2026-05-29 21:22:56,,True,admin
OTPD000030,OTND61931657,3194,المرشد الروحي,public,2026-05-29 21:22:56,,True,admin
OTPD000030,OTND61931658,449,نائب المسؤول العام,public,2026-05-29 21:24:43,,True,admin
OTPD000030,OTND61931659,1285,مسؤول فئتيّ الجامعيّة والعاملة,public,2026-05-29 21:24:43,,True,admin
OTPD000030,OTND61931660,148,مجلس فئتيّ الجامعيّة والعاملة,public,2026-05-29 21:24:43,,True,admin
OTPD000030,OTND61931661,164,مجلس فئتيّ الجامعيّة والعاملة,public,2026-05-29 21:24:43,,True,admin
OTPD000030,OTND69062302,878,مجلس فئتيّ الجامعيّة والعاملة,public,2026-05-30 14:11:38,,True,admin
OTPD000030,OTND69062303,164,مسؤول فئة الثانوي,public,2026-05-30 14:11:38,,True,admin
OTPD000030,OTND69062304,416,مجلس فئة الثانوي,public,2026-05-30 14:11:38,,True,admin
OTPD000030,OTND69062305,135,مجلس فئة الثانوي,public,2026-05-30 14:11:38,,True,admin
OTPD000030,OTND69062306,55,مجلس فئة الثانوي,public,2026-05-30 14:11:38,,True,admin
OTPD000030,OTND69062307,400,مسؤول فئة الإعدادي,public,2026-05-30 14:11:38,,True,admin
OTPD000030,OTND69062308,402,مجلس فئة الإعدادي,public,2026-05-30 14:11:38,,True,admin
OTPD000030,OTND69062309,1197,مجلس فئة الإعدادي,public,2026-05-30 14:11:38,,True,admin
OTPD000030,OTND69062310,214,مجلس فئة الإعدادي,public,2026-05-30 14:11:38,,True,admin
OTPD000030,OTND69062311,449,مسؤول فئة البراعم,public,2026-05-30 14:11:38,,True,admin
OTPD000030,OTND69062312,1557,مجلس فئة البراعم,public,2026-05-30 14:11:38,,True,admin
OTPD000030,OTND69062313,1586,مجلس فئة البراعم,public,2026-05-30 14:11:38,,True,admin
OTPD000030,OTND69062314,52,مجلس فئة البراعم,public,2026-05-30 14:11:38,,True,admin
OTPD000030,OTND69062315,3044,مجلس فئة البراعم,public,2026-05-30 14:11:38,,True,admin
OTPD000030,OTND69062316,104,مسؤول اللجنة الإعلاميّة,public,2026-05-30 14:11:38,,True,admin
OTPD000030,OTND69062317,214,اللجنة الإعلاميّة,public,2026-05-30 14:11:38,,True,admin
OTPD000030,OTND69062318,65,اللجنة الإعلاميّة,public,2026-05-30 14:11:38,,True,admin
OTPD000030,OTND69062319,1586,اللجنة الإعلاميّة,public,2026-05-30 14:11:38,,True,admin
OTPD000030,OTND69062320,52,مسؤول لجنة الخدمة,public,2026-05-30 14:11:38,,True,admin
OTPD000030,OTND69062321,3039,لجنة الخدمة,public,2026-05-30 14:11:38,,True,admin
OTPD000030,OTND69062322,1440,لجنة الخدمة,public,2026-05-30 14:11:38,,True,admin
OTPD000030,OTND69062323,409,لجنة الخدمة,public,2026-05-30 14:11:38,,True,admin
OTPD000025,OTND19222351,1272,مسؤول المسرح,admin_only,2026-05-30 16:56:52,,True,admin
OTPD000008,OTND51961858,390,مسؤول اللجنة الإعلاميّة,public,2026-06-16 18:06:55,,True,admin
OTPD000008,OTND51961859,141,أمين الصندوق,public,2026-06-16 18:06:55,,True,admin
OTPD000031,OTND00000074,3174,المرشد الروحي,public,2026-06-16 18:08:33,,True,admin
OTPD000031,OTND00000075,3175,مساعد المرشد الروحي,public,2026-06-16 18:08:33,,True,admin
OTPD000031,OTND00000076,1126,المسؤول العام,public,2026-06-16 18:08:33,,True,admin
OTPD000031,OTND00000077,127,نائب المسؤول العام,public,2026-06-16 18:08:33,,True,admin
OTPD000031,OTND00000078,145,مسؤول فئة العاملة,public,2026-06-16 18:08:33,,True,admin
OTPD000031,OTND00000079,705,مسؤول فئة الجامعيّة,public,2026-06-16 18:08:33,,True,admin
OTPD000031,OTND00000080,265,مسؤول فئة الثانوي,public,2026-06-16 18:08:33,,True,admin
OTPD000031,OTND00000081,227,مسؤول فئة الإعدادي,public,2026-06-16 18:08:33,,True,admin
OTPD000031,OTND00000082,254,مسؤول فئة البراعم,public,2026-06-16 18:08:33,,True,admin
OTPD000031,OTND00000084,863,أمين السر,public,2026-06-16 18:08:33,,True,admin
OTPD000031,OTND00000085,680,أمين الصندوق,public,2026-06-16 18:08:33,,True,admin
OTPD000031,OTND00000086,3176,مسؤول اللجنة الإعلاميّة,public,2026-06-16 18:08:33,,True,admin
OTPD000031,OTND00000087,863,مسؤول اللجنة الترفيهيّة و لجنة المساندة العامة,public,2026-06-16 18:08:33,,True,admin
OTPD000004,OTND51961860,128,مسؤول فئتيّ الجامعيّة والعاملة,public,2026-06-16 18:14:18,,True,admin
OTPD000004,OTND51961861,98,مجلس فئتيّ الجامعيّة والعاملة,public,2026-06-16 18:14:18,,True,admin
OTPD000004,OTND51961862,220,مسؤول فئتيّ الإعدادي والثانوي,public,2026-06-16 18:14:18,,True,admin
OTPD000004,OTND51961863,1364,مسؤول فئة البراعم,public,2026-06-16 18:14:18,,True,admin
OTPD000004,OTND51961864,1365,مجلس فئة البراعم,public,2026-06-16 18:14:18,,True,admin
OTPD000004,OTND51961865,2716,مجلس فئة البراعم,public,2026-06-16 18:14:18,,True,admin
OTPD000004,OTND51961866,255,مجلس فئة البراعم,public,2026-06-16 18:14:18,,True,admin
OTPD000004,OTND51961867,3196,مجلس فئة البراعم,public,2026-06-16 18:14:18,,True,admin
OTPD000004,OTND51961868,3197,مجلس فئة البراعم,public,2026-06-16 18:16:05,,True,admin
OTPD000004,OTND51961869,184,مجلس فئة البراعم,public,2026-06-16 18:16:05,,True,admin
OTPD000004,OTND51961870,184,مسؤول اللجنة الإعلاميّة,public,2026-06-16 18:16:05,,True,admin
OTPD000004,OTND51961871,128,أمين الصندوق,public,2026-06-16 18:16:05,,True,admin
OTPD000004,OTND51961872,25,نائب المسؤول العام,public,2026-06-16 18:16:05,,True,admin
OTPD000004,OTND51961873,1067,أمين السر,public,2026-06-16 18:16:05,,True,admin
OTPD000004,OTND51961874,37,مسؤول لجنة الخدمة,public,2026-06-16 18:16:05,,True,admin
OTPD000004,OTND51961875,1058,مسؤول لجنة الخدمة,public,2026-06-16 18:16:05,,True,admin
OTPD000032,OTND51961876,194,المسؤول العام,public,2026-06-16 18:18:13,,True,admin
OTPD000032,OTND51961877,1274,نائب المسؤول العام,public,2026-06-16 18:18:13,,True,admin
OTPD000032,OTND51961878,3198,المرشد الروحي,public,2026-06-16 18:18:13,,True,admin
OTPD000032,OTND51961879,194,مسؤول فئات الثانوي والجامعيّة والعاملة,public,2026-06-16 18:18:13,,True,admin
OTPD000012,OTND51961880,3199,نائب المسؤول العام,public,2026-06-16 18:19:31,,True,admin
OTPD000007,OTND23200949,3201,,public,2026-06-22 16:00:42,2026-06-22 16:00:50,False,admin
OTPD000031,OTND32520411,3232,,public,2026-07-07 09:23:38,2026-07-07 09:23:43,False,admin
OTPD000031,OTND32520412,3233,,public,2026-07-07 09:26:51,2026-07-07 09:26:57,False,admin
OTPD000031,OTND32520413,3234,,public,2026-07-07 09:30:03,2026-07-07 09:30:08,False,admin
OTPD000031,OTND32520414,3235,,public,2026-07-07 09:40:53,2026-07-07 09:41:03,False,admin
OTPD000031,OTND32520415,3236,,public,2026-07-07 09:43:05,2026-07-07 09:43:11,False,admin
OTPD000031,OTND32520416,3237,,public,2026-07-07 09:48:32,2026-07-07 09:48:37,False,admin
OTPD000021,OTND32520417,3238,,public,2026-07-07 09:50:32,2026-07-07 09:50:38,False,admin
OTPD000031,OTND32520418,3239,,public,2026-07-07 09:54:08,2026-07-07 09:54:13,False,admin
OTPD000031,OTND32520419,3240,,public,2026-07-07 09:57:27,2026-07-07 09:57:33,False,admin
OTPD000031,OTND32520420,3241,,public,2026-07-07 10:00:13,2026-07-07 10:00:20,False,admin
OTPD000031,OTND32520421,3242,,public,2026-07-07 10:03:15,2026-07-07 10:03:21,False,admin
OTPD000031,OTND32520422,3243,,public,2026-07-07 10:10:46,2026-07-07 10:10:52,False,admin
OTPD000001,OTND54011581,3245,,public,2026-07-07 14:38:40,2026-07-07 14:38:49,False,admin
