person_id,note_title,note,scd_active_from,scd_active_to,scd_currently_active_flag,scd_changed_by_user
2599,تحديات,"الاب لا يعمل
لا يوجد سيارة",2025-08-09 10:25:25,,True,admin
2602,تحديات,ماديّة,2025-08-09 20:50:26,,True,admin
526,تحديات,ماديّة,2025-02-01 20:43:09,,True,admin
2606,تحديات,ماديّة,2025-08-09 20:57:29,,True,admin
2708,تحديات,عائلية (انفصال الأب عن الأم),2025-10-19 19:15:44,,True,admin
2709,تحديات,عائلية (انفصال الأب عن الأم),2025-10-19 19:21:05,,True,admin
3132,تحديات,"ماديّة
يعيش فقط مع الأم",2025-11-20 14:00:34,,True,admin
2679,وفيات,وفاة الأب,2025-09-27 20:52:33,,True,admin
2492,وفيات,وفاة الأب,2025-06-10 17:37:39,,True,admin
2573,وفيات,وفاة الأب,2025-07-10 05:07:41,,True,admin
2580,طريق مغادرة البرعم من الشبيبة,سيارة (مع الأهل),2025-08-09 09:44:53,,True,admin
2581,طريق مغادرة البرعم من الشبيبة,سيارة (مع الأهل),2025-08-09 09:45:05,,True,admin
2582,طريق مغادرة البرعم من الشبيبة,سيارة (مع الأهل),2025-08-09 09:46:00,,True,admin
2583,طريق مغادرة البرعم من الشبيبة,سيارة (مع الأهل),2025-08-09 09:46:25,,True,admin
2584,طريق مغادرة البرعم من الشبيبة,سيارة (مع الأهل),2025-08-09 09:47:19,,True,admin
2585,طريق مغادرة البرعم من الشبيبة,سيارة (مع الأهل),2025-08-09 09:47:23,,True,admin
2586,طريق مغادرة البرعم من الشبيبة,سيارة (مع الأهل),2025-08-09 09:48:06,,True,admin
2587,طريق مغادرة البرعم من الشبيبة,تاكسي,2025-08-09 09:48:12,,True,admin
2588,طريق مغادرة البرعم من الشبيبة,سيارة (مع الأهل),2025-08-09 09:49:00,,True,admin
2589,طريق مغادرة البرعم من الشبيبة,سيارة (مع الأهل),2025-08-09 09:49:26,,True,admin
2590,طريق مغادرة البرعم من الشبيبة,سيارة (مع الأهل),2025-08-09 09:49:28,,True,admin
2591,طريق مغادرة البرعم من الشبيبة,"مشي
سيارة (مع الأهل)",2025-08-09 09:53:03,,True,admin
2592,طريق مغادرة البرعم من الشبيبة,سيارة (مع الأهل),2025-08-09 09:53:16,,True,admin
2593,طريق مغادرة البرعم من الشبيبة,سيارة (مع الأهل),2025-08-09 09:55:00,,True,admin
2594,طريق مغادرة البرعم من الشبيبة,"مشي
سيارة (مع الأهل)",2025-08-09 09:55:42,,True,admin
2595,طريق مغادرة البرعم من الشبيبة,سيارة (مع الأهل),2025-08-09 10:05:38,,True,admin
2596,طريق مغادرة البرعم من الشبيبة,سيارة (مع الأهل),2025-08-09 10:11:35,,True,admin
2597,طريق مغادرة البرعم من الشبيبة,مشي,2025-08-09 10:14:02,,True,admin
2598,طريق مغادرة البرعم من الشبيبة,سيارة (مع الأهل),2025-08-09 10:24:10,,True,admin
2599,طريق مغادرة البرعم من الشبيبة,مشي,2025-08-09 10:25:25,,True,admin
2600,طريق مغادرة البرعم من الشبيبة,سيارة (مع الأهل),2025-08-09 19:50:00,,True,admin
2601,طريق مغادرة البرعم من الشبيبة,سيارة (مع الأهل),2025-08-09 19:52:20,,True,admin
2602,طريق مغادرة البرعم من الشبيبة,سيارة (مع الأهل),2025-08-09 20:50:26,,True,admin
2603,طريق مغادرة البرعم من الشبيبة,سيارة (مع الأهل),2025-08-09 20:50:47,,True,admin
2604,طريق مغادرة البرعم من الشبيبة,سيارة (مع الأهل),2025-08-09 20:53:52,,True,admin
2605,طريق مغادرة البرعم من الشبيبة,سيارة (مع الأهل),2025-08-09 20:55:17,,True,admin
2606,طريق مغادرة البرعم من الشبيبة,سيارة (مع الأهل),2025-08-09 20:57:29,,True,admin
2607,طريق مغادرة البرعم من الشبيبة,سيارة (مع الأهل),2025-08-09 20:57:37,,True,admin
2608,طريق مغادرة البرعم من الشبيبة,سيارة (مع الأهل),2025-08-09 21:02:37,,True,admin
2609,طريق مغادرة البرعم من الشبيبة,سيارة (مع الأهل),2025-08-09 21:03:23,,True,admin
2610,طريق مغادرة البرعم من الشبيبة,سيارة (مع الأهل),2025-08-09 21:03:54,,True,admin
2611,طريق مغادرة البرعم من الشبيبة,سيارة (مع الأهل),2025-08-09 21:05:51,,True,admin
2612,طريق مغادرة البرعم من الشبيبة,سيارة (مع الأهل),2025-08-09 21:07:30,,True,admin
2613,طريق مغادرة البرعم من الشبيبة,سيارة (مع الأهل),2025-08-09 21:08:12,,True,admin
2614,طريق مغادرة البرعم من الشبيبة,سيارة (مع الأهل),2025-08-09 21:28:55,,True,admin
2615,طريق مغادرة البرعم من الشبيبة,سيارة (مع الأهل),2025-08-09 22:27:02,,True,admin
2616,طريق مغادرة البرعم من الشبيبة,سيارة (مع الأهل),2025-08-09 22:29:54,,True,admin
2617,طريق مغادرة البرعم من الشبيبة,سيارة (مع الأهل),2025-08-09 23:00:32,,True,admin
2620,طريق مغادرة البرعم من الشبيبة,سيارة (مع الأهل),2025-09-09 16:58:08,,True,admin
2695,طريق مغادرة البرعم من الشبيبة,"سيارة (مع الأهل)
تاكسي",2025-10-09 10:12:01,,True,admin
2696,طريق مغادرة البرعم من الشبيبة,"سيارة (مع الأهل)
تاكسي",2025-10-09 10:14:14,,True,admin
2995,طريق مغادرة البرعم من الشبيبة,سيارة (مع الأهل),2025-12-09 16:52:39,,True,admin
2996,طريق مغادرة البرعم من الشبيبة,سيارة (مع الأهل),2025-12-09 17:00:15,,True,admin
2997,طريق مغادرة البرعم من الشبيبة,سيارة (مع الأهل),2025-12-09 17:06:58,,True,admin
2998,طريق مغادرة البرعم من الشبيبة,سيارة (مع الأهل),2025-12-09 17:09:25,,True,admin
2999,طريق مغادرة البرعم من الشبيبة,سيارة (مع الأهل),2025-12-09 17:33:39,,True,admin
3000,طريق مغادرة البرعم من الشبيبة,سيارة (مع الأهل),2025-12-09 17:45:26,,True,admin
3001,طريق مغادرة البرعم من الشبيبة,سيارة (مع الأهل),2025-12-09 17:50:51,,True,admin
3002,طريق مغادرة البرعم من الشبيبة,سيارة (مع الأهل),2025-12-09 18:03:22,,True,admin
3003,طريق مغادرة البرعم من الشبيبة,سيارة (مع الأهل),2025-12-09 18:08:01,,True,admin
3004,طريق مغادرة البرعم من الشبيبة,سيارة (مع الأهل),2025-12-09 20:51:52,,True,admin
3005,طريق مغادرة البرعم من الشبيبة,سيارة (مع الأهل),2025-12-09 20:56:37,,True,admin
2644,طريق مغادرة البرعم من الشبيبة,"مشي
سيارة (مع الأهل)",2025-09-13 14:30:38,,True,admin
2646,طريق مغادرة البرعم من الشبيبة,سيارة (مع الأهل),2025-09-13 15:33:35,,True,admin
2647,طريق مغادرة البرعم من الشبيبة,"مشي
سيارة (مع الأهل)",2025-09-13 21:54:05,,True,admin
2652,طريق مغادرة البرعم من الشبيبة,سيارة (مع الأهل),2025-09-21 18:40:13,,True,admin
2653,طريق مغادرة البرعم من الشبيبة,سيارة (مع الأهل),2025-09-21 18:44:38,,True,admin
2654,طريق مغادرة البرعم من الشبيبة,سيارة (مع الأهل),2025-09-24 07:31:20,,True,admin
2655,طريق مغادرة البرعم من الشبيبة,سيارة (مع الأهل),2025-09-24 07:33:41,,True,admin
2656,طريق مغادرة البرعم من الشبيبة,سيارة (مع الأهل),2025-09-24 07:35:26,,True,admin
2657,طريق مغادرة البرعم من الشبيبة,سيارة (مع الأهل),2025-09-24 07:39:52,,True,admin
2658,طريق مغادرة البرعم من الشبيبة,مشي,2025-09-24 07:40:30,,True,admin
2659,طريق مغادرة البرعم من الشبيبة,سيارة (مع الأهل),2025-09-24 07:41:43,,True,admin
2660,طريق مغادرة البرعم من الشبيبة,سيارة (مع الأهل),2025-09-24 07:44:17,,True,admin
2661,طريق مغادرة البرعم من الشبيبة,سيارة (مع الأهل),2025-09-24 08:22:40,,True,admin
2662,طريق مغادرة البرعم من الشبيبة,مشي,2025-09-24 08:25:12,,True,admin
2663,طريق مغادرة البرعم من الشبيبة,مشي,2025-09-24 09:09:59,,True,admin
2664,طريق مغادرة البرعم من الشبيبة,سيارة (مع الأهل),2025-09-24 09:37:27,,True,admin
2665,طريق مغادرة البرعم من الشبيبة,سيارة (مع الأهل),2025-09-24 10:12:20,,True,admin
2666,طريق مغادرة البرعم من الشبيبة,سيارة (مع الأهل),2025-09-24 11:00:50,,True,admin
2667,طريق مغادرة البرعم من الشبيبة,"سيارة (مع الأهل)
تاكسي",2025-09-24 22:13:22,,True,admin
2668,طريق مغادرة البرعم من الشبيبة,سيارة (مع الأهل),2025-09-25 07:40:19,,True,admin
2669,طريق مغادرة البرعم من الشبيبة,سيارة (مع الأهل),2025-09-26 14:48:07,,True,admin
2670,طريق مغادرة البرعم من الشبيبة,سيارة (مع الأهل),2025-09-27 17:35:35,,True,admin
2671,طريق مغادرة البرعم من الشبيبة,سيارة (مع الأهل),2025-09-27 17:35:49,,True,admin
2672,طريق مغادرة البرعم من الشبيبة,سيارة (مع الأهل),2025-09-27 17:38:42,,True,admin
2675,طريق مغادرة البرعم من الشبيبة,مشي,2025-09-27 18:08:23,,True,admin
2676,طريق مغادرة البرعم من الشبيبة,سيارة (مع الأهل),2025-09-27 18:32:17,,True,admin
2677,طريق مغادرة البرعم من الشبيبة,سيارة (مع الأهل),2025-09-27 18:37:42,,True,admin
2678,طريق مغادرة البرعم من الشبيبة,سيارة (مع الأهل),2025-09-27 18:40:17,,True,admin
2679,طريق مغادرة البرعم من الشبيبة,"سيارة (مع الأهل)
مشي",2025-09-27 20:52:33,,True,admin
2680,طريق مغادرة البرعم من الشبيبة,سيارة (مع الأهل),2025-09-27 20:53:04,,True,admin
2681,طريق مغادرة البرعم من الشبيبة,سيارة (مع الأهل),2025-09-27 20:55:51,,True,admin
2682,طريق مغادرة البرعم من الشبيبة,سيارة (مع الأهل),2025-09-27 20:56:29,,True,admin
2683,طريق مغادرة البرعم من الشبيبة,سيارة (مع الأهل),2025-09-27 20:58:28,,True,admin
2684,طريق مغادرة البرعم من الشبيبة,سيارة (مع الأهل),2025-09-27 21:08:01,,True,admin
2685,طريق مغادرة البرعم من الشبيبة,سيارة (مع الأهل),2025-09-27 21:17:46,,True,admin
2686,طريق مغادرة البرعم من الشبيبة,سيارة (مع الأهل),2025-09-27 21:24:55,,True,admin
2687,طريق مغادرة البرعم من الشبيبة,سيارة (مع الأهل),2025-09-27 22:17:48,,True,admin
2688,طريق مغادرة البرعم من الشبيبة,سيارة (مع الأهل),2025-09-28 10:22:30,,True,admin
2689,طريق مغادرة البرعم من الشبيبة,سيارة (مع الأهل),2025-09-28 10:58:36,,True,admin
2690,طريق مغادرة البرعم من الشبيبة,سيارة (مع الأهل),2025-09-28 10:58:37,,True,admin
2691,طريق مغادرة البرعم من الشبيبة,مشي,2025-09-28 11:59:52,,True,admin
2692,طريق مغادرة البرعم من الشبيبة,سيارة (مع الأهل),2025-09-28 14:37:40,,True,admin
2693,طريق مغادرة البرعم من الشبيبة,سيارة (مع الأهل),2025-09-28 14:38:46,,True,admin
2694,طريق مغادرة البرعم من الشبيبة,سيارة (مع الأهل),2025-09-28 14:40:58,,True,admin
857,طريق مغادرة البرعم من الشبيبة,سيارة (مع الأهل),2025-02-10 23:06:04,,True,admin
858,طريق مغادرة البرعم من الشبيبة,سيارة (مع الأهل),2025-02-10 23:08:26,,True,admin
1381,طريق مغادرة البرعم من الشبيبة,سيارة (مع الأهل),2025-03-10 22:45:51,,True,admin
2373,طريق مغادرة البرعم من الشبيبة,سيارة (مع الأهل),2025-05-10 18:07:01,,True,admin
2481,طريق مغادرة البرعم من الشبيبة,سيارة (مع الأهل),2025-06-10 14:24:30,,True,admin
2482,طريق مغادرة البرعم من الشبيبة,سيارة (مع الأهل),2025-06-10 14:31:43,,True,admin
2483,طريق مغادرة البرعم من الشبيبة,سيارة (مع الأهل),2025-06-10 14:33:47,,True,admin
2484,طريق مغادرة البرعم من الشبيبة,سيارة (مع الأهل),2025-06-10 14:34:05,,True,admin
2485,طريق مغادرة البرعم من الشبيبة,"سيارة (مع الأهل)
تاكسي",2025-06-10 14:36:18,,True,admin
2486,طريق مغادرة البرعم من الشبيبة,سيارة (مع الأهل),2025-06-10 14:40:27,,True,admin
2487,طريق مغادرة البرعم من الشبيبة,سيارة (مع الأهل),2025-06-10 14:40:40,,True,admin
2488,طريق مغادرة البرعم من الشبيبة,سيارة (مع الأهل),2025-06-10 14:49:40,,True,admin
2489,طريق مغادرة البرعم من الشبيبة,سيارة (مع الأهل),2025-06-10 14:57:28,,True,admin
2491,طريق مغادرة البرعم من الشبيبة,سيارة (مع الأهل),2025-06-10 16:59:59,,True,admin
2492,طريق مغادرة البرعم من الشبيبة,سيارة (مع الأهل),2025-06-10 17:37:39,,True,admin
2494,طريق مغادرة البرعم من الشبيبة,سيارة (مع الأهل),2025-06-10 20:15:19,,True,admin
2495,طريق مغادرة البرعم من الشبيبة,سيارة (مع الأهل),2025-06-10 20:17:31,,True,admin
2573,طريق مغادرة البرعم من الشبيبة,سيارة (مع الأهل),2025-07-10 05:07:41,,True,admin
2697,طريق مغادرة البرعم من الشبيبة,سيارة (مع الأهل),2025-10-10 10:17:40,,True,admin
2698,طريق مغادرة البرعم من الشبيبة,سيارة (مع الأهل),2025-10-10 10:20:23,,True,admin
2699,طريق مغادرة البرعم من الشبيبة,سيارة (مع الأهل),2025-10-10 10:51:59,,True,admin
2700,طريق مغادرة البرعم من الشبيبة,سيارة (مع الأهل),2025-10-10 10:53:48,,True,admin
2973,طريق مغادرة البرعم من الشبيبة,سيارة (مع الأهل),2025-11-10 12:40:38,,True,admin
2974,طريق مغادرة البرعم من الشبيبة,سيارة (مع الأهل),2025-11-10 12:42:39,,True,admin
2975,طريق مغادرة البرعم من الشبيبة,سيارة (مع الأهل),2025-11-10 12:44:35,,True,admin
3006,طريق مغادرة البرعم من الشبيبة,سيارة (مع الأهل),2025-12-10 15:43:56,,True,admin
2701,طريق مغادرة البرعم من الشبيبة,سيارة (مع الأهل),2025-10-15 09:14:10,,True,admin
2702,طريق مغادرة البرعم من الشبيبة,سيارة (مع الأهل),2025-10-15 09:17:13,,True,admin
2703,طريق مغادرة البرعم من الشبيبة,سيارة (مع الأهل),2025-10-15 09:17:26,,True,admin
2704,طريق مغادرة البرعم من الشبيبة,سيارة (مع الأهل),2025-10-15 11:02:54,,True,admin
2705,طريق مغادرة البرعم من الشبيبة,سيارة (مع الأهل),2025-10-15 15:20:34,,True,admin
2706,طريق مغادرة البرعم من الشبيبة,سيارة (مع الأهل),2025-10-18 18:07:54,,True,admin
2707,طريق مغادرة البرعم من الشبيبة,سيارة (مع الأهل),2025-10-18 18:09:42,,True,admin
2708,طريق مغادرة البرعم من الشبيبة,سيارة (مع الأهل),2025-10-19 19:15:44,,True,admin
2709,طريق مغادرة البرعم من الشبيبة,سيارة (مع الأهل),2025-10-19 19:21:05,,True,admin
2710,طريق مغادرة البرعم من الشبيبة,سيارة (مع الأهل),2025-10-24 14:28:50,,True,admin
2711,طريق مغادرة البرعم من الشبيبة,مشي,2025-10-25 20:09:51,,True,admin
2712,طريق مغادرة البرعم من الشبيبة,مشي,2025-10-25 20:39:50,,True,admin
2717,طريق مغادرة البرعم من الشبيبة,"مشي
سيارة (مع الأهل)",2025-10-29 09:08:18,,True,admin
2718,طريق مغادرة البرعم من الشبيبة,"مشي
سيارة (مع الأهل)
تاكسي",2025-10-29 09:10:43,,True,admin
2719,طريق مغادرة البرعم من الشبيبة,سيارة (مع الأهل),2025-10-29 09:30:49,,True,admin
2721,طريق مغادرة البرعم من الشبيبة,سيارة (مع الأهل),2025-10-29 10:53:48,,True,admin
2723,طريق مغادرة البرعم من الشبيبة,سيارة (مع الأهل),2025-10-29 12:13:13,,True,admin
2724,طريق مغادرة البرعم من الشبيبة,سيارة (مع الأهل),2025-10-29 12:15:45,,True,admin
2725,طريق مغادرة البرعم من الشبيبة,سيارة (مع الأهل),2025-10-29 13:27:07,,True,admin
2726,طريق مغادرة البرعم من الشبيبة,سيارة (مع الأهل),2025-10-29 15:22:42,,True,admin
2732,طريق مغادرة البرعم من الشبيبة,سيارة (مع الأهل),2025-10-30 21:16:39,,True,admin
2734,طريق مغادرة البرعم من الشبيبة,سيارة (مع الأهل),2025-10-31 15:19:51,,True,admin
2740,طريق مغادرة البرعم من الشبيبة,سيارة (مع الأهل),2025-10-31 16:51:34,,True,admin
2741,طريق مغادرة البرعم من الشبيبة,سيارة (مع الأهل),2025-10-31 16:54:07,,True,admin
3113,طريق مغادرة البرعم من الشبيبة,سيارة (مع الأهل),2025-11-17 15:13:05,,True,admin
3114,طريق مغادرة البرعم من الشبيبة,مشي,2025-11-17 15:42:44,,True,admin
3115,طريق مغادرة البرعم من الشبيبة,مشي,2025-11-17 15:44:46,,True,admin
776,طريق مغادرة البرعم من الشبيبة,سيارة (مع الأهل),2025-02-04 18:21:59,,True,admin
779,طريق مغادرة البرعم من الشبيبة,سيارة (مع الأهل),2025-02-04 18:53:28,,True,admin
3116,طريق مغادرة البرعم من الشبيبة,سيارة (مع الأهل),2025-11-18 09:24:38,,True,admin
3117,طريق مغادرة البرعم من الشبيبة,سيارة (مع الأهل),2025-11-18 09:28:54,,True,admin
3118,طريق مغادرة البرعم من الشبيبة,سيارة (مع الأهل),2025-11-18 09:31:17,,True,admin
3119,طريق مغادرة البرعم من الشبيبة,سيارة (مع الأهل),2025-11-18 09:44:27,,True,admin
3120,طريق مغادرة البرعم من الشبيبة,سيارة (مع الأهل),2025-11-18 10:50:41,,True,admin
3121,طريق مغادرة البرعم من الشبيبة,سيارة (مع الأهل),2025-11-19 08:52:39,,True,admin
3122,طريق مغادرة البرعم من الشبيبة,سيارة (مع الأهل),2025-11-19 08:56:52,,True,admin
3123,طريق مغادرة البرعم من الشبيبة,سيارة (مع الأهل),2025-11-19 10:22:46,,True,admin
3124,طريق مغادرة البرعم من الشبيبة,سيارة (مع الأهل),2025-11-19 10:28:12,,True,admin
3125,طريق مغادرة البرعم من الشبيبة,مشي,2025-11-19 14:31:23,,True,admin
3126,طريق مغادرة البرعم من الشبيبة,سيارة (مع الأهل),2025-11-19 17:01:11,,True,admin
3127,طريق مغادرة البرعم من الشبيبة,سيارة (مع الأهل),2025-11-19 22:48:46,,True,admin
3128,طريق مغادرة البرعم من الشبيبة,سيارة (مع الأهل),2025-11-19 23:23:59,,True,admin
3129,طريق مغادرة البرعم من الشبيبة,"مشي
سيارة (مع الأهل)",2025-11-19 23:41:23,,True,admin
3130,طريق مغادرة البرعم من الشبيبة,سيارة (مع الأهل),2025-11-20 07:00:47,,True,admin
3131,طريق مغادرة البرعم من الشبيبة,سيارة (مع الأهل),2025-11-20 08:54:25,,True,admin
3132,طريق مغادرة البرعم من الشبيبة,"سيارة (مع الأهل)
تاكسي",2025-11-20 14:00:34,,True,admin
3133,طريق مغادرة البرعم من الشبيبة,سيارة (مع الأهل),2025-11-20 15:44:45,,True,admin
3134,طريق مغادرة البرعم من الشبيبة,سيارة (مع الأهل),2025-11-27 12:59:52,,True,admin
3135,طريق مغادرة البرعم من الشبيبة,سيارة (مع الأهل),2025-11-27 15:58:01,,True,admin
3136,طريق مغادرة البرعم من الشبيبة,سيارة (مع الأهل),2025-11-27 16:00:34,,True,admin
3137,طريق مغادرة البرعم من الشبيبة,سيارة (مع الأهل),2025-11-27 16:11:52,,True,admin
3138,طريق مغادرة البرعم من الشبيبة,سيارة (مع الأهل),2025-11-27 17:25:05,,True,admin
3139,طريق مغادرة البرعم من الشبيبة,سيارة (مع الأهل),2025-11-27 17:42:57,,True,admin
3140,طريق مغادرة البرعم من الشبيبة,سيارة (مع الأهل),2025-11-27 17:44:59,,True,admin
1056,طريق مغادرة البرعم من الشبيبة,سيارة (مع الأهل),2025-02-21 17:47:04,,True,admin
3141,طريق مغادرة البرعم من الشبيبة,سيارة (مع الأهل),2025-11-27 21:24:48,,True,admin
3142,طريق مغادرة البرعم من الشبيبة,سيارة (مع الأهل),2025-11-27 21:40:48,,True,admin
3143,طريق مغادرة البرعم من الشبيبة,مشي,2025-11-27 21:44:38,,True,admin
3144,طريق مغادرة البرعم من الشبيبة,مشي,2025-11-27 21:47:34,,True,admin
3145,طريق مغادرة البرعم من الشبيبة,"مشي
سيارة (مع الأهل)",2025-11-27 21:50:37,,True,admin
3146,طريق مغادرة البرعم من الشبيبة,سيارة (مع الأهل),2025-11-27 21:56:59,,True,admin
3147,طريق مغادرة البرعم من الشبيبة,سيارة (مع الأهل),2025-11-27 22:15:22,,True,admin
3148,طريق مغادرة البرعم من الشبيبة,سيارة (مع الأهل),2025-11-27 22:15:25,,True,admin
3149,طريق مغادرة البرعم من الشبيبة,سيارة (مع الأهل),2025-11-28 08:40:52,,True,admin
3150,طريق مغادرة البرعم من الشبيبة,سيارة (مع الأهل),2025-11-28 15:13:17,,True,admin
3151,طريق مغادرة البرعم من الشبيبة,سيارة (مع الأهل),2025-11-28 15:18:48,,True,admin
3153,طريق مغادرة البرعم من الشبيبة,مشي,2026-02-22 17:33:46,,True,admin
3154,طريق مغادرة البرعم من الشبيبة,سيارة (مع الأهل),2026-03-05 15:37:36,,True,admin
1833,الاحتياجات التدريبيّة (تم أخذ هذه البيانات من الاستبيان في لقاء العاملة الأول لعام 2025),"Effective Communication, Feedback & Managing Difficult Conversations - التواصل الفعّال والتغذية الراجعة وإدارة المحادثات الصعبة
Creativity and Innovation in the Workplace / Design Thinking - الإبداع والابتكار في مكان العمل / التفكير التصميمي
Time Management & Innovation Skills - إدارة الوقت ومهارات الابتكار
Effective Leadership Skills - مهارات القيادة الفعّالة
Leadership Training for Managers - تدريب القيادة للمدراء",2025-03-19 15:15:48,,True,admin
194,الاحتياجات التدريبيّة (تم أخذ هذه البيانات من الاستبيان في لقاء العاملة الأول لعام 2025),"Leading Without Authority: How to Persuade, Influence and Motivate - القيادة بدون سلطة: كيفيّة الإقناع والتأثير والتحفيز
Decision Making - اتّخاذ القرار
How to Delegate Effectively - التفويض بفعاليّة
Effective Communication, Feedback & Managing Difficult Conversations - التواصل الفعّال والتغذية الراجعة وإدارة المحادثات الصعبة
Presentation Skills - مهارات العرض التقديمي
Building Emotional Intelligence - تنمية الذكاء العاطفي
Time Management & Innovation Skills - إدارة الوقت ومهارات الابتكار
Presentation & Communication Skills - مهارات العرض والتواصل
Emotional Intelligence & Team Engagement - الذكاء العاطفي وتفاعل الفريق
Effective Leadership Skills - مهارات القيادة الفعّالة",2025-01-31 11:15:47,,True,admin
19,الاحتياجات التدريبيّة (تم أخذ هذه البيانات من الاستبيان في لقاء العاملة الأول لعام 2025),"How to Delegate Effectively - التفويض بفعاليّة
Creativity and Innovation in the Workplace / Design Thinking - الإبداع والابتكار في مكان العمل / التفكير التصميمي
Presentation & Communication Skills - مهارات العرض والتواصل",2025-01-31 11:13:04,,True,admin
483,الاحتياجات التدريبيّة (تم أخذ هذه البيانات من الاستبيان في لقاء العاملة الأول لعام 2025),"Leading Without Authority: How to Persuade, Influence and Motivate - القيادة بدون سلطة: كيفيّة الإقناع والتأثير والتحفيز
Decision Making - اتّخاذ القرار
Effective Communication, Feedback & Managing Difficult Conversations - التواصل الفعّال والتغذية الراجعة وإدارة المحادثات الصعبة
Building Emotional Intelligence - تنمية الذكاء العاطفي
Emotional Intelligence & Team Engagement - الذكاء العاطفي وتفاعل الفريق
High Impact Presentations - عروض تقديميّة ذات تأثير قوي",2025-02-01 15:39:32,,True,admin
71,الاحتياجات التدريبيّة (تم أخذ هذه البيانات من الاستبيان في لقاء العاملة الأول لعام 2025),"Leading Without Authority: How to Persuade, Influence and Motivate - القيادة بدون سلطة: كيفيّة الإقناع والتأثير والتحفيز
Decision Making - اتّخاذ القرار
Creativity and Innovation in the Workplace / Design Thinking - الإبداع والابتكار في مكان العمل / التفكير التصميمي
Effective Leadership Skills - مهارات القيادة الفعّالة
Leadership Training for Managers - تدريب القيادة للمدراء",2025-01-31 11:13:56,,True,admin
197,الاحتياجات التدريبيّة (تم أخذ هذه البيانات من الاستبيان في لقاء العاملة الأول لعام 2025),"Leading Without Authority: How to Persuade, Influence and Motivate - القيادة بدون سلطة: كيفيّة الإقناع والتأثير والتحفيز
Decision Making - اتّخاذ القرار
Time Management & Innovation Skills - إدارة الوقت ومهارات الابتكار",2025-01-31 11:15:50,,True,admin
412,الاحتياجات التدريبيّة (تم أخذ هذه البيانات من الاستبيان في لقاء العاملة الأول لعام 2025),"Leading Without Authority: How to Persuade, Influence and Motivate - القيادة بدون سلطة: كيفيّة الإقناع والتأثير والتحفيز
Decision Making - اتّخاذ القرار
Creativity and Innovation in the Workplace / Design Thinking - الإبداع والابتكار في مكان العمل / التفكير التصميمي
Time Management & Innovation Skills - إدارة الوقت ومهارات الابتكار
Effective Leadership Skills - مهارات القيادة الفعّالة
Leadership Training for Managers - تدريب القيادة للمدراء
Total Quality Management - إدارة الجودة الشاملة",2025-02-01 13:19:33,,True,admin
43,الاحتياجات التدريبيّة (تم أخذ هذه البيانات من الاستبيان في لقاء العاملة الأول لعام 2025),"Effective Communication, Feedback & Managing Difficult Conversations - التواصل الفعّال والتغذية الراجعة وإدارة المحادثات الصعبة
Building Emotional Intelligence - تنمية الذكاء العاطفي
Emotional Intelligence & Team Engagement - الذكاء العاطفي وتفاعل الفريق
Effective Leadership Skills - مهارات القيادة الفعّالة
High Impact Presentations - عروض تقديميّة ذات تأثير قوي",2025-01-31 11:13:28,,True,admin
258,الاحتياجات التدريبيّة (تم أخذ هذه البيانات من الاستبيان في لقاء العاملة الأول لعام 2025),"Leadership Training for Managers - تدريب القيادة للمدراء
Total Quality Management - إدارة الجودة الشاملة
Risk Management",2025-01-31 11:17:10,,True,admin
1058,الاحتياجات التدريبيّة (تم أخذ هذه البيانات من الاستبيان في لقاء العاملة الأول لعام 2025),"Leading Without Authority: How to Persuade, Influence and Motivate - القيادة بدون سلطة: كيفيّة الإقناع والتأثير والتحفيز
Decision Making - اتّخاذ القرار
Effective Communication, Feedback & Managing Difficult Conversations - التواصل الفعّال والتغذية الراجعة وإدارة المحادثات الصعبة
Creativity and Innovation in the Workplace / Design Thinking - الإبداع والابتكار في مكان العمل / التفكير التصميمي
Teamwork & Collaboration - العمل الجماعي والتعاون
Presentation Skills - مهارات العرض التقديمي
Building Emotional Intelligence - تنمية الذكاء العاطفي
Time Management & Innovation Skills - إدارة الوقت ومهارات الابتكار
Emotional Intelligence & Team Engagement - الذكاء العاطفي وتفاعل الفريق
Effective Leadership Skills - مهارات القيادة الفعّالة
Leadership Training for Managers - تدريب القيادة للمدراء",2025-02-21 20:59:58,,True,admin
1274,الاحتياجات التدريبيّة (تم أخذ هذه البيانات من الاستبيان في لقاء العاملة الأول لعام 2025),"Leading Without Authority: How to Persuade, Influence and Motivate - القيادة بدون سلطة: كيفيّة الإقناع والتأثير والتحفيز
How to Delegate Effectively - التفويض بفعاليّة
Effective Communication, Feedback & Managing Difficult Conversations - التواصل الفعّال والتغذية الراجعة وإدارة المحادثات الصعبة
Creativity and Innovation in the Workplace / Design Thinking - الإبداع والابتكار في مكان العمل / التفكير التصميمي
Teamwork & Collaboration - العمل الجماعي والتعاون
Presentation Skills - مهارات العرض التقديمي
Presentation & Communication Skills - مهارات العرض والتواصل
Emotional Intelligence & Team Engagement - الذكاء العاطفي وتفاعل الفريق
Effective Leadership Skills - مهارات القيادة الفعّالة
Leadership Training for Managers - تدريب القيادة للمدراء
High Impact Presentations - عروض تقديميّة ذات تأثير قوي
Total Quality Management - إدارة الجودة الشاملة",2025-03-04 13:01:58,,True,admin
169,الاحتياجات التدريبيّة (تم أخذ هذه البيانات من الاستبيان في لقاء العاملة الأول لعام 2025),"Leading Without Authority: How to Persuade, Influence and Motivate - القيادة بدون سلطة: كيفيّة الإقناع والتأثير والتحفيز
Decision Making - اتّخاذ القرار
How to Delegate Effectively - التفويض بفعاليّة
Effective Communication, Feedback & Managing Difficult Conversations - التواصل الفعّال والتغذية الراجعة وإدارة المحادثات الصعبة
Creativity and Innovation in the Workplace / Design Thinking - الإبداع والابتكار في مكان العمل / التفكير التصميمي
Teamwork & Collaboration - العمل الجماعي والتعاون
Building Emotional Intelligence - تنمية الذكاء العاطفي
Time Management & Innovation Skills - إدارة الوقت ومهارات الابتكار
Presentation & Communication Skills - مهارات العرض والتواصل
Effective Leadership Skills - مهارات القيادة الفعّالة",2025-01-31 11:15:32,,True,admin
1621,الاحتياجات التدريبيّة (تم أخذ هذه البيانات من الاستبيان في لقاء العاملة الأول لعام 2025),Leadership Training for Managers - تدريب القيادة للمدراء,2025-03-15 20:14:08,,True,admin
1061,الاحتياجات التدريبيّة (تم أخذ هذه البيانات من الاستبيان في لقاء العاملة الأول لعام 2025),"Leading Without Authority: How to Persuade, Influence and Motivate - القيادة بدون سلطة: كيفيّة الإقناع والتأثير والتحفيز
Effective Communication, Feedback & Managing Difficult Conversations - التواصل الفعّال والتغذية الراجعة وإدارة المحادثات الصعبة
Teamwork & Collaboration - العمل الجماعي والتعاون
Building Emotional Intelligence - تنمية الذكاء العاطفي
Time Management & Innovation Skills - إدارة الوقت ومهارات الابتكار
Leadership Training for Managers - تدريب القيادة للمدراء",2025-02-21 21:32:01,,True,admin
81,الاحتياجات التدريبيّة (تم أخذ هذه البيانات من الاستبيان في لقاء العاملة الأول لعام 2025),"Leading Without Authority: How to Persuade, Influence and Motivate - القيادة بدون سلطة: كيفيّة الإقناع والتأثير والتحفيز
Teamwork & Collaboration - العمل الجماعي والتعاون
Building Emotional Intelligence - تنمية الذكاء العاطفي
Emotional Intelligence & Team Engagement - الذكاء العاطفي وتفاعل الفريق
Leadership Training for Managers - تدريب القيادة للمدراء",2025-01-31 11:14:13,,True,admin
66,الاحتياجات التدريبيّة (تم أخذ هذه البيانات من الاستبيان في لقاء العاملة الأول لعام 2025),"Leading Without Authority: How to Persuade, Influence and Motivate - القيادة بدون سلطة: كيفيّة الإقناع والتأثير والتحفيز
Decision Making - اتّخاذ القرار
How to Delegate Effectively - التفويض بفعاليّة
Presentation Skills - مهارات العرض التقديمي
Time Management & Innovation Skills - إدارة الوقت ومهارات الابتكار
Presentation & Communication Skills - مهارات العرض والتواصل
Leadership Training for Managers - تدريب القيادة للمدراء
Total Quality Management - إدارة الجودة الشاملة",2025-01-31 11:13:50,,True,admin
498,الاحتياجات التدريبيّة (تم أخذ هذه البيانات من الاستبيان في لقاء العاملة الأول لعام 2025),"Leading Without Authority: How to Persuade, Influence and Motivate - القيادة بدون سلطة: كيفيّة الإقناع والتأثير والتحفيز
Effective Communication, Feedback & Managing Difficult Conversations - التواصل الفعّال والتغذية الراجعة وإدارة المحادثات الصعبة
Presentation & Communication Skills - مهارات العرض والتواصل
Total Quality Management - إدارة الجودة الشاملة",2025-02-01 16:05:19,,True,admin
1851,الاحتياجات التدريبيّة (تم أخذ هذه البيانات من الاستبيان في لقاء العاملة الأول لعام 2025),"Leading Without Authority: How to Persuade, Influence and Motivate - القيادة بدون سلطة: كيفيّة الإقناع والتأثير والتحفيز
Decision Making - اتّخاذ القرار
Building Emotional Intelligence - تنمية الذكاء العاطفي
Time Management & Innovation Skills - إدارة الوقت ومهارات الابتكار",2025-03-20 12:51:00,,True,admin
590,الاحتياجات التدريبيّة (تم أخذ هذه البيانات من الاستبيان في لقاء العاملة الأول لعام 2025),"Leadership Training for Managers - تدريب القيادة للمدراء
High Impact Presentations - عروض تقديميّة ذات تأثير قوي",2025-02-01 22:43:40,,True,admin
37,الاحتياجات التدريبيّة (تم أخذ هذه البيانات من الاستبيان في لقاء العاملة الأول لعام 2025),"Creativity and Innovation in the Workplace / Design Thinking - الإبداع والابتكار في مكان العمل / التفكير التصميمي
Teamwork & Collaboration - العمل الجماعي والتعاون
Leadership Training for Managers - تدريب القيادة للمدراء",2025-01-31 11:13:23,,True,admin
105,الاحتياجات التدريبيّة (تم أخذ هذه البيانات من الاستبيان في لقاء العاملة الأول لعام 2025),"Leading Without Authority: How to Persuade, Influence and Motivate - القيادة بدون سلطة: كيفيّة الإقناع والتأثير والتحفيز
How to Delegate Effectively - التفويض بفعاليّة
Presentation Skills - مهارات العرض التقديمي
Presentation & Communication Skills - مهارات العرض والتواصل
High Impact Presentations - عروض تقديميّة ذات تأثير قوي",2025-01-31 11:14:35,,True,admin
1584,الاحتياجات التدريبيّة (تم أخذ هذه البيانات من الاستبيان في لقاء العاملة الأول لعام 2025),Teamwork & Collaboration - العمل الجماعي والتعاون,2025-03-14 18:13:40,,True,admin
101,الاحتياجات التدريبيّة (تم أخذ هذه البيانات من الاستبيان في لقاء العاملة الأول لعام 2025),"Leading Without Authority: How to Persuade, Influence and Motivate - القيادة بدون سلطة: كيفيّة الإقناع والتأثير والتحفيز
Decision Making - اتّخاذ القرار
Effective Communication, Feedback & Managing Difficult Conversations - التواصل الفعّال والتغذية الراجعة وإدارة المحادثات الصعبة
Building Emotional Intelligence - تنمية الذكاء العاطفي
Emotional Intelligence & Team Engagement - الذكاء العاطفي وتفاعل الفريق
Leadership Training for Managers - تدريب القيادة للمدراء",2025-01-31 11:14:32,,True,admin
112,الاحتياجات التدريبيّة (تم أخذ هذه البيانات من الاستبيان في لقاء العاملة الأول لعام 2025),Presentation & Communication Skills - مهارات العرض والتواصل,2025-01-31 11:14:40,,True,admin
1577,الاحتياجات التدريبيّة (تم أخذ هذه البيانات من الاستبيان في لقاء العاملة الأول لعام 2025),"Decision Making - اتّخاذ القرار
Building Emotional Intelligence - تنمية الذكاء العاطفي
Emotional Intelligence & Team Engagement - الذكاء العاطفي وتفاعل الفريق",2025-03-14 16:51:29,,True,admin
187,الاحتياجات التدريبيّة (تم أخذ هذه البيانات من الاستبيان في لقاء العاملة الأول لعام 2025),"Effective Communication, Feedback & Managing Difficult Conversations - التواصل الفعّال والتغذية الراجعة وإدارة المحادثات الصعبة",2025-01-31 11:15:44,,True,admin
2217,الاحتياجات التدريبيّة (تم أخذ هذه البيانات من الاستبيان في لقاء العاملة الأول لعام 2025),"Building Emotional Intelligence - تنمية الذكاء العاطفي
Emotional Intelligence & Team Engagement - الذكاء العاطفي وتفاعل الفريق
Leadership Training for Managers - تدريب القيادة للمدراء",2025-04-02 20:56:43,,True,admin
98,الاحتياجات التدريبيّة (تم أخذ هذه البيانات من الاستبيان في لقاء العاملة الأول لعام 2025),"Decision Making - اتّخاذ القرار
Teamwork & Collaboration - العمل الجماعي والتعاون
Total Quality Management - إدارة الجودة الشاملة",2025-01-31 11:14:28,,True,admin
128,الاحتياجات التدريبيّة (تم أخذ هذه البيانات من الاستبيان في لقاء العاملة الأول لعام 2025),"Leading Without Authority: How to Persuade, Influence and Motivate - القيادة بدون سلطة: كيفيّة الإقناع والتأثير والتحفيز
Decision Making - اتّخاذ القرار
Creativity and Innovation in the Workplace / Design Thinking - الإبداع والابتكار في مكان العمل / التفكير التصميمي
Teamwork & Collaboration - العمل الجماعي والتعاون
Presentation Skills - مهارات العرض التقديمي
Presentation & Communication Skills - مهارات العرض والتواصل
Effective Leadership Skills - مهارات القيادة الفعّالة
Total Quality Management - إدارة الجودة الشاملة",2025-01-31 11:14:50,,True,admin
1826,الاحتياجات التدريبيّة (تم أخذ هذه البيانات من الاستبيان في لقاء العاملة الأول لعام 2025),"Decision Making - اتّخاذ القرار
Presentation Skills - مهارات العرض التقديمي
Presentation & Communication Skills - مهارات العرض والتواصل",2025-03-19 12:42:41,,True,admin
205,الاحتياجات التدريبيّة (تم أخذ هذه البيانات من الاستبيان في لقاء العاملة الأول لعام 2025),"Leading Without Authority: How to Persuade, Influence and Motivate - القيادة بدون سلطة: كيفيّة الإقناع والتأثير والتحفيز
Decision Making - اتّخاذ القرار
Effective Communication, Feedback & Managing Difficult Conversations - التواصل الفعّال والتغذية الراجعة وإدارة المحادثات الصعبة
Presentation Skills - مهارات العرض التقديمي
Effective Leadership Skills - مهارات القيادة الفعّالة
Leadership Training for Managers - تدريب القيادة للمدراء",2025-01-31 11:15:57,,True,admin
77,الاحتياجات التدريبيّة (تم أخذ هذه البيانات من الاستبيان في لقاء العاملة الأول لعام 2025),"Decision Making - اتّخاذ القرار
Teamwork & Collaboration - العمل الجماعي والتعاون
Time Management & Innovation Skills - إدارة الوقت ومهارات الابتكار
Emotional Intelligence & Team Engagement - الذكاء العاطفي وتفاعل الفريق",2025-01-31 11:14:09,,True,admin
110,الاحتياجات التدريبيّة (تم أخذ هذه البيانات من الاستبيان في لقاء العاملة الأول لعام 2025),"Leading Without Authority: How to Persuade, Influence and Motivate - القيادة بدون سلطة: كيفيّة الإقناع والتأثير والتحفيز
Effective Communication, Feedback & Managing Difficult Conversations - التواصل الفعّال والتغذية الراجعة وإدارة المحادثات الصعبة
Presentation Skills - مهارات العرض التقديمي
Presentation & Communication Skills - مهارات العرض والتواصل
Effective Leadership Skills - مهارات القيادة الفعّالة",2025-01-31 11:14:39,,True,admin
15,الاحتياجات التدريبيّة (تم أخذ هذه البيانات من الاستبيان في لقاء العاملة الأول لعام 2025),"Effective Communication, Feedback & Managing Difficult Conversations - التواصل الفعّال والتغذية الراجعة وإدارة المحادثات الصعبة",2025-01-31 11:13:01,,True,admin
167,الاحتياجات التدريبيّة (تم أخذ هذه البيانات من الاستبيان في لقاء العاملة الأول لعام 2025),"Leading Without Authority: How to Persuade, Influence and Motivate - القيادة بدون سلطة: كيفيّة الإقناع والتأثير والتحفيز
Decision Making - اتّخاذ القرار
Effective Communication, Feedback & Managing Difficult Conversations - التواصل الفعّال والتغذية الراجعة وإدارة المحادثات الصعبة",2025-01-31 11:15:27,,True,admin
480,الاحتياجات التدريبيّة (تم أخذ هذه البيانات من الاستبيان في لقاء العاملة الأول لعام 2025),High Impact Presentations - عروض تقديميّة ذات تأثير قوي,2025-02-01 15:25:08,,True,admin
195,الاحتياجات التدريبيّة (تم أخذ هذه البيانات من الاستبيان في لقاء العاملة الأول لعام 2025),"Leading Without Authority: How to Persuade, Influence and Motivate - القيادة بدون سلطة: كيفيّة الإقناع والتأثير والتحفيز
Creativity and Innovation in the Workplace / Design Thinking - الإبداع والابتكار في مكان العمل / التفكير التصميمي",2025-01-31 11:15:47,,True,admin
272,الاحتياجات التدريبيّة (تم أخذ هذه البيانات من الاستبيان في لقاء العاملة الأول لعام 2025),"Decision Making - اتّخاذ القرار
Time Management & Innovation Skills - إدارة الوقت ومهارات الابتكار
Effective Leadership Skills - مهارات القيادة الفعّالة",2025-01-31 11:17:41,,True,admin
221,الاحتياجات التدريبيّة (تم أخذ هذه البيانات من الاستبيان في لقاء العاملة الأول لعام 2025),"Teamwork & Collaboration - العمل الجماعي والتعاون
Time Management & Innovation Skills - إدارة الوقت ومهارات الابتكار
Effective Leadership Skills - مهارات القيادة الفعّالة",2025-01-31 11:16:14,,True,admin
91,الاحتياجات التدريبيّة (تم أخذ هذه البيانات من الاستبيان في لقاء العاملة الأول لعام 2025),"Leading Without Authority: How to Persuade, Influence and Motivate - القيادة بدون سلطة: كيفيّة الإقناع والتأثير والتحفيز
Effective Leadership Skills - مهارات القيادة الفعّالة",2025-01-31 11:14:25,,True,admin
151,الاحتياجات التدريبيّة (تم أخذ هذه البيانات من الاستبيان في لقاء العاملة الأول لعام 2025),"Decision Making - اتّخاذ القرار
Effective Communication, Feedback & Managing Difficult Conversations - التواصل الفعّال والتغذية الراجعة وإدارة المحادثات الصعبة
Creativity and Innovation in the Workplace / Design Thinking - الإبداع والابتكار في مكان العمل / التفكير التصميمي
Time Management & Innovation Skills - إدارة الوقت ومهارات الابتكار
Effective Leadership Skills - مهارات القيادة الفعّالة
Total Quality Management - إدارة الجودة الشاملة",2025-01-31 11:15:07,,True,admin
76,الاحتياجات التدريبيّة (تم أخذ هذه البيانات من الاستبيان في لقاء العاملة الأول لعام 2025),"Decision Making - اتّخاذ القرار
Teamwork & Collaboration - العمل الجماعي والتعاون
Building Emotional Intelligence - تنمية الذكاء العاطفي
Emotional Intelligence & Team Engagement - الذكاء العاطفي وتفاعل الفريق
High Impact Presentations - عروض تقديميّة ذات تأثير قوي
Total Quality Management - إدارة الجودة الشاملة",2025-01-31 11:14:05,,True,admin
2303,الاحتياجات التدريبيّة (تم أخذ هذه البيانات من الاستبيان في لقاء العاملة الأول لعام 2025),"Decision Making - اتّخاذ القرار
Effective Communication, Feedback & Managing Difficult Conversations - التواصل الفعّال والتغذية الراجعة وإدارة المحادثات الصعبة
Building Emotional Intelligence - تنمية الذكاء العاطفي",2025-04-28 00:04:55,,True,admin
1988,الاحتياجات التدريبيّة (تم أخذ هذه البيانات من الاستبيان في لقاء العاملة الأول لعام 2025),"Effective Communication, Feedback & Managing Difficult Conversations - التواصل الفعّال والتغذية الراجعة وإدارة المحادثات الصعبة
Total Quality Management - إدارة الجودة الشاملة",2025-03-22 19:24:12,,True,admin
264,الاحتياجات التدريبيّة (تم أخذ هذه البيانات من الاستبيان في لقاء العاملة الأول لعام 2025),"Effective Communication, Feedback & Managing Difficult Conversations - التواصل الفعّال والتغذية الراجعة وإدارة المحادثات الصعبة
Leadership Training for Managers - تدريب القيادة للمدراء
Cyber Security",2025-01-31 11:17:17,,True,admin
1264,الاحتياجات التدريبيّة (تم أخذ هذه البيانات من الاستبيان في لقاء العاملة الأول لعام 2025),"Leading Without Authority: How to Persuade, Influence and Motivate - القيادة بدون سلطة: كيفيّة الإقناع والتأثير والتحفيز
Decision Making - اتّخاذ القرار
How to Delegate Effectively - التفويض بفعاليّة
Effective Communication, Feedback & Managing Difficult Conversations - التواصل الفعّال والتغذية الراجعة وإدارة المحادثات الصعبة
Creativity and Innovation in the Workplace / Design Thinking - الإبداع والابتكار في مكان العمل / التفكير التصميمي
Teamwork & Collaboration - العمل الجماعي والتعاون
Presentation Skills - مهارات العرض التقديمي
Building Emotional Intelligence - تنمية الذكاء العاطفي
Time Management & Innovation Skills - إدارة الوقت ومهارات الابتكار
Presentation & Communication Skills - مهارات العرض والتواصل
Emotional Intelligence & Team Engagement - الذكاء العاطفي وتفاعل الفريق
Effective Leadership Skills - مهارات القيادة الفعّالة
Leadership Training for Managers - تدريب القيادة للمدراء
High Impact Presentations - عروض تقديميّة ذات تأثير قوي
Total Quality Management - إدارة الجودة الشاملة",2025-03-01 19:37:37,,True,admin
1855,الاحتياجات التدريبيّة (تم أخذ هذه البيانات من الاستبيان في لقاء العاملة الأول لعام 2025),"Leading Without Authority: How to Persuade, Influence and Motivate - القيادة بدون سلطة: كيفيّة الإقناع والتأثير والتحفيز
Decision Making - اتّخاذ القرار
Effective Communication, Feedback & Managing Difficult Conversations - التواصل الفعّال والتغذية الراجعة وإدارة المحادثات الصعبة
Building Emotional Intelligence - تنمية الذكاء العاطفي
Effective Leadership Skills - مهارات القيادة الفعّالة",2025-03-20 14:44:03,,True,admin
145,الاحتياجات التدريبيّة (تم أخذ هذه البيانات من الاستبيان في لقاء العاملة الأول لعام 2025),"Creativity and Innovation in the Workplace / Design Thinking - الإبداع والابتكار في مكان العمل / التفكير التصميمي
Building Emotional Intelligence - تنمية الذكاء العاطفي
Time Management & Innovation Skills - إدارة الوقت ومهارات الابتكار
Emotional Intelligence & Team Engagement - الذكاء العاطفي وتفاعل الفريق",2025-01-31 11:15:01,,True,admin
315,الاحتياجات التدريبيّة (تم أخذ هذه البيانات من الاستبيان في لقاء العاملة الأول لعام 2025),"Time Management & Innovation Skills - إدارة الوقت ومهارات الابتكار
Effective Leadership Skills - مهارات القيادة الفعّالة
Leadership Training for Managers - تدريب القيادة للمدراء",2025-01-31 11:22:37,,True,admin
391,الاحتياجات التدريبيّة (تم أخذ هذه البيانات من الاستبيان في لقاء العاملة الأول لعام 2025),"Teamwork & Collaboration - العمل الجماعي والتعاون
Effective Leadership Skills - مهارات القيادة الفعّالة
High Impact Presentations - عروض تقديميّة ذات تأثير قوي",2025-02-01 08:43:18,,True,admin
1315,الاحتياجات التدريبيّة (تم أخذ هذه البيانات من الاستبيان في لقاء العاملة الأول لعام 2025),"How to Delegate Effectively - التفويض بفعاليّة
Effective Communication, Feedback & Managing Difficult Conversations - التواصل الفعّال والتغذية الراجعة وإدارة المحادثات الصعبة
Emotional Intelligence & Team Engagement - الذكاء العاطفي وتفاعل الفريق
Total Quality Management - إدارة الجودة الشاملة",2025-03-10 14:29:55,,True,admin
2306,الاحتياجات التدريبيّة (تم أخذ هذه البيانات من الاستبيان في لقاء العاملة الأول لعام 2025),"How to Delegate Effectively - التفويض بفعاليّة
Total Quality Management - إدارة الجودة الشاملة",2025-04-30 14:40:21,,True,admin
137,الاحتياجات التدريبيّة (تم أخذ هذه البيانات من الاستبيان في لقاء العاملة الأول لعام 2025),"Leading Without Authority: How to Persuade, Influence and Motivate - القيادة بدون سلطة: كيفيّة الإقناع والتأثير والتحفيز
Decision Making - اتّخاذ القرار
How to Delegate Effectively - التفويض بفعاليّة
Effective Communication, Feedback & Managing Difficult Conversations - التواصل الفعّال والتغذية الراجعة وإدارة المحادثات الصعبة
Creativity and Innovation in the Workplace / Design Thinking - الإبداع والابتكار في مكان العمل / التفكير التصميمي
Teamwork & Collaboration - العمل الجماعي والتعاون
Presentation Skills - مهارات العرض التقديمي
Building Emotional Intelligence - تنمية الذكاء العاطفي
Time Management & Innovation Skills - إدارة الوقت ومهارات الابتكار
Presentation & Communication Skills - مهارات العرض والتواصل
Emotional Intelligence & Team Engagement - الذكاء العاطفي وتفاعل الفريق
Effective Leadership Skills - مهارات القيادة الفعّالة
Leadership Training for Managers - تدريب القيادة للمدراء
High Impact Presentations - عروض تقديميّة ذات تأثير قوي
Total Quality Management - إدارة الجودة الشاملة
ISO 9001",2025-01-31 11:14:57,,True,admin
611,الاحتياجات التدريبيّة (تم أخذ هذه البيانات من الاستبيان في لقاء العاملة الأول لعام 2025),"Leading Without Authority: How to Persuade, Influence and Motivate - القيادة بدون سلطة: كيفيّة الإقناع والتأثير والتحفيز
Effective Communication, Feedback & Managing Difficult Conversations - التواصل الفعّال والتغذية الراجعة وإدارة المحادثات الصعبة
Presentation Skills - مهارات العرض التقديمي
Building Emotional Intelligence - تنمية الذكاء العاطفي
Leadership Training for Managers - تدريب القيادة للمدراء
Total Quality Management - إدارة الجودة الشاملة",2025-02-02 10:18:23,,True,admin
310,الاحتياجات التدريبيّة (تم أخذ هذه البيانات من الاستبيان في لقاء العاملة الأول لعام 2025),"Leading Without Authority: How to Persuade, Influence and Motivate - القيادة بدون سلطة: كيفيّة الإقناع والتأثير والتحفيز
Decision Making - اتّخاذ القرار
Effective Communication, Feedback & Managing Difficult Conversations - التواصل الفعّال والتغذية الراجعة وإدارة المحادثات الصعبة
Creativity and Innovation in the Workplace / Design Thinking - الإبداع والابتكار في مكان العمل / التفكير التصميمي
Teamwork & Collaboration - العمل الجماعي والتعاون
Presentation Skills - مهارات العرض التقديمي
Building Emotional Intelligence - تنمية الذكاء العاطفي
Time Management & Innovation Skills - إدارة الوقت ومهارات الابتكار
Presentation & Communication Skills - مهارات العرض والتواصل
Emotional Intelligence & Team Engagement - الذكاء العاطفي وتفاعل الفريق
Effective Leadership Skills - مهارات القيادة الفعّالة
Leadership Training for Managers - تدريب القيادة للمدراء
High Impact Presentations - عروض تقديميّة ذات تأثير قوي",2025-01-31 11:20:08,,True,admin
1982,الاحتياجات التدريبيّة (تم أخذ هذه البيانات من الاستبيان في لقاء العاملة الأول لعام 2025),"Effective Communication, Feedback & Managing Difficult Conversations - التواصل الفعّال والتغذية الراجعة وإدارة المحادثات الصعبة
Creativity and Innovation in the Workplace / Design Thinking - الإبداع والابتكار في مكان العمل / التفكير التصميمي
Presentation Skills - مهارات العرض التقديمي
Building Emotional Intelligence - تنمية الذكاء العاطفي
Time Management & Innovation Skills - إدارة الوقت ومهارات الابتكار
Presentation & Communication Skills - مهارات العرض والتواصل
Emotional Intelligence & Team Engagement - الذكاء العاطفي وتفاعل الفريق
Leadership Training for Managers - تدريب القيادة للمدراء
Total Quality Management - إدارة الجودة الشاملة",2025-03-22 19:04:27,,True,admin
163,الاحتياجات التدريبيّة (تم أخذ هذه البيانات من الاستبيان في لقاء العاملة الأول لعام 2025),"Decision Making - اتّخاذ القرار
Effective Communication, Feedback & Managing Difficult Conversations - التواصل الفعّال والتغذية الراجعة وإدارة المحادثات الصعبة
Creativity and Innovation in the Workplace / Design Thinking - الإبداع والابتكار في مكان العمل / التفكير التصميمي
Teamwork & Collaboration - العمل الجماعي والتعاون
Presentation Skills - مهارات العرض التقديمي
Time Management & Innovation Skills - إدارة الوقت ومهارات الابتكار
Presentation & Communication Skills - مهارات العرض والتواصل
Emotional Intelligence & Team Engagement - الذكاء العاطفي وتفاعل الفريق
Effective Leadership Skills - مهارات القيادة الفعّالة
Leadership Training for Managers - تدريب القيادة للمدراء
High Impact Presentations - عروض تقديميّة ذات تأثير قوي
Total Quality Management - إدارة الجودة الشاملة",2025-01-31 11:15:20,,True,admin
2514,خاصة بالطعام,لا يحب المخلل ولا الخس,2026-06-23 00:30:16,,True,admin
263,الاحتياجات التدريبيّة (تم أخذ هذه البيانات من الاستبيان في لقاء العاملة الأول لعام 2025),"Leading Without Authority: How to Persuade, Influence and Motivate - القيادة بدون سلطة: كيفيّة الإقناع والتأثير والتحفيز
Decision Making - اتّخاذ القرار
Effective Communication, Feedback & Managing Difficult Conversations - التواصل الفعّال والتغذية الراجعة وإدارة المحادثات الصعبة
Creativity and Innovation in the Workplace / Design Thinking - الإبداع والابتكار في مكان العمل / التفكير التصميمي
Teamwork & Collaboration - العمل الجماعي والتعاون
Presentation & Communication Skills - مهارات العرض والتواصل
Effective Leadership Skills - مهارات القيادة الفعّالة
Leadership Training for Managers - تدريب القيادة للمدراء",2025-01-31 11:17:16,2026-05-29 16:31:43,False,admin
298,الاحتياجات التدريبيّة (تم أخذ هذه البيانات من الاستبيان في لقاء العاملة الأول لعام 2025),"Leading Without Authority: How to Persuade, Influence and Motivate - القيادة بدون سلطة: كيفيّة الإقناع والتأثير والتحفيز
Decision Making - اتّخاذ القرار
Building Emotional Intelligence - تنمية الذكاء العاطفي
Emotional Intelligence & Team Engagement - الذكاء العاطفي وتفاعل الفريق",2025-01-31 11:18:44,2026-05-29 16:26:30,False,admin
1310,الاحتياجات التدريبيّة (تم أخذ هذه البيانات من الاستبيان في لقاء العاملة الأول لعام 2025),"Leading Without Authority: How to Persuade, Influence and Motivate - القيادة بدون سلطة: كيفيّة الإقناع والتأثير والتحفيز
Decision Making - اتّخاذ القرار
Creativity and Innovation in the Workplace / Design Thinking - الإبداع والابتكار في مكان العمل / التفكير التصميمي
Teamwork & Collaboration - العمل الجماعي والتعاون
Presentation Skills - مهارات العرض التقديمي
Building Emotional Intelligence - تنمية الذكاء العاطفي
Time Management & Innovation Skills - إدارة الوقت ومهارات الابتكار
Presentation & Communication Skills - مهارات العرض والتواصل
Emotional Intelligence & Team Engagement - الذكاء العاطفي وتفاعل الفريق
Effective Leadership Skills - مهارات القيادة الفعّالة",2025-03-09 22:09:10,2026-05-29 15:42:49,False,admin
