person_id,institution_name,major,degree,start_date,end_date,education_state,final_gpa,scd_active_from,scd_active_to,scd_currently_active_flag,scd_changed_by_user
2,جامعة البلقاء التطبيقيّة,هندسة الأوتوترونكس,بكالوريوس,,,current,,2025-01-31 11:12:25,,True,admin
3,الجامعة الأردنيّة,المحاسبة,بكالوريوس,,,current,,2025-01-31 11:12:36,,True,admin
4,جامعة البلقاء التطبيقيّة,الأمن السيبراني,بكالوريوس,,,current,,2025-01-31 11:12:38,,True,admin
5,جامعة جدارا,الأمن السيبراني,بكالوريوس,,,current,,2025-01-31 11:12:38,,True,admin
6,جامعة مؤتة,الهندسة الميكانيكيّة,بكالوريوس,,,current,,2025-01-31 11:12:42,,True,admin
7,جامعة البلقاء التطبيقيّة,هندسة البرمجيات,بكالوريوس,,,graduated,,2025-01-31 11:12:46,,True,admin
8,جامعة البترا,العلوم الماليّة والمصرفيّة,بكالوريوس,,,graduated,,2025-01-31 11:12:47,,True,admin
9,جامعة اليرموك,علم البيانات والذكاء الاصطناعي,بكالوريوس,,,current,,2025-01-31 11:12:50,,True,admin
10,الجامعة الهاشميّة,المحاسبة,بكالوريوس,,,current,,2025-01-31 11:12:50,,True,admin
11,جامعة البلقاء التطبيقيّة,نظم المعلومات المحاسبيّة,بكالوريوس,,,current,,2025-01-31 11:12:54,,True,admin
12,جامعة العلوم والتكنولوجيا الأردنيّة,طب وجراحة الأسنان,بكالوريوس,,,current,,2025-01-31 11:12:54,,True,admin
13,الجامعة الهاشميّة,هندسة الحاسوب,بكالوريوس,,,current,,2025-01-31 11:13:00,,True,admin
14,الجامعة الهاشميّة,هندسة البرمجيات,بكالوريوس,,,graduated,,2025-01-31 11:13:00,,True,admin
16,الجامعة الألمانيّة الأردنيّة,الهندسة الطبيّة الحيويّة,بكالوريوس,,,current,,2025-01-31 11:13:02,,True,admin
17,الجامعة الهاشميّة,المحاسبة,بكالوريوس,,,graduated,,2025-01-31 11:13:03,,True,admin
18,جامعة مؤتة,علم البيانات والذكاء الاصطناعي,بكالوريوس,,,current,,2025-01-31 11:13:03,,True,admin
20,جامعة العلوم والتكنولوجيا الأردنيّة,الأمن السيبراني,بكالوريوس,,,current,,2025-01-31 11:13:06,,True,admin
21,الجامعة الهاشميّة,الهندسة الصناعيّة,بكالوريوس,,,graduated,,2025-01-31 11:13:09,,True,admin
22,الجامعة الهاشميّة,الاقتصاد المالي,بكالوريوس,,,graduated,,2025-01-31 11:13:09,,True,admin
24,الجامعة الهاشميّة,علم المحافظة على الآثار,بكالوريوس,,,graduated,,2025-01-31 11:13:12,,True,admin
25,الجامعة الأردنيّة,هندسة العمارة,بكالوريوس,,,graduated,,2025-01-31 11:13:12,,True,admin
26,الجامعة الهاشميّة,هندسة الميكاترونيكس,بكالوريوس,,,current,,2025-01-31 11:13:13,,True,admin
27,الجامعة الهاشميّة,الهندسة الصناعيّة,بكالوريوس,,,current,,2025-01-31 11:13:13,,True,admin
28,جامعة الشّرق الأوسط,التكنولوجيا الماليّة,بكالوريوس,,,current,,2025-01-31 11:13:13,,True,admin
29,جامعة البلقاء التطبيقيّة,اللغة العربيّة وآدابها,بكالوريوس,,,graduated,,2025-01-31 11:13:15,,True,admin
30,جامعة عمان الأهليّة,الحقوق / القانون,بكالوريوس,,,current,,2025-01-31 11:13:18,,True,admin
31,جامعة الزرقاء,طب وجراحة الأسنان,بكالوريوس,,,current,,2025-01-31 11:13:18,,True,admin
32,الجامعة الهاشميّة,علم البيانات والذكاء الاصطناعي,بكالوريوس,,,current,,2025-01-31 11:13:19,,True,admin
34,جامعة اليرموك,الطب البشري,بكالوريوس,,,current,,2025-01-31 11:13:20,,True,admin
35,الجامعة الهاشميّة,المحاسبة,بكالوريوس,,,current,,2025-01-31 11:13:21,,True,admin
36,الجامعة الأردنيّة,الهندسة المدنيّة,بكالوريوس,,,current,,2025-01-31 11:13:22,,True,admin
38,الجامعة الهاشميّة,التسويق الرقمي,بكالوريوس,,,current,,2025-01-31 11:13:24,,True,admin
39,جامعة البترا,هندسة البرمجيات,بكالوريوس,,,graduated,,2025-01-31 11:13:25,,True,admin
40,جامعة البلقاء التطبيقيّة,الهندسة المدنيّة والمساحة,بكالوريوس,,,current,,2025-01-31 11:13:25,,True,admin
41,الجامعة الأردنيّة,التربية البدنيّة,بكالوريوس,,,current,,2025-01-31 11:13:26,,True,admin
42,جامعة العلوم والتكنولوجيا الأردنيّة,الهندسة الكهربائيّة,بكالوريوس,,,current,,2025-01-31 11:13:27,,True,admin
44,الجامعة الهاشميّة,الأمن السيبراني,بكالوريوس,,,current,,2025-01-31 11:13:29,,True,admin
45,جامعة العلوم والتكنولوجيا الأردنيّة,هندسة وأمن شبكات الحاسوب,بكالوريوس,,,graduated,,2025-01-31 11:13:29,,True,admin
46,جامعة مؤتة,التمريض,بكالوريوس,,,current,,2025-01-31 11:13:32,,True,admin
47,جامعة العلوم والتكنولوجيا الأردنيّة,هندسة البرمجيات,بكالوريوس,,,current,,2025-01-31 11:13:32,,True,admin
48,الجامعة الأردنيّة,طب وجراحة الأسنان,بكالوريوس,,,current,,2025-01-31 11:13:33,,True,admin
49,الجامعة الهاشميّة,علم الحاسوب وتطبيقاته,بكالوريوس,,,current,,2025-01-31 11:13:35,,True,admin
50,جامعة عمان العربيّة,نظم المعلومات الإداريّة,بكالوريوس,,,graduated,,2025-01-31 11:13:36,,True,admin
51,جامعة الشّرق الأوسط,الحقوق / القانون,بكالوريوس,,,graduated,,2025-01-31 11:13:36,,True,admin
51,جامعة الشّرق الأوسط,الحقوق / القانون,ماجستير,,,graduated,,2025-01-31 11:13:36,,True,admin
52,جامعة العلوم والتكنولوجيا الأردنيّة,طب وجراحة الأسنان,بكالوريوس,,,graduated,,2025-01-31 11:13:40,,True,admin
53,جامعة الزرقاء,الأمن السيبراني,بكالوريوس,,,current,,2025-01-31 11:13:41,,True,admin
54,جامعة البلقاء التطبيقيّة,علم الحاسوب,بكالوريوس,,,current,,2025-01-31 11:13:42,,True,admin
55,الجامعة الأردنيّة,هندسة الميكاترونيكس,بكالوريوس,,,current,,2025-01-31 11:13:42,,True,admin
56,الجامعة الأردنيّة,الهندسة الميكانيكيّة,بكالوريوس,,,graduated,,2025-01-31 11:13:44,,True,admin
57,الجامعة الأمريكيّة في مادبا,المحاسبة الدوليّة والتمويل,بكالوريوس,,,graduated,,2025-01-31 11:13:45,,True,admin
58,الجامعة الأمريكيّة في مادبا,المختبرات الطبيّة,بكالوريوس,,,graduated,,2025-01-31 11:13:45,,True,admin
60,جامعة عمان الأهليّة,علم البيانات والذكاء الاصطناعي,بكالوريوس,,,current,,2025-01-31 11:13:46,,True,admin
61,جامعة مؤتة,الهندسة الكيميائيّة,بكالوريوس,,,current,,2025-01-31 11:13:46,,True,admin
62,الجامعة الهاشميّة,العلاج الوظيفي,بكالوريوس,,,current,,2025-01-31 11:13:48,,True,admin
63,الجامعة الهاشميّة,الطب البشري,بكالوريوس,,,current,,2025-01-31 11:13:49,,True,admin
64,جامعة مؤتة,المحاسبة,بكالوريوس,,,current,,2025-01-31 11:13:49,,True,admin
65,جامعة جدارا,دكتور في الصيدلة,بكالوريوس,,,current,,2025-01-31 11:13:49,,True,admin
67,جامعة البلقاء التطبيقيّة,العلوم الماليّة والمصرفيّة,بكالوريوس,,,graduated,,2025-01-31 11:13:51,,True,admin
68,الجامعة الهاشميّة,الهندسة الميكانيكيّة,بكالوريوس,,,graduated,,2025-01-31 11:13:52,,True,admin
69,الجامعة الهاشميّة,التسويق الرقمي,بكالوريوس,,,current,,2025-01-31 11:13:53,,True,admin
70,الجامعة الهاشميّة,الطب البشري,بكالوريوس,,,current,,2025-01-31 11:13:55,,True,admin
72,الجامعة الهاشميّة,الإدارة السياحيّة,بكالوريوس,,,current,,2025-01-31 11:14:00,,True,admin
73,الجامعة الهاشميّة,إدارة الأعمال,بكالوريوس,,,current,,2025-01-31 11:14:01,,True,admin
74,الجامعة الهاشميّة,المحاسبة,بكالوريوس,,,current,,2025-01-31 11:14:02,,True,admin
75,الجامعة الأردنيّة,اللغات (إسباني - إنجليزي),بكالوريوس,,,current,,2025-01-31 11:14:03,,True,admin
78,جامعة مؤتة,هندسة البرمجيات,بكالوريوس,,,current,,2025-01-31 11:14:11,,True,admin
79,جامعة الشّرق الأوسط,التكنولوجيا الماليّة,بكالوريوس,,,graduated,,2025-01-31 11:14:11,,True,admin
80,الجامعة الهاشميّة,العلوم الماليّة والمصرفيّة,بكالوريوس,,,current,,2025-01-31 11:14:12,,True,admin
82,جامعة عمان الأهليّة,المحاسبة,بكالوريوس,,,graduated,,2025-01-31 11:14:14,,True,admin
83,الجامعة الهاشميّة,المحاسبة,بكالوريوس,,,current,,2025-01-31 11:14:15,,True,admin
84,جامعة البلقاء التطبيقيّة,نظم المعلومات الحاسوبيّة,بكالوريوس,,,current,,2025-01-31 11:14:16,,True,admin
85,جامعة البلقاء التطبيقيّة,المحاسبة,بكالوريوس,,,current,,2025-01-31 11:14:17,,True,admin
86,الجامعة الأردنيّة,اللغات (إنجليزي - فرنسي),بكالوريوس,,,current,,2025-01-31 11:14:17,,True,admin
87,جامعة البلقاء التطبيقيّة,التحقيقات الجنائية الرقمية,بكالوريوس,,,current,,2025-01-31 11:14:19,,True,admin
88,جامعة جدارا,إدارة الأعمال,بكالوريوس,,,current,,2025-01-31 11:14:19,,True,admin
89,جامعة الزرقاء,الأمن السيبراني,بكالوريوس,,,current,,2025-01-31 11:14:22,,True,admin
92,جامعة العلوم والتكنولوجيا الأردنيّة,الهندسة المدنيّة,بكالوريوس,,,current,,2025-01-31 11:14:26,,True,admin
94,جامعة مؤتة,معلم صف,بكالوريوس,,,graduated,,2025-01-31 11:14:27,,True,admin
95,جامعة البلقاء التطبيقيّة,الهندسة المدنيّة,بكالوريوس,,,graduated,,2025-01-31 11:14:27,,True,admin
96,جامعة مؤتة,هندسة البرمجيات,بكالوريوس,,,current,,2025-01-31 11:14:27,,True,admin
97,جامعة جدارا,التربية الرياضيّة,بكالوريوس,,,current,,2025-01-31 11:14:27,,True,admin
99,جامعة آل البيت,إدارة الأعمال,بكالوريوس,,,current,,2025-01-31 11:14:29,,True,admin
100,جامعة اليرموك,المحاسبة,بكالوريوس,,,graduated,,2025-01-31 11:14:30,,True,admin
102,الجامعة الهاشميّة,الكيمياء,بكالوريوس,,,current,,2025-01-31 11:14:32,,True,admin
103,الجامعة الهاشميّة,الاقتصاد المالي,بكالوريوس,,,current,,2025-01-31 11:14:33,,True,admin
104,جامعة العلوم والتكنولوجيا الأردنيّة,الرياضيات,بكالوريوس,,,graduated,,2025-01-31 11:14:34,,True,admin
106,جامعة البلقاء التطبيقيّة,علم الحاسوب,بكالوريوس,,,current,,2025-01-31 11:14:36,,True,admin
108,جامعة الحسين التقنيّة,هندسة العمارة,بكالوريوس,,,current,,2025-01-31 11:14:38,,True,admin
109,جامعة البلقاء التطبيقيّة,صيانة المركبات الكهربائيّة والهجينة,دبلوم,,,graduated,,2025-01-31 11:14:39,,True,admin
111,الجامعة الهاشميّة,العلوم الطبيّة المخبريّة,بكالوريوس,,,graduated,,2025-01-31 11:14:40,,True,admin
113,جامعة مؤتة,الطب والجراحة,بكالوريوس,,,graduated,,2025-01-31 11:14:41,,True,admin
114,جامعة مؤتة,الصيدلة,بكالوريوس,,,current,,2025-01-31 11:14:41,,True,admin
115,جامعة الزرقاء,التربية الرياضيّة,بكالوريوس,,,current,,2025-01-31 11:14:42,,True,admin
116,جامعة العلوم والتكنولوجيا الأردنيّة,الهندسة الميكانيكيّة,بكالوريوس,,,current,,2025-01-31 11:14:42,,True,admin
117,الجامعة الأردنيّة,اللغة الإنجليزيّة وآدابها,بكالوريوس,,,current,,2025-01-31 11:14:44,,True,admin
119,جامعة العلوم والتكنولوجيا الأردنيّة,هندسة الحاسوب,بكالوريوس,,,current,,2025-01-31 11:14:45,,True,admin
120,الجامعة الهاشميّة,هندسة الحاسوب,بكالوريوس,,,current,,2025-01-31 11:14:45,,True,admin
121,جامعة فيلادلفيا,هندسة السيارات الكهربائيّة والهايبرد,دبلوم,,,current,,2025-01-31 11:14:45,,True,admin
122,جامعة جدارا,الصيدلة,بكالوريوس,,,current,,2025-01-31 11:14:45,,True,admin
123,جامعة مؤتة,العلوم الحياتيّة,بكالوريوس,,,current,,2025-01-31 11:14:47,,True,admin
125,جامعة عمان الأهليّة,علم الحاسوب,بكالوريوس,,,current,,2025-01-31 11:14:47,,True,admin
126,الجامعة الهاشميّة,الهندسة الصناعيّة,بكالوريوس,,,current,,2025-01-31 11:14:47,,True,admin
127,الجامعة الأردنيّة,دكتور في الصيدلة,بكالوريوس,,,current,,2025-01-31 11:14:50,,True,admin
129,جامعة الزرقاء,التسويق الإلكتروني والتواصل الاجتماعي,بكالوريوس,,,current,,2025-01-31 11:14:51,,True,admin
130,الجامعة الهاشميّة,الاقتصاد المالي,بكالوريوس,,,graduated,,2025-01-31 11:14:51,,True,admin
131,الجامعة الأمريكيّة في مادبا,الأمن السيبراني,بكالوريوس,,,current,,2025-01-31 11:14:52,,True,admin
132,جامعة العلوم والتكنولوجيا الأردنيّة,الصيدلة,بكالوريوس,,,current,,2025-01-31 11:14:53,,True,admin
133,جامعة اليرموك,التربية البدنيّة وعلوم الرياضة,بكالوريوس,,,current,,2025-01-31 11:14:53,,True,admin
134,الجامعة الهاشميّة,اللغة الإنجليزيّة وآدابها - مسار الترجمة,بكالوريوس,,,graduated,,2025-01-31 11:14:54,,True,admin
135,جامعة اليرموك,الطب البشري,بكالوريوس,,,current,,2025-01-31 11:14:54,,True,admin
136,جامعة عمان الأهليّة,التصميم الداخلي,بكالوريوس,,,current,,2025-01-31 11:14:57,,True,admin
139,جامعة جدارا,العلوم الماليّة والمصرفيّة,بكالوريوس,,,graduated,,2025-01-31 11:14:58,,True,admin
140,الجامعة الأمريكيّة في مادبا,هندسة أنظمة روبوتات ذكيّة,بكالوريوس,,,current,,2025-01-31 11:14:58,,True,admin
142,جامعة البلقاء التطبيقيّة,إدارة الأعمال,بكالوريوس,,,graduated,,2025-01-31 11:14:59,,True,admin
143,جامعة مؤتة,الترجمة,بكالوريوس,,,current,,2025-01-31 11:14:00,,True,admin
144,جامعة الشّرق الأوسط,الحقوق / القانون,بكالوريوس,,,graduated,,2025-01-31 11:15:00,,True,admin
146,جامعة العلوم والتكنولوجيا الأردنيّة,الهندسة الصناعيّة,بكالوريوس,,,current,,2025-01-31 11:15:02,,True,admin
147,جامعة العلوم والتكنولوجيا الأردنيّة,دكتور في الصيدلة,بكالوريوس,,,current,,2025-01-31 11:15:04,,True,admin
148,جامعة اليرموك,نظم المعلومات الإداريّة,بكالوريوس,,,graduated,,2025-01-31 11:15:06,,True,admin
149,الجامعة الأردنيّة,الذكاء الاصطناعي,بكالوريوس,,,current,,2025-01-31 11:15:06,,True,admin
150,جامعة الزرقاء,هندسة البرمجيات,بكالوريوس,,,graduated,,2025-01-31 11:15:07,,True,admin
152,جامعة اليرموك,الهندسة المدنيّة,بكالوريوس,,,current,,2025-01-31 11:15:07,,True,admin
155,جامعة عمان الأهليّة,الحقوق / القانون,بكالوريوس,,,current,,2025-01-31 11:15:12,,True,admin
156,جامعة الأميرة سميّة للتكنولوجيا,المحاسبة,بكالوريوس,,,graduated,,2025-01-31 11:15:14,,True,admin
158,جامعة اليرموك,الطب البشري,بكالوريوس,,,current,,2025-01-31 11:15:16,,True,admin
159,الجامعة الأمريكيّة في مادبا,وسائط متعددة,بكالوريوس,,,current,,2025-01-31 11:15:16,,True,admin
160,الجامعة الأردنيّة,دكتور في الصيدلة,بكالوريوس,,,current,,2025-01-31 11:15:17,,True,admin
161,الجامعة الهاشميّة,الطب البشري,بكالوريوس,,,current,,2025-01-31 11:15:18,,True,admin
162,الجامعة الهاشميّة,الأمن السيبراني,بكالوريوس,,,current,,2025-01-31 11:15:18,,True,admin
164,جامعة العلوم والتكنولوجيا الأردنيّة,البصريات,بكالوريوس,,,graduated,,2025-01-31 11:15:20,,True,admin
165,جامعة البلقاء التطبيقيّة,تقنيات حيويّة زراعيّة,بكالوريوس,,,graduated,,2025-01-31 11:15:22,,True,admin
166,جامعة مؤتة,التدريب الرياضي,بكالوريوس,,,graduated,,2025-01-31 11:15:27,,True,admin
168,الجامعة الهاشميّة,المحاسبة,بكالوريوس,,,graduated,,2025-01-31 11:15:28,,True,admin
170,كلية عمون الجامعيّة التطبيقيّة,إدارة فنادق,بكالوريوس,,,current,,2025-01-31 11:15:33,,True,admin
171,جامعة الزرقاء,إدارة الأعمال,بكالوريوس,,,current,,2025-01-31 11:15:33,,True,admin
172,جامعة العلوم التطبيقيّة الخاصة,الهندسة الصناعيّة,بكالوريوس,,,current,,2025-01-31 11:15:33,,True,admin
173,جامعة الزرقاء,الذكاء الاصطناعي,بكالوريوس,,,current,,2025-01-31 11:15:33,,True,admin
174,جامعة جرش,علم الحاسوب,بكالوريوس,,,graduated,,2025-01-31 11:15:34,,True,admin
175,جامعة مؤتة,هندسة البرمجيات,بكالوريوس,,,current,,2025-01-31 11:15:34,,True,admin
176,جامعة الزرقاء,المختبرات والتحاليل الطبيّة,بكالوريوس,,,current,,2025-01-31 11:15:36,,True,admin
177,جامعة جدارا,هندسة البرمجيات,بكالوريوس,,,graduated,,2025-01-31 11:15:37,,True,admin
178,الجامعة الهاشميّة,الاقتصاد المالي,بكالوريوس,,,current,,2025-01-31 11:15:38,,True,admin
180,الجامعة الأردنيّة,الحقوق / القانون,بكالوريوس,,,current,,2025-01-31 11:15:39,,True,admin
181,جامعة اليرموك,الهندسة الطبيّة الحيويّة,بكالوريوس,,,current,,2025-01-31 11:15:40,,True,admin
182,جامعة عمان الأهليّة,المحاسبة,بكالوريوس,,,current,,2025-01-31 11:15:41,,True,admin
183,جامعة الزرقاء,الذكاء الاصطناعي,بكالوريوس,,,current,,2025-01-31 11:15:41,,True,admin
184,الجامعة الأمريكيّة في مادبا,الصيدلة,بكالوريوس,,,graduated,,2025-01-31 11:15:41,,True,admin
185,جامعة العلوم والتكنولوجيا الأردنيّة,الأمن السيبراني,بكالوريوس,,,current,,2025-01-31 11:15:44,,True,admin
188,جامعة اليرموك,اقتصاد المال والأعمال,بكالوريوس,,,current,,2025-01-31 11:15:44,,True,admin
189,الجامعة الهاشميّة,الهندسة الصناعيّة,بكالوريوس,,,current,,2025-01-31 11:15:45,,True,admin
190,جامعة البلقاء التطبيقيّة,الحقوق / القانون,بكالوريوس,,,current,,2025-01-31 11:15:45,,True,admin
191,جامعة العلوم والتكنولوجيا الأردنيّة,الهندسة المدنيّة,بكالوريوس,,,graduated,,2025-01-31 11:15:45,,True,admin
191,جامعة العلوم والتكنولوجيا الأردنيّة,إدارة عامة,ماجستير,,,graduated,,2025-01-31 11:15:45,,True,admin
192,جامعة الزرقاء,الحقوق / القانون,بكالوريوس,,,current,,2025-01-31 11:15:45,,True,admin
193,جامعة مؤتة,الطب البشري,بكالوريوس,,,current,,2025-01-31 11:15:46,,True,admin
196,جامعة الزرقاء,هندسة الأوتوترونكس,بكالوريوس,,,current,,2025-01-31 11:15:48,,True,admin
199,جامعة مؤتة,التمريض,بكالوريوس,,,current,,2025-01-31 11:15:53,,True,admin
200,جامعة البلقاء التطبيقيّة,إدارة الأعمال,بكالوريوس,,,graduated,,2025-01-31 11:15:53,,True,admin
201,الجامعة الأمريكيّة في مادبا,التسويق الرقمي والابتكار,بكالوريوس,,,current,,2025-01-31 11:15:55,,True,admin
202,جامعة آل البيت,المحاسبة وقانون الأعمال,بكالوريوس,,,graduated,,2025-01-31 11:15:55,,True,admin
207,جامعة آل البيت,هندسة العمارة,بكالوريوس,,,graduated,,2025-01-31 11:15:57,,True,admin
208,الجامعة الأمريكيّة في مادبا,هندسة العمارة,بكالوريوس,,,current,,2025-01-31 11:15:57,,True,admin
209,جامعة العلوم والتكنولوجيا الأردنيّة,الكيمياء,بكالوريوس,,,current,,2025-01-31 11:16:02,,True,admin
210,جامعة البلقاء التطبيقيّة,التحاليل الطبيّة,بكالوريوس,,,current,,2025-01-31 11:16:02,,True,admin
212,جامعة البلقاء التطبيقيّة,المختبرات الطبيّة,بكالوريوس,,,graduated,,2025-01-31 11:16:03,,True,admin
213,جامعة العلوم والتكنولوجيا الأردنيّة,هندسة الحاسوب,بكالوريوس,,,current,,2025-01-31 11:16:05,,True,admin
214,جامعة العلوم والتكنولوجيا الأردنيّة,الهندسة الكهربائيّة,بكالوريوس,,,current,,2025-01-31 11:16:08,,True,admin
215,جامعة العلوم والتكنولوجيا الأردنيّة,تكنولوجيا صناعة الأسنان,بكالوريوس,,,current,,2025-01-31 11:16:10,,True,admin
217,جامعة جدارا,التصميم الداخلي,بكالوريوس,,,current,,2025-01-31 11:16:12,,True,admin
218,الجامعة الهاشميّة,العلوم الطبيّة المخبريّة,بكالوريوس,,,graduated,,2025-01-31 11:16:13,,True,admin
219,جامعة الزرقاء,الأمن السيبراني,بكالوريوس,,,current,,2025-01-31 11:16:13,,True,admin
220,الأكاديميّة الملكيّة لفنون الطهي,إدارة الطعام والشراب,بكالوريوس,,,current,,2025-01-31 11:16:14,,True,admin
222,جامعة إربد الأهليّة,هندسة البرمجيات,بكالوريوس,,,current,,2025-01-31 11:16:15,,True,admin
224,جامعة البلقاء التطبيقيّة,الحقوق / القانون,بكالوريوس,,,current,,2025-01-31 11:16:17,,True,admin
225,الجامعة الأمريكيّة في مادبا,التحاليل الطبيّة,بكالوريوس,,,current,,2025-01-31 11:16:17,,True,admin
226,جامعة مؤتة,اللغة الإنجليزيّة التطبيقيّة,بكالوريوس,,,current,,2025-01-31 11:16:18,,True,admin
227,جامعة البلقاء التطبيقيّة,الطب البشري,بكالوريوس,,,current,,2025-01-31 11:16:19,,True,admin
228,الجامعة الأردنيّة,اللغة الإنجليزيّة وآدابها,بكالوريوس,,,current,,2025-01-31 11:16:21,,True,admin
229,الجامعة الأردنيّة,الهندسة المدنيّة,بكالوريوس,,,graduated,,2025-01-31 11:16:24,,True,admin
230,الجامعة الأردنيّة,اللغات (فرنسي - إنجليزي),بكالوريوس,,,current,,2025-01-31 11:16:24,,True,admin
231,الجامعة الهاشميّة,إدارة المخاطر والتأمين,بكالوريوس,,,graduated,,2025-01-31 11:16:25,,True,admin
235,جامعة العلوم والتكنولوجيا الأردنيّة,الطب البشري,بكالوريوس,,,current,,2025-01-31 11:16:29,,True,admin
236,الجامعة الهاشميّة,العلوم الماليّة والمصرفيّة,بكالوريوس,,,current,,2025-01-31 11:16:35,,True,admin
237,كلّية المفرق الأهليّة,التمريض,بكالوريوس,,,current,,2025-01-31 11:16:37,,True,admin
238,الجامعة الهاشميّة,إدارة فنادق,بكالوريوس,,,current,,2025-01-31 11:16:40,,True,admin
239,جامعة البلقاء التطبيقيّة,هندسة الصناعات الكيميائيّة,بكالوريوس,,,graduated,,2025-01-31 11:16:41,,True,admin
240,جامعة عمان الأهليّة,علم البيانات والذكاء الاصطناعي,بكالوريوس,,,current,,2025-01-31 11:16:42,,True,admin
242,جامعة مؤتة,العلوم الماليّة والمصرفيّة,بكالوريوس,,,graduated,,2025-01-31 11:16:44,,True,admin
243,الجامعة الهاشميّة,هندسة العمارة,بكالوريوس,,,current,,2025-01-31 11:16:45,,True,admin
244,جامعة البلقاء التطبيقيّة,إدارة الأعمال,بكالوريوس,,,current,,2025-01-31 11:16:46,,True,admin
246,جامعة اليرموك,العلوم السياسيّة,بكالوريوس,,,current,,2025-01-31 11:16:50,,True,admin
247,الجامعة الأردنيّة,إدارة المطارات وعلوم الطيران,بكالوريوس,,,graduated,,2025-01-31 11:16:51,,True,admin
248,الجامعة الأردنيّة,اللغة العربيّة وآدابها,بكالوريوس,,,current,,2025-01-31 11:16:52,,True,admin
249,الجامعة الألمانيّة الأردنيّة,علوم لوجستيّة,بكالوريوس,,,graduated,,2025-01-31 11:16:52,,True,admin
250,جامعة الشّرق الأوسط,التكنولوجيا الماليّة,بكالوريوس,,,graduated,,2025-01-31 11:16:58,,True,admin
251,كلّية القدس,المحاسبة,بكالوريوس,,,graduated,,2025-01-31 11:16:59,,True,admin
255,الجامعة الأمريكيّة في مادبا,إدارة الأعمال,بكالوريوس,,,current,,2025-01-31 11:17:06,,True,admin
256,جامعة الزرقاء,طب وجراحة الأسنان,بكالوريوس,,,current,,2025-01-31 11:17:07,,True,admin
257,جامعة مؤتة,هندسة النظم الصناعيّة,بكالوريوس,,,current,,2025-01-31 11:17:09,,True,admin
259,الجامعة الهاشميّة,علم التمريض,بكالوريوس,,,current,,2025-01-31 11:17:11,,True,admin
260,الجامعة الأمريكيّة في مادبا,التسويق الرقمي والابتكار,بكالوريوس,,,current,,2025-01-31 11:17:12,,True,admin
261,الجامعة الأردنيّة,الحقوق / القانون,بكالوريوس,,,current,,2025-01-31 11:17:13,,True,admin
262,الجامعة الهاشميّة,تربية الطفولة المبكرة,بكالوريوس,,,graduated,,2025-01-31 11:17:15,,True,admin
265,جامعة الحسين التقنيّة,هندسة العمارة,بكالوريوس,,,current,,2025-01-31 11:17:18,,True,admin
266,الجامعة الهاشميّة,الاقتصاد,بكالوريوس,,,graduated,,2025-01-31 11:17:20,,True,admin
268,جامعة الحسين التقنيّة,علم الحاسوب,بكالوريوس,,,current,,2025-01-31 11:17:25,,True,admin
270,جامعة جدارا,العلوم الجمركيّة,بكالوريوس,,,current,,2025-01-31 11:17:38,,True,admin
273,جامعة الزرقاء,هندسة البرمجيات,بكالوريوس,,,current,,2025-01-31 11:17:45,,True,admin
274,جامعة جدارا,العلوم الطبيّة المخبريّة,بكالوريوس,,,current,,2025-01-31 11:17:49,,True,admin
275,University of Nicosia,الحقوق / القانون,بكالوريوس,,,graduated,,2025-01-31 11:17:50,,True,admin
276,الجامعة التكنولوجيّة - العراق,الهندسة المدنيّة,بكالوريوس,,,graduated,,2025-01-31 11:18:01,,True,admin
277,جامعة اليرموك,الصيدلة,بكالوريوس,,,current,,2025-01-31 11:18:02,,True,admin
279,الجامعة الأردنيّة,الهندسة المدنيّة,بكالوريوس,,,graduated,,2025-01-31 11:18:03,,True,admin
282,جامعة جدارا,هندسة السيارات الكهربائيّة والهايبرد,دبلوم,,,current,,2025-01-31 11:18:08,,True,admin
283,جامعة العلوم والتكنولوجيا الأردنيّة,الطب البشري,بكالوريوس,,,current,,2025-01-31 11:18:11,,True,admin
284,الجامعة الهاشميّة,الهندسة الصناعيّة,بكالوريوس,,,current,,2025-01-31 11:18:12,,True,admin
285,جامعة الأميرة سميّة للتكنولوجيا,علم الحاسوب,بكالوريوس,,,graduated,,2025-01-31 11:18:16,,True,admin
286,مدرسة ثيودور شنلر,نجارة عربي ديكور,دبلوم,,,graduated,,2025-01-31 11:18:19,,True,admin
288,جامعة العلوم والتكنولوجيا الأردنيّة,الأمن السيبراني,بكالوريوس,,,current,,2025-01-31 11:18:21,,True,admin
289,جامعة العلوم والتكنولوجيا الأردنيّة,إدارة سياسات صحيّة,بكالوريوس,,,current,,2025-01-31 11:18:21,,True,admin
290,جامعة العلوم والتكنولوجيا الأردنيّة,الفيزياء,بكالوريوس,,,current,,2025-01-31 11:18:21,,True,admin
291,جامعة البلقاء التطبيقيّة,التصميم الجرافيكي,بكالوريوس,,,graduated,,2025-01-31 11:18:24,,True,admin
292,جامعة اليرموك,التسويق,بكالوريوس,,,current,,2025-01-31 11:18:27,,True,admin
294,الجامعة الهاشميّة,هندسة البرمجيات,بكالوريوس,,,current,,2025-01-31 11:18:39,,True,admin
296,جامعة الحسين التقنيّة,الرسم الحاسوبي والرسوم المتحركة,بكالوريوس,,,current,,2025-01-31 11:18:43,,True,admin
297,كليّة لومينوس الجامعيّة التقنيّة,فنون الطهي,دبلوم,,,graduated,,2025-01-31 11:18:44,,True,admin
299,جامعة العلوم والتكنولوجيا الأردنيّة,الهندسة الصناعيّة,بكالوريوس,,,current,,2025-01-31 11:18:00,,True,admin
300,الجامعة الهاشميّة,سجلات طبيّة,بكالوريوس,,,current,,2025-01-31 11:19:01,,True,admin
301,الجامعة الهاشميّة,معلم صف,بكالوريوس,,,current,,2025-01-31 11:19:04,,True,admin
303,جامعة الحسين التقنيّة,هندسة العمارة,بكالوريوس,,,current,,2025-01-31 11:19:11,,True,admin
304,كلية الخوارزمي الجامعيّة التقنيّة,إدارة مستشفيات,بكالوريوس,,,current,,2025-01-31 11:19:17,,True,admin
305,جامعة العلوم التطبيقيّة الخاصة,العلوم الماليّة والمصرفيّة,بكالوريوس,,,graduated,,2025-01-31 11:19:18,,True,admin
306,جامعة عمان الأهليّة,تكنولوجيا تحليل الأعمال,بكالوريوس,,,current,,2025-01-31 11:19:40,,True,admin
307,جامعة بغداد - العراق,الفنون الجميلة,بكالوريوس,,,graduated,,2025-01-31 11:19:43,,True,admin
308,جامعة العلوم والتكنولوجيا الأردنيّة,تصميم وتطوير ألعاب الحاسوب,بكالوريوس,,,current,,2025-01-31 11:20:06,,True,admin
309,الجامعة الأمريكيّة في مادبا,الصيدلة,بكالوريوس,,,current,,2025-01-31 11:20:08,,True,admin
311,كليّة لومينوس الجامعيّة التقنيّة,التصميم الداخلي والديكور,بكالوريوس,,,graduated,,2025-01-31 11:20:10,,True,admin
314,الجامعة الهاشميّة,إدارة المخاطر والتأمين,بكالوريوس,,,current,,2025-01-31 11:21:51,,True,admin
316,الجامعة الهاشميّة,هندسة العمارة,بكالوريوس,,,current,,2025-01-31 11:22:46,,True,admin
317,الجامعة الهاشميّة,المحاسبة,بكالوريوس,,,graduated,,2025-01-31 11:23:09,,True,admin
319,كليّة المجتمع العربي,إدارة مكاتب,بكالوريوس,,,graduated,,2025-01-31 11:24:08,,True,admin
320,الجامعة الهاشميّة,التسويق الرقمي,بكالوريوس,,,current,,2025-01-31 11:24:54,,True,admin
321,Young Women`s Christian Association (YWCA),إدارة مكاتب وسكرتاريا,بكالوريوس,,,graduated,,2025-01-31 11:25:23,,True,admin
322,جامعة الأميرة سميّة للتكنولوجيا,التصميم الداخلي,بكالوريوس,,,graduated,,2025-01-31 11:26:59,,True,admin
324,جامعة الأميرة سميّة للتكنولوجيا,المحاسبة,بكالوريوس,,,graduated,,2025-01-31 11:33:32,,True,admin
325,جامعة الإسراء,العلوم الماليّة والمصرفيّة,بكالوريوس,,,graduated,,2025-01-31 11:37:13,,True,admin
326,جامعة آل البيت,اقتصاد المال والأعمال,بكالوريوس,,,graduated,,2025-01-31 11:38:46,,True,admin
327,كلّية العلوم التربويّة والآداب,معلم صف,بكالوريوس,,,current,,2025-01-31 11:42:11,,True,admin
329,الجامعة الهاشميّة,الأمن السيبراني,بكالوريوس,,,current,,2025-01-31 11:58:47,,True,admin
330,جامعة الشّرق الأوسط,الهندسة المعماريّة والتصميم الداخلي,بكالوريوس,,,current,,2025-01-31 12:24:41,,True,admin
331,الجامعة الأردنيّة,الفنون المسرحيّة,بكالوريوس,,,current,,2025-01-31 12:32:23,,True,admin
332,جامعة الأميرة سميّة للتكنولوجيا,المحاسبة,بكالوريوس,,,current,,2025-01-31 13:30:38,,True,admin
333,جامعة اليرموك,اقتصاد المال والأعمال,بكالوريوس,,,graduated,,2025-01-31 13:33:50,,True,admin
334,الجامعة الهاشميّة,الطب البشري,بكالوريوس,,,current,,2025-01-31 13:43:41,,True,admin
335,جامعة الزرقاء,المحاسبة,بكالوريوس,,,graduated,,2025-01-31 13:51:54,,True,admin
336,جامعة اليرموك,هندسة الحاسوب وإنترنت الأشياء,بكالوريوس,,,current,,2025-01-31 14:53:31,,True,admin
337,جامعة الزرقاء,التكنولوجيا الماليّة,بكالوريوس,,,current,,2025-01-31 15:08:17,,True,admin
338,الجامعة الهاشميّة,العلاقات الدوليّة والدراسات الاستراتيجيّة,بكالوريوس,,,graduated,,2025-01-31 16:01:13,,True,admin
339,جامعة العلوم والتكنولوجيا الأردنيّة,التصميم والتواصل البصري,بكالوريوس,,,current,,2025-01-31 16:17:26,,True,admin
340,جامعة اليرموك,فنون دراما,بكالوريوس,,,current,,2025-01-31 16:37:22,,True,admin
345,جامعة العلوم والتكنولوجيا الأردنيّة,هندسة وأمن شبكات الحاسوب,بكالوريوس,,,current,,2025-01-31 17:30:15,,True,admin
346,الجامعة الهاشميّة,الهندسة الصناعيّة,بكالوريوس,,,current,,2025-01-31 17:41:04,,True,admin
352,جامعة الإسراء,نظم المعلومات الحاسوبيّة,بكالوريوس,,,current,,2025-01-31 19:17:34,,True,admin
355,كلّية الأمير فيصل الفنيّة,هندسة رحلات جويّة,بكالوريوس,,,graduated,,2025-01-31 19:39:59,,True,admin
356,جامعة مؤتة,الآثار والسياحة,بكالوريوس,,,graduated,,2025-01-31 19:40:14,,True,admin
357,جامعة مؤتة,المحاسبة,بكالوريوس,,,graduated,,2025-01-31 19:40:50,,True,admin
363,جامعة مؤتة,الهندسة المدنيّة,بكالوريوس,,,current,,2025-01-31 19:53:05,,True,admin
369,الجامعة الهاشميّة,التصوير الطبي والإشعاعي,بكالوريوس,,,graduated,,2025-01-31 20:22:58,,True,admin
373,كلية عمون الجامعيّة التطبيقيّة,إدارة فنادق وفعاليات,بكالوريوس,,,graduated,,2025-01-31 20:53:11,,True,admin
374,الجامعة الألمانيّة الأردنيّة,هندسة الحاسوب,بكالوريوس,,,current,,2025-01-31 20:55:47,,True,admin
376,جامعة إربد الأهليّة,اللغة الإنجليزيّة وآدابها,بكالوريوس,,,current,,2025-01-31 22:08:49,,True,admin
377,الجامعة الهاشميّة,علم البيانات والذكاء الاصطناعي,بكالوريوس,,,graduated,,2025-01-31 22:08:55,,True,admin
378,الجامعة الهاشميّة,الهندسة المدنيّة,بكالوريوس,,,graduated,,2025-01-31 22:12:10,,True,admin
379,جامعة آل البيت,التمريض,بكالوريوس,,,graduated,,2025-01-31 22:13:50,,True,admin
380,جامعة الشّرق الأوسط,التسويق الإلكتروني والتواصل الاجتماعي,بكالوريوس,,,graduated,,2025-01-31 22:15:40,,True,admin
381,جامعة آل البيت,الحقوق / القانون,بكالوريوس,,,current,,2025-01-31 22:19:07,,True,admin
382,جامعة آل البيت,اللغات (فرنسي - إنجليزي),بكالوريوس,,,current,,2025-01-31 22:31:32,,True,admin
383,جامعة العلوم والتكنولوجيا الأردنيّة,طب وجراحة الأسنان,بكالوريوس,,,graduated,,2025-01-31 22:37:46,,True,admin
384,جامعة آل البيت,الأمن السيبراني,بكالوريوس,,,current,,2025-01-31 22:41:24,,True,admin
386,جامعة آل البيت,علم الحاسوب,بكالوريوس,,,graduated,,2025-01-31 22:46:40,,True,admin
387,جامعة اليرموك,العلوم الماليّة والمصرفيّة,بكالوريوس,,,current,,2025-01-31 22:49:13,,True,admin
388,جامعة العلوم والتكنولوجيا الأردنيّة,الهندسة الصناعيّة,بكالوريوس,,,current,,2025-01-31 22:56:59,,True,admin
389,جامعة العلوم والتكنولوجيا الأردنيّة,الهندسة الكيميائيّة,بكالوريوس,,,current,,2025-01-31 23:15:38,,True,admin
390,جامعة الزرقاء,الصيدلة,بكالوريوس,,,current,,2025-02-01 01:42:53,,True,admin
394,جامعة الزيتونة الأردنيّة,الأمن السيبراني,بكالوريوس,,,current,,2025-02-01 10:06:30,,True,admin
397,جامعة الحسين التقنيّة,علم الحاسوب,بكالوريوس,,,current,,2025-02-01 11:35:37,,True,admin
398,الجامعة الأمريكيّة في مادبا,إدارة المخاطر,بكالوريوس,,,current,,2025-02-01 11:50:03,,True,admin
402,جامعة العلوم والتكنولوجيا الأردنيّة,هندسة الطيران,بكالوريوس,,,current,,2025-02-01 12:20:45,,True,admin
408,جامعة اليرموك,الإرشاد النفسي والتربوي,بكالوريوس,,,current,,2025-02-01 12:45:12,,True,admin
409,جامعة العلوم والتكنولوجيا الأردنيّة,علم الحاسوب,بكالوريوس,,,current,,2025-02-01 12:57:29,,True,admin
410,جامعة الحسين التقنيّة,علم البيانات والذكاء الاصطناعي,بكالوريوس,,,current,,2025-02-01 13:07:19,,True,admin
411,الجامعة الأردنيّة,تربية الطفل,بكالوريوس,,,graduated,,2025-02-01 13:14:36,,True,admin
413,جامعة الشّرق الأوسط,الترجمة التطبيقيّة,بكالوريوس,,,graduated,,2025-02-01 13:23:12,,True,admin
414,جامعة العلوم والتكنولوجيا الأردنيّة,هايبرد,بكالوريوس,,,current,,2025-02-01 13:27:37,,True,admin
415,كليّة لومينوس الجامعيّة التقنيّة,الهندسة الكهربائيّة والإلكترونيّة,بكالوريوس,,,graduated,,2025-02-01 13:32:37,,True,admin
416,جامعة العلوم والتكنولوجيا الأردنيّة,الصيدلة,بكالوريوس,,,graduated,,2025-02-01 13:38:13,,True,admin
420,Coventry University,إدارة الأعمال,بكالوريوس,,,graduated,,2025-02-01 13:54:41,,True,admin
435,جامعة اليرموك,الصيدلة,بكالوريوس,,,current,,2025-02-01 14:18:44,,True,admin
449,كليّة لومينوس الجامعيّة التقنيّة,المحاسبة,بكالوريوس,,,graduated,,2025-02-01 14:41:58,,True,admin
466,جامعة البترا,تكييف وتبريد وكهرباء,بكالوريوس,,,graduated,,2025-02-01 15:04:02,,True,admin
481,جامعة العلوم والتكنولوجيا الأردنيّة,الهندسة الكيميائيّة,بكالوريوس,,,graduated,,2025-02-01 15:26:13,,True,admin
503,جامعة الإسراء - العراق,تقنيات الأجهزة الطبيّة,بكالوريوس,,,graduated,,2025-02-01 16:22:56,,True,admin
512,جامعة الموصل - العراق,السياحة,بكالوريوس,,,graduated,,2025-02-01 17:06:02,,True,admin
514,جامعة اليرموك,إدارة فنادق,بكالوريوس,,,current,,2025-02-01 17:33:50,,True,admin
557,University of Debrecen,إدارة هندسيّة,ماجستير,,,graduated,,2025-02-01 21:13:52,,True,admin
569,الجامعة الهاشميّة,الهندسة الصناعيّة,بكالوريوس,,,current,,2025-02-01 21:44:07,,True,admin
574,الجامعة الهاشميّة,هندسة الحاسوب,بكالوريوس,,,graduated,,2025-02-01 21:49:58,,True,admin
582,جامعة البلقاء التطبيقيّة,الهندسة الكهربائيّة والحاسوب,بكالوريوس,,,current,,2025-02-01 22:28:44,,True,admin
583,جامعة عمان الأهليّة,المحاسبة,بكالوريوس,,,current,,2025-02-01 22:38:12,,True,admin
584,الجامعة الهاشميّة,إدارة الأعمال,بكالوريوس,,,graduated,,2025-02-01 22:39:57,,True,admin
586,الجامعة الهاشميّة,هندسة الحاسوب,بكالوريوس,,,current,,2025-02-01 22:40:12,,True,admin
588,جامعة آل البيت,اقتصاد المال والأعمال,بكالوريوس,,,graduated,,2025-02-01 22:40:31,,True,admin
591,الجامعة الهاشميّة,اللغة العربيّة,بكالوريوس,,,graduated,,2025-02-01 22:48:27,,True,admin
600,الجامعة الهاشميّة,علم البيانات والذكاء الاصطناعي,بكالوريوس,,,current,,2025-02-01 23:23:27,,True,admin
601,جامعة الزرقاء,العلوم الماليّة والمصرفيّة,بكالوريوس,,,graduated,,2025-02-01 23:26:20,,True,admin
603,جامعة الأميرة سميّة للتكنولوجيا,نظم المعلومات الإداريّة,بكالوريوس,,,graduated,,2025-02-01 23:45:03,,True,admin
609,الجامعة الهاشميّة,هندسة الميكاترونيكس,بكالوريوس,,,graduated,,2025-02-02 08:35:34,,True,admin
610,,إدارة,دبلوم,,,graduated,,2025-02-02 10:15:37,,True,admin
610,,منتسوري,دبلوم,,,graduated,,2025-02-02 10:15:37,,True,admin
613,الجامعة الهاشميّة,الإدارة السياحيّة,بكالوريوس,,,graduated,,2025-02-02 10:24:42,,True,admin
617,جامعة آل البيت,إدارة الأعمال,بكالوريوس,,,graduated,,2025-02-02 10:30:54,,True,admin
618,جامعة مؤتة,التغذية والصناعات الغذائيّة,بكالوريوس,,,graduated,,2025-02-02 10:32:34,,True,admin
647,جامعة العلوم والتكنولوجيا الأردنيّة,الهندسة الصناعيّة,بكالوريوس,,,graduated,,2025-02-02 12:05:00,,True,admin
650,جامعة الزيتونة الأردنيّة,إدارة,بكالوريوس,,,graduated,,2025-02-02 12:59:35,,True,admin
656,جامعة الأميرة سميّة للتكنولوجيا,علم الحاسوب,بكالوريوس,,,graduated,,2025-02-02 13:39:29,,True,admin
663,جامعة مؤتة,المحاسبة,بكالوريوس,,,graduated,,2025-02-02 15:45:21,,True,admin
671,الجامعة الأردنيّة,الحقوق / القانون,بكالوريوس,,,current,,2025-02-02 18:10:25,,True,admin
679,جامعة البلقاء التطبيقيّة,هندسة العمارة,بكالوريوس,,,current,,2025-02-03 01:37:51,,True,admin
681,الجامعة الألمانيّة الأردنيّة,اللغات (ألماني - إنجليزي) للأعمال والتواصل,بكالوريوس,,,current,,2025-02-03 12:05:27,,True,admin
701,الجامعة الهاشميّة,الهندسة الطبيّة الحيويّة,بكالوريوس,,,graduated,,2025-02-03 14:01:23,,True,admin
706,جامعة البلقاء التطبيقيّة,إدارة الأعمال,بكالوريوس,,,current,,2025-02-03 14:35:24,,True,admin
729,جامعة الزيتونة الأردنيّة,إدارة الأعمال,بكالوريوس,,,graduated,,2025-02-03 17:08:31,,True,admin
736,جامعة البلقاء التطبيقيّة,هندسة الإلكترونيات,بكالوريوس,,,graduated,,2025-02-03 18:37:02,,True,admin
737,جامعة الإسراء,هندسة البرمجيات,بكالوريوس,,,current,,2025-02-03 18:44:48,,True,admin
738,جامعة مؤتة,الهندسة الميكانيكيّة,بكالوريوس,,,current,,2025-02-03 18:46:17,,True,admin
739,جامعة مؤتة,هندسة الحاسوب وأمن الشبكات,بكالوريوس,,,current,,2025-02-03 18:48:56,,True,admin
740,جامعة مؤتة,التحاليل الطبيّة,بكالوريوس,,,current,,2025-02-03 18:52:29,,True,admin
741,جامعة مؤتة,العلوم الحياتيّة,بكالوريوس,,,current,,2025-02-03 19:32:41,,True,admin
742,جامعة مؤتة,نظم المعلومات الحاسوبيّة,بكالوريوس,,,graduated,,2025-02-03 20:15:43,,True,admin
744,جامعة مؤتة,التغذية والصناعات الغذائيّة,بكالوريوس,,,current,,2025-02-03 21:57:15,,True,admin
745,جامعة مؤتة,التغذية والصناعات الغذائيّة,بكالوريوس,,,current,,2025-02-03 21:57:27,,True,admin
747,الجامعة الهاشميّة,تكنولوجيا حيويّة,بكالوريوس,,,current,,2025-02-03 23:01:11,,True,admin
749,جامعة البترا,إدارة الأعمال,بكالوريوس,,,graduated,,2025-02-04 02:39:21,,True,admin
750,الجامعة الهاشميّة,علم البيانات والذكاء الاصطناعي,بكالوريوس,,,current,,2025-02-04 06:00:27,,True,admin
761,جامعة اليرموك,هندسة النظم الطبيّة الحيويّة,بكالوريوس,,,current,,2025-02-04 13:46:24,,True,admin
763,جامعة العلوم والتكنولوجيا الأردنيّة,علم البيانات,بكالوريوس,,,current,,2025-02-04 14:04:10,,True,admin
764,جامعة العلوم والتكنولوجيا الأردنيّة,هندسة وأمن شبكات الحاسوب,بكالوريوس,,,current,,2025-02-04 14:18:42,,True,admin
769,الجامعة الهاشميّة,المحاسبة,بكالوريوس,,,graduated,,2025-02-04 15:30:45,,True,admin
771,المعهد الإكليريكي - بيت جالا,الفلسفة واللاهوت,بكالوريوس,,,current,,2025-02-04 16:45:47,,True,admin
772,جامعة مؤتة,طب وجراحة الأسنان,بكالوريوس,,,current,,2025-02-04 17:39:38,,True,admin
773,الجامعة الأمريكيّة في مادبا,الأمن السيبراني,بكالوريوس,,,current,,2025-02-04 17:41:36,,True,admin
786,جامعة مؤتة,طب وجراحة الأسنان,بكالوريوس,,,current,,2025-02-04 23:07:49,,True,admin
787,جامعة اليرموك,اللغات (فرنسي - إنجليزي),بكالوريوس,,,current,,2025-02-05 04:51:45,,True,admin
794,جامعة العلوم والتكنولوجيا الأردنيّة,الهندسة الصناعيّة,بكالوريوس,,,current,,2025-02-05 22:00:22,,True,admin
795,جامعة العلوم والتكنولوجيا الأردنيّة,العلاج التنفسي,بكالوريوس,,,current,,2025-02-05 22:10:00,,True,admin
796,جامعة اليرموك,المحاسبة,بكالوريوس,,,graduated,,2025-02-05 22:11:19,,True,admin
797,جامعة آل البيت,التحاليل الطبيّة,بكالوريوس,,,graduated,,2025-02-05 22:34:48,,True,admin
798,جامعة العلوم والتكنولوجيا الأردنيّة,المختبرات الطبيّة,بكالوريوس,,,current,,2025-02-05 22:48:37,,True,admin
799,جامعة اليرموك,الهندسة الصناعيّة,بكالوريوس,,,graduated,,2025-02-05 23:04:01,,True,admin
800,الجامعة الهاشميّة,العلاقات الدوليّة والدراسات الاستراتيجيّة,بكالوريوس,,,graduated,,2025-02-05 23:22:43,,True,admin
801,جامعة البلقاء التطبيقيّة,الهندسة الميكانيكيّة,بكالوريوس,,,graduated,,2025-02-06 01:42:19,,True,admin
806,جامعة اليرموك,العلوم السياسيّة,بكالوريوس,,,current,,2025-02-06 14:56:04,,True,admin
809,جامعة العلوم والتكنولوجيا الأردنيّة,الطب البشري,بكالوريوس,,,current,,2025-02-06 18:41:19,,True,admin
812,جامعة العلوم والتكنولوجيا الأردنيّة,هندسة وأمن شبكات الحاسوب,بكالوريوس,,,graduated,,2025-02-07 13:24:51,,True,admin
815,الجامعة الهاشميّة,الإدارة السياحيّة,بكالوريوس,,,current,,2025-02-07 14:23:28,,True,admin
822,جامعة الحسين التقنيّة,الهندسة الكهربائيّة,بكالوريوس,,,current,,2025-02-08 21:30:49,,True,admin
823,جامعة عمان الأهليّة,التربية البدنيّة والصحيّة,بكالوريوس,,,current,,2025-02-08 21:34:59,,True,admin
824,جامعة الزرقاء,التمريض,بكالوريوس,,,graduated,,2025-02-08 21:35:45,,True,admin
825,جامعة الطفيلة التقنيّة,هندسة الاتصالات والإلكترونيات,بكالوريوس,,,current,,2025-02-08 21:43:51,,True,admin
826,جامعة البلقاء التطبيقيّة,علم الحاسوب,بكالوريوس,,,current,,2025-02-08 22:06:15,,True,admin
827,جامعة عمان الأهليّة,الشبكات والأمن السيبراني,بكالوريوس,,,current,,2025-02-09 01:47:45,,True,admin
828,جامعة عمان الأهليّة,علم البيانات والذكاء الاصطناعي,بكالوريوس,,,current,,2025-02-09 02:25:44,,True,admin
829,جامعة عمان الأهليّة,الهندسة الطبيّة الحيويّة,ماجستير,,,graduated,,2025-02-09 10:07:08,,True,admin
830,جامعة البلقاء التطبيقيّة,المحاسبة,بكالوريوس,,,current,,2025-02-09 12:23:52,,True,admin
831,جامعة اليرموك,العلوم الماليّة والمصرفيّة,بكالوريوس,,,graduated,,2025-02-09 17:35:20,,True,admin
833,الجامعة الأمريكيّة في مادبا,إدارة المخاطر,بكالوريوس,,,current,,2025-02-10 00:32:12,,True,admin
834,الجامعة الأردنيّة,اللغات (إسباني - إنجليزي),بكالوريوس,,,graduated,,2025-02-10 08:57:48,,True,admin
835,,تربية الطفل,بكالوريوس,,,graduated,,2025-02-10 11:27:30,,True,admin
836,الجامعة الأردنيّة,اللغة الإنجليزيّة التطبيقيّة,بكالوريوس,,,current,,2025-02-10 13:44:22,,True,admin
847,جامعة عمان الأهليّة,إدارة ماليّة ومصرفيّة، إدارة الأعمال,بكالوريوس,,,graduated,,2025-02-10 14:45:01,,True,admin
847,جامعة النيلين - السودان,إدارة ماليّة ومصرفيّة، إدارة الأعمال,بكالوريوس,,,graduated,,2025-02-10 14:45:01,,True,admin
852,جامعة جدارا,ذكاء الأعمال,بكالوريوس,,,current,,2025-02-10 18:09:33,,True,admin
853,جامعة العلوم والتكنولوجيا الأردنيّة,هندسة البرمجيات,بكالوريوس,,,current,,2025-02-10 18:57:32,,True,admin
859,الجامعة الهاشميّة,نظم المعلومات الحاسوبيّة,بكالوريوس,,,graduated,,2025-02-11 11:31:05,,True,admin
860,جامعة الأميرة سميّة للتكنولوجيا,برمجة الكمبيوتر,بكالوريوس,,,graduated,,2025-02-11 11:32:59,,True,admin
863,الجامعة الأردنيّة,علم النفس,بكالوريوس,,,graduated,,2025-02-12 09:20:17,,True,admin
867,كلّية الأمير فيصل الفنيّة,هندسة الطيران (إلكترونيات دقيقة),بكالوريوس,,,graduated,,2025-02-12 22:57:23,,True,admin
874,جامعة اليرموك,الصيدلة,بكالوريوس,,,current,,2025-02-13 15:59:30,,True,admin
875,جامعة العلوم والتكنولوجيا الأردنيّة,الأمن السيبراني,بكالوريوس,,,current,,2025-02-13 16:02:45,,True,admin
876,جامعة البلقاء التطبيقيّة,هندسة البرمجيات,بكالوريوس,,,current,,2025-02-13 16:03:29,,True,admin
877,جامعة العلوم والتكنولوجيا الأردنيّة,الطب البشري,بكالوريوس,,,current,,2025-02-13 16:03:40,,True,admin
878,جامعة اليرموك,الأمن السيبراني,بكالوريوس,,,current,,2025-02-13 18:20:11,,True,admin
879,جامعة فيلادلفيا,التمريض,بكالوريوس,,,current,,2025-02-13 18:31:07,,True,admin
967,الجامعة الهاشميّة,إدارة المخاطر والتأمين,بكالوريوس,,,current,,2025-02-18 13:32:13,,True,admin
968,الجامعة الهاشميّة,العلاج الطبيعي,بكالوريوس,,,graduated,,2025-02-18 13:33:25,,True,admin
969,الجامعة الأمريكيّة في مادبا,هندسة العمارة,بكالوريوس,,,current,,2025-02-18 13:33:48,,True,admin
970,الجامعة الهاشميّة,إدارة المخاطر والتأمين,بكالوريوس,,,current,,2025-02-18 13:33:58,,True,admin
971,جامعة الشّرق الأوسط,الحقوق / القانون,بكالوريوس,,,current,,2025-02-18 13:35:20,,True,admin
973,كليّة لومينوس الجامعيّة التقنيّة,تصميم أزياء وموضة,بكالوريوس,,,graduated,,2025-02-18 13:36:21,,True,admin
975,جامعة البلقاء التطبيقيّة,هندسة مواد ومعادن,بكالوريوس,,,graduated,,2025-02-18 13:46:02,,True,admin
976,الجامعة الأمريكيّة في مادبا,هندسة العمارة,بكالوريوس,,,current,,2025-02-18 13:50:10,,True,admin
977,الجامعة الهاشميّة,إدارة الأعمال,بكالوريوس,,,current,,2025-02-18 13:57:23,,True,admin
978,الجامعة الأمريكيّة في مادبا,إدارة الموارد البشريّة,بكالوريوس,,,current,,2025-02-18 14:04:17,,True,admin
979,الجامعة الهاشميّة,الإدارة السياحيّة,بكالوريوس,,,current,,2025-02-18 14:06:50,,True,admin
980,جامعة الشّرق الأوسط,الصيدلة,بكالوريوس,,,current,,2025-02-18 14:26:08,,True,admin
981,الجامعة الهاشميّة,إدارة المخاطر والتأمين,بكالوريوس,,,current,,2025-02-18 14:56:45,,True,admin
982,جامعة الشّرق الأوسط,التمريض,بكالوريوس,,,current,,2025-02-18 15:02:57,,True,admin
983,الجامعة الأمريكيّة في مادبا,التصميم الداخلي,بكالوريوس,,,current,,2025-02-18 15:07:07,,True,admin
984,الجامعة الألمانيّة الأردنيّة,إدارة الأعمال الذكيّة وتحليل البيانات,بكالوريوس,,,current,,2025-02-18 15:07:25,,True,admin
985,جامعة مؤتة,اللغة الإنجليزيّة وآدابها,بكالوريوس,,,graduated,,2025-02-18 15:08:05,,True,admin
986,الجامعة الأمريكيّة في مادبا,المختبرات الطبيّة,بكالوريوس,,,current,,2025-02-18 15:09:34,,True,admin
987,جامعة الإسراء,أمن المعلومات والفضاء الإلكتروني,بكالوريوس,,,current,,2025-02-18 15:51:38,,True,admin
988,جامعة الزيتونة الأردنيّة,التمريض,بكالوريوس,,,current,,2025-02-18 18:08:19,,True,admin
989,الجامعة الهاشميّة,العلاقات الدوليّة والدراسات الاستراتيجيّة,بكالوريوس,,,current,,2025-02-18 19:13:12,,True,admin
990,جامعة الشّرق الأوسط,هندسة الطاقة المتجددة,بكالوريوس,,,graduated,,2025-02-18 19:16:15,,True,admin
991,الجامعة الهاشميّة,تكنولوجيا حيويّة,بكالوريوس,,,current,,2025-02-18 19:49:42,,True,admin
992,جامعة البلقاء التطبيقيّة,المحاسبة,بكالوريوس,,,current,,2025-02-18 20:25:53,,True,admin
996,كلية عمون الجامعيّة التطبيقيّة,فنون الطهي,بكالوريوس,,,current,,2025-02-18 20:53:52,,True,admin
999,جامعة البلقاء التطبيقيّة,المحاسبة,بكالوريوس,,,current,,2025-02-19 14:20:19,,True,admin
1052,كليّة لومينوس الجامعيّة التقنيّة,التجميل وتصفيف الشعر,بكالوريوس,,,graduated,,2025-02-20 20:47:40,,True,admin
1053,جامعة الشّرق الأوسط,التصميم الجرافيكي,بكالوريوس,,,current,,2025-02-21 16:40:14,,True,admin
1055,جامعة الأميرة سميّة للتكنولوجيا,هندسة القدرة والطاقة الكهربائيّة,بكالوريوس,,,graduated,,2025-02-21 17:44:07,,True,admin
1057,جامعة البلقاء التطبيقيّة,هندسة الاتصالات,بكالوريوس,,,graduated,,2025-02-21 18:26:27,,True,admin
1059,جامعة العلوم التطبيقيّة الخاصة,التسويق الرقمي,بكالوريوس,,,current,,2025-02-21 21:17:31,,True,admin
1060,جامعة البلقاء التطبيقيّة,العلوم الماليّة والمصرفيّة,بكالوريوس,,,graduated,,2025-02-21 21:18:34,,True,admin
1062,كليّة لومينوس الجامعيّة التقنيّة,التسويق,بكالوريوس,,,current,,2025-02-21 21:58:35,,True,admin
1064,جامعة البترا,إدارة الأعمال,بكالوريوس,,,graduated,,2025-02-21 22:04:16,,True,admin
1065,الجامعة الهاشميّة,اللغة الإنجليزيّة وآدابها,بكالوريوس,,,graduated,,2025-02-21 22:07:23,,True,admin
1066,جامعة الزيتونة الأردنيّة,الصيدلة,بكالوريوس,,,graduated,,2025-02-21 22:38:31,,True,admin
1067,جامعة الأميرة سميّة للتكنولوجيا,هندسة الحاسوب,بكالوريوس,,,graduated,,2025-02-21 22:59:56,,True,admin
1068,جامعة الزيتونة الأردنيّة,العلوم الماليّة والمصرفيّة,بكالوريوس,,,graduated,,2025-02-21 23:16:04,,True,admin
1070,الجامعة الأمريكيّة في مادبا,الصيدلة,بكالوريوس,,,current,,2025-02-22 10:48:20,,True,admin
1072,جامعة اليرموك,إدارة الأعمال,بكالوريوس,,,current,,2025-02-22 15:20:19,,True,admin
1074,الجامعة الأردنيّة,طب الفم والأسنان,بكالوريوس,,,current,,2025-02-22 15:41:13,,True,admin
1105,جامعة مؤتة,الطب والجراحة,بكالوريوس,,,graduated,,2025-02-22 18:02:15,,True,admin
1111,A.N. College,العلوم البحريّة,بكالوريوس,,,graduated,,2025-02-22 18:57:26,,True,admin
1113,الجامعة الأمريكيّة في مادبا,صناعة الأفلام,بكالوريوس,,,current,,2025-02-22 20:44:35,,True,admin
1114,كليّة لومينوس الجامعيّة التقنيّة,إدارة عمليات لوجستيّة,بكالوريوس,,,current,,2025-02-22 21:21:29,,True,admin
1119,جامعة العلوم والتكنولوجيا الأردنيّة,الرياضيات,بكالوريوس,,,current,,2025-02-22 22:57:47,,True,admin
1120,جامعة العلوم والتكنولوجيا الأردنيّة,هندسة وأمن شبكات الحاسوب,بكالوريوس,,,graduated,,2025-02-22 23:45:55,,True,admin
1121,جامعة عمان العربيّة,هندسة العمارة,بكالوريوس,,,current,,2025-02-22 23:57:41,,True,admin
1123,جامعة الشّرق الأوسط,الإدارة السياحيّة,بكالوريوس,,,graduated,,2025-02-23 10:49:17,,True,admin
1124,جامعة العلوم والتكنولوجيا الأردنيّة,هندسة وأمن شبكات الحاسوب,بكالوريوس,,,current,,2025-02-23 11:22:23,,True,admin
1128,جامعة الزرقاء,الصيدلة,بكالوريوس,,,current,,2025-02-23 14:49:10,,True,admin
1129,الجامعة الهاشميّة,إدارة المخاطر والتأمين,بكالوريوس,,,graduated,,2025-02-23 14:49:46,,True,admin
1132,الجامعة الهاشميّة,الهندسة الميكانيكيّة,بكالوريوس,,,graduated,,2025-02-23 14:55:49,,True,admin
1133,جامعة العلوم والتكنولوجيا الأردنيّة,هندسة وأمن شبكات الحاسوب,بكالوريوس,,,current,,2025-02-23 14:58:17,,True,admin
1134,الجامعة الهاشميّة,الإدارة والتدريب الرياضي,بكالوريوس,,,graduated,,2025-02-23 15:06:49,,True,admin
1135,جامعة إربد الأهليّة,التسويق الإلكتروني والتواصل الاجتماعي,بكالوريوس,,,graduated,,2025-02-23 15:12:18,,True,admin
1139,جامعة العلوم والتكنولوجيا الأردنيّة,الطب البشري,بكالوريوس,,,current,,2025-02-23 15:25:04,,True,admin
1151,جامعة العلوم والتكنولوجيا الأردنيّة,الصيدلة,بكالوريوس,,,graduated,,2025-02-23 17:07:15,,True,admin
1153,جامعة الحسين التقنيّة,الهندسة الصناعيّة,بكالوريوس,,,current,,2025-02-23 17:12:12,,True,admin
1157,جامعة العلوم والتكنولوجيا الأردنيّة,هندسة الحاسوب,بكالوريوس,,,graduated,,2025-02-23 19:27:20,,True,admin
1182,الجامعة الألمانيّة الأردنيّة,الهندسة الطبيّة الحيويّة,بكالوريوس,,,current,,2025-02-23 22:47:43,,True,admin
1188,الجامعة الهاشميّة,الهندسة الصناعيّة,بكالوريوس,,,graduated,,2025-02-24 10:19:23,,True,admin
1194,الجامعة الأردنيّة,الفيزياء,بكالوريوس,,,graduated,,2025-02-24 15:35:46,,True,admin
1197,جامعة اليرموك,هندسة الحاسوب,بكالوريوس,,,current,,2025-02-24 18:57:34,,True,admin
1198,الجامعة الهاشميّة,إدارة فنادق,بكالوريوس,,,current,,2025-02-24 19:28:12,,True,admin
1199,جامعة مؤتة,الحقوق / القانون,بكالوريوس,,,graduated,,2025-02-24 20:50:30,,True,admin
1207,الجامعة الأردنيّة,اللغة الإنجليزيّة,بكالوريوس,,,graduated,,2025-02-25 00:56:23,,True,admin
1208,جامعة الزيتونة الأردنيّة,ترجمة اللغة الإنجليزية,بكالوريوس,,,graduated,,2025-02-25 10:20:48,,True,admin
1222,جامعة البلقاء التطبيقيّة,المحاسبة,بكالوريوس,,,current,,2025-02-27 00:16:10,,True,admin
1223,جامعة البلقاء التطبيقيّة,الأمن السيبراني,بكالوريوس,,,current,,2025-02-27 01:09:45,,True,admin
1225,الجامعة الألمانيّة الأردنيّة,هندسة صيدلانيّة وكيميائيّة,بكالوريوس,,,current,,2025-02-27 14:19:35,,True,admin
1230,الجامعة العربيّة المفتوحة - فرع الأردن,إدارة الأعمال والمحاسبة,بكالوريوس,,,current,,2025-02-27 17:08:53,,True,admin
1231,الجامعة الأمريكيّة في مادبا,التغذية والصحة النفسيّة,بكالوريوس,,,current,,2025-02-27 17:13:25,,True,admin
1250,الجامعة الهاشميّة,الاقتصاد المالي,بكالوريوس,,,current,,2025-02-28 19:29:06,,True,admin
1251,الجامعة الهاشميّة,إدارة الأعمال,بكالوريوس,,,current,,2025-02-28 20:13:47,,True,admin
1259,الجامعة الأردنيّة,علم البيانات,بكالوريوس,,,current,,2025-03-01 16:33:30,,True,admin
1261,الجامعة الهاشميّة,العلوم الماليّة والمصرفيّة,بكالوريوس,,,graduated,,2025-03-01 18:53:40,,True,admin
1265,جامعة البلقاء التطبيقيّة,مختبرات الأسنان,بكالوريوس,,,graduated,,2025-03-01 19:41:21,,True,admin
1270,الجامعة الأردنيّة,اللغة الفرنسيّة وآدابها,بكالوريوس,,,current,,2025-03-04 11:53:22,,True,admin
1271,جامعة آل البيت,نظم المعلومات الحاسوبيّة,بكالوريوس,,,graduated,,2025-03-04 12:17:03,,True,admin
1273,جامعة آل البيت,نظم المعلومات الحاسوبيّة,بكالوريوس,,,graduated,,2025-03-04 12:56:36,,True,admin
1276,الجامعة الأمريكيّة في مادبا,إدارة الموارد البشريّة,بكالوريوس,,,current,,2025-03-04 14:06:58,,True,admin
1278,جامعة آل البيت,العلوم الماليّة والمصرفيّة,بكالوريوس,,,graduated,,2025-03-04 16:07:26,,True,admin
1279,الجامعة الألمانيّة الأردنيّة,هندسة الطاقة المتجددة,بكالوريوس,,,graduated,,2025-03-04 16:24:29,,True,admin
1280,الجامعة الأردنيّة,تكنولوجيا معلومات الأعمال,بكالوريوس,,,graduated,,2025-03-04 16:42:03,,True,admin
1282,جامعة مؤتة,العلوم الطبيّة المخبريّة,بكالوريوس,,,graduated,,2025-03-06 20:29:42,,True,admin
1283,جامعة مؤتة,الترجمة,بكالوريوس,,,current,,2025-03-07 11:38:14,,True,admin
1284,جامعة العلوم والتكنولوجيا الأردنيّة,هندسة الحاسوب,بكالوريوس,,,current,,2025-03-07 12:22:09,,True,admin
1285,جامعة العلوم والتكنولوجيا الأردنيّة,اللغويات التطبيقية,بكالوريوس,,,graduated,,2025-03-07 15:32:29,,True,admin
1287,الجامعة الأردنيّة,التغذية والصناعات الغذائيّة,بكالوريوس,,,graduated,,2025-03-08 21:44:17,,True,admin
1288,الجامعة الأردنيّة,الفيزياء والهندسة الميكانيكيّة,بكالوريوس,,,graduated,,2025-03-08 23:50:47,,True,admin
1290,جامعة آل البيت,الاقتصاد,بكالوريوس,,,graduated,,2025-03-09 12:51:26,,True,admin
1291,كلية عمون الجامعيّة التطبيقيّة,إدارة فنادق,بكالوريوس,,,graduated,,2025-03-09 13:07:10,,True,admin
1292,جامعة البترا,إدارة الأعمال,بكالوريوس,,,current,,2025-03-09 13:10:36,,True,admin
1293,جامعة البلقاء التطبيقيّة,التمريض القانوني,بكالوريوس,,,graduated,,2025-03-09 13:14:30,,True,admin
1294,المعهد الوطنيّ للموسيقى التّابع لجامعة اليرموك,العلاج بالموسيقى,بكالوريوس,,,current,,2025-03-09 14:13:07,,True,admin
1295,الجامعة الهاشميّة,العلاقات الدوليّة والدراسات الاستراتيجيّة,بكالوريوس,,,graduated,,2025-03-09 14:58:31,,True,admin
1306,جامعة البلقاء التطبيقيّة,إدارة فنادق,بكالوريوس,,,graduated,,2025-03-09 16:38:22,,True,admin
1307,جامعة العلوم والتكنولوجيا الأردنيّة,هندسة الحاسوب,بكالوريوس,,,graduated,,2025-03-09 19:40:48,,True,admin
1309,جامعة العلوم والتكنولوجيا الأردنيّة,دكتور في الصيدلة,بكالوريوس,,,graduated,,2025-03-09 22:06:37,,True,admin
1311,الجامعة الأمريكيّة في مادبا,الصيدلة,بكالوريوس,,,current,,2025-03-09 22:55:43,,True,admin
1312,أكاديميّة سايت آند ساوند,إدارة الأعمال,دبلوم,,,graduated,,2025-03-10 11:49:16,,True,admin
1313,جامعة عمان العربيّة,الأمن السيبراني,بكالوريوس,,,current,,2025-03-10 14:21:12,,True,admin
1316,جامعة اليرموك,إدارة الأعمال,بكالوريوس,,,graduated,,2025-03-10 14:30:34,,True,admin
1317,جامعة الشّرق الأوسط,التمريض,بكالوريوس,,,current,,2025-03-10 14:41:33,,True,admin
1318,الجامعة الهاشميّة,إدارة فنادق,بكالوريوس,,,graduated,,2025-03-10 15:20:29,,True,admin
1363,جامعة الزرقاء,اللغة العربيّة وآدابها,بكالوريوس,,,graduated,,2025-03-10 17:40:05,,True,admin
1364,جامعة الزرقاء,الاقتصاد,بكالوريوس,,,graduated,,2025-03-10 17:49:24,,True,admin
1369,الجامعة الهاشميّة,الاقتصاد,بكالوريوس,,,graduated,,2025-03-10 19:44:44,,True,admin
1373,جامعة مؤتة,هندسة العمارة,بكالوريوس,,,current,,2025-03-10 20:38:24,,True,admin
1374,جامعة مؤتة,الإنتاج الحيواني,بكالوريوس,,,current,,2025-03-10 20:49:50,,True,admin
1376,جامعة مؤتة,الحقوق / القانون,بكالوريوس,,,current,,2025-03-10 20:59:12,,True,admin
1380,جامعة مؤتة,الإنتاج الحيواني,بكالوريوس,,,current,,2025-03-10 21:50:04,,True,admin
1383,الجامعة الهاشميّة,الهندسة الصناعيّة,بكالوريوس,,,current,,2025-03-11 00:22:11,,True,admin
1386,جامعة مؤتة,الإنتاج الحيواني,بكالوريوس,,,current,,2025-03-11 07:47:29,,True,admin
1387,الجامعة الأردنيّة,المحاسبة,بكالوريوس,,,current,,2025-03-11 10:15:20,,True,admin
1390,جامعة عمان الأهليّة,التصميم الجرافيكي,بكالوريوس,,,graduated,,2025-03-11 10:48:01,,True,admin
1392,جامعة عمان الأهليّة,التسويق الإلكتروني والاتصالات الرقميّة,بكالوريوس,,,current,,2025-03-11 10:54:29,,True,admin
1394,الجامعة الألمانيّة الأردنيّة,إدارة الأعمال الذكيّة وتحليل البيانات,بكالوريوس,,,current,,2025-03-11 10:56:57,,True,admin
1396,جامعة الأميرة سميّة للتكنولوجيا,تكنولوجيا الأعمال,بكالوريوس,,,current,,2025-03-11 10:58:50,,True,admin
1397,جامعة عمان الأهليّة,المحاسبة,بكالوريوس,,,graduated,,2025-03-11 11:04:16,,True,admin
1403,الجامعة الأمريكيّة في مادبا,المحاسبة الدوليّة والتمويل,بكالوريوس,,,current,,2025-03-11 11:42:29,,True,admin
1409,جامعة الحسين التقنيّة,الهندسة الميكانيكيّة,بكالوريوس,,,current,,2025-03-11 11:56:43,,True,admin
1410,الجامعة الهاشميّة,التسويق الرقمي,بكالوريوس,,,current,,2025-03-11 11:59:42,,True,admin
1416,الجامعة الأردنيّة,الفنون المسرحيّة,بكالوريوس,,,current,,2025-03-11 13:44:35,,True,admin
1417,جامعة الشّرق الأوسط,الذكاء الاصطناعي,بكالوريوس,,,current,,2025-03-11 13:45:03,,True,admin
1419,جامعة عمان الأهليّة,التصميم الداخلي,بكالوريوس,,,current,,2025-03-11 14:07:21,,True,admin
1438,الجامعة الأردنيّة,اللغات (إسباني - إنجليزي),بكالوريوس,,,current,,2025-03-11 16:22:36,,True,admin
1445,جامعة الحسين التقنيّة,الهندسة الصناعيّة,بكالوريوس,,,current,,2025-03-11 20:18:08,,True,admin
1492,كلية الخوارزمي الجامعيّة التقنيّة,إدارة الأعمال الإلكترونيّة,بكالوريوس,,,current,,2025-03-12 23:50:48,,True,admin
1494,جامعة مؤتة,إدارة الأعمال,بكالوريوس,,,graduated,,2025-03-13 00:29:53,,True,admin
1498,جامعة مؤتة,المحاسبة,بكالوريوس,,,graduated,,2025-03-13 12:19:35,,True,admin
1499,جامعة الشّرق الأوسط,تكنولوجيا التعليم,بكالوريوس,,,graduated,,2025-03-13 12:21:13,,True,admin
1500,جامعة الزرقاء,الحقوق / القانون,بكالوريوس,,,current,,2025-03-13 12:31:45,,True,admin
1501,University of Pécs,الموارد البشريّة,بكالوريوس,,,graduated,,2025-03-13 12:46:43,,True,admin
1502,جامعة عمان العربيّة,هندسة الطيران,بكالوريوس,,,current,,2025-03-13 12:56:42,,True,admin
1503,الجامعة الهاشميّة,المحاسبة,بكالوريوس,,,current,,2025-03-13 13:13:03,,True,admin
1564,الجامعة الهاشميّة,الهندسة الصناعيّة,بكالوريوس,,,current,,2025-03-14 10:04:26,,True,admin
1565,جامعة مؤتة,العلوم الماليّة والمصرفيّة,بكالوريوس,,,graduated,,2025-03-14 10:40:55,,True,admin
1571,جامعة عمان الأهليّة,هندسة العمارة,بكالوريوس,,,graduated,,2025-03-14 16:35:14,,True,admin
1572,جامعة دهوك - العراق,الهندسة الميكانيكيّة,بكالوريوس,,,graduated,,2025-03-14 16:40:01,,True,admin
1575,جامعة الموصل - العراق,معلم صف,بكالوريوس,,,graduated,,2025-03-14 16:45:31,,True,admin
1585,الجامعة الأمريكيّة في مادبا,أحياء وتكنولوجيا حيويّة,بكالوريوس,,,current,,2025-03-14 18:22:04,,True,admin
1586,جامعة جدارا,هندسة البرمجيات,بكالوريوس,,,current,,2025-03-14 21:25:50,,True,admin
1589,الجامعة الأردنيّة,المحاسبة,ماجستير,,,current,,2025-03-14 22:33:42,,True,admin
1591,جامعة آل البيت,علم البيانات والذكاء الاصطناعي,بكالوريوس,,,current,,2025-03-14 23:26:22,,True,admin
1592,معهد سياحة وفندقة,قسم المطبخ,بكالوريوس,,,graduated,,2025-03-14 23:50:58,,True,admin
1593,جامعة جيهان - العراق,تربية إنجليزي,بكالوريوس,,,graduated,,2025-03-15 04:52:02,,True,admin
1598,جامعة اليرموك,الطب البشري,بكالوريوس,,,current,,2025-03-15 14:37:03,,True,admin
1624,المعهد التقني زاخو - العراق,قسم بتروليوم,دبلوم,,,graduated,,2025-03-15 21:22:47,,True,admin
1629,جامعة عمان الأهليّة,الشبكات والأمن السيبراني,بكالوريوس,,,current,,2025-03-15 22:08:27,,True,admin
1634,الجامعة الأردنيّة,اللغات (إنجليزي - كوري),بكالوريوس,,,current,,2025-03-15 23:00:31,,True,admin
1635,كلّية الرافدين - العراق,هندسة البرمجيات,بكالوريوس,,,graduated,,2025-03-15 23:55:20,,True,admin
1651,الجامعة الهاشميّة,الهندسة الطبيّة الحيويّة,بكالوريوس,,,current,,2025-03-16 12:02:12,,True,admin
1652,الجامعة الهاشميّة,إدارة الأعمال,بكالوريوس,,,current,,2025-03-16 12:19:30,,True,admin
1653,كلّية الرافدين - العراق,إدارة الأعمال,بكالوريوس,,,current,,2025-03-16 13:00:31,,True,admin
1655,الجامعة الهاشميّة,التسويق الرقمي,بكالوريوس,,,current,,2025-03-16 13:21:01,,True,admin
1657,جامعة البلقاء التطبيقيّة,اللغة الإنجليزيّة وآدابها,بكالوريوس,,,graduated,,2025-03-16 14:21:46,,True,admin
1663,الجامعة الهاشميّة,معلم صف,بكالوريوس,,,current,,2025-03-16 14:40:41,,True,admin
1743,الجامعة الهاشميّة,علم الحاسوب وتطبيقاته,بكالوريوس,,,graduated,,2025-03-17 07:46:58,,True,admin
1766,جامعة العلوم والتكنولوجيا الأردنيّة,طب وجراحة الأسنان,بكالوريوس,,,graduated,,2025-03-17 18:44:42,,True,admin
1789,جامعة فيلادلفيا,التمريض,بكالوريوس,,,current,,2025-03-18 01:39:10,,True,admin
1812,جامعة الحسين التقنيّة,علم البيانات والذكاء الاصطناعي,بكالوريوس,,,current,,2025-03-18 11:25:12,,True,admin
1823,الجامعة الهاشميّة,المحاسبة,بكالوريوس,,,current,,2025-03-19 08:18:14,,True,admin
1824,الجامعة الهاشميّة,الصيدلة,بكالوريوس,,,current,,2025-03-19 08:21:04,,True,admin
1828,جامعة الزرقاء,الأمن السيبراني,بكالوريوس,,,current,,2025-03-19 13:37:52,,True,admin
1829,الجامعة الهاشميّة,الهندسة المدنيّة,بكالوريوس,,,current,,2025-03-19 14:17:39,,True,admin
1832,الجامعة الهاشميّة,التسويق الرقمي,بكالوريوس,,,current,,2025-03-19 15:13:01,,True,admin
1840,الجامعة الهاشميّة,علم البيانات والذكاء الاصطناعي,بكالوريوس,,,current,,2025-03-19 18:15:50,,True,admin
1843,كلية عمون الجامعيّة التطبيقيّة,,دبلوم,,,graduated,,2025-03-19 23:48:38,,True,admin
1845,الجامعة الهاشميّة,التسويق الرقمي,بكالوريوس,,,current,,2025-03-20 11:41:34,,True,admin
1846,جامعة البلقاء التطبيقيّة,علم الحاسوب,بكالوريوس,,,graduated,,2025-03-20 12:20:37,,True,admin
1847,جامعة البلقاء التطبيقيّة,المحاسبة,بكالوريوس,,,graduated,,2025-03-20 12:22:27,,True,admin
1848,جامعة البلقاء التطبيقيّة,نظم المعلومات الحاسوبيّة,بكالوريوس,,,graduated,,2025-03-20 12:23:49,,True,admin
1849,الجامعة الأردنيّة,علوم صيدلانيّة,بكالوريوس,,,graduated,,2025-03-20 12:25:24,,True,admin
1850,جامعة الأميرة سميّة للتكنولوجيا,هندسة القدرة والطاقة الكهربائيّة,بكالوريوس,,,graduated,,2025-03-20 12:36:05,,True,admin
1924,جامعة الشّرق الأوسط,الإدارة السياحيّة,بكالوريوس,,,graduated,,2025-03-20 23:30:35,,True,admin
1937,الجامعة الهاشميّة,التغذية السريريّة والحميات,بكالوريوس,,,graduated,,2025-03-21 18:47:34,,True,admin
1980,جامعة الزرقاء,إدارة فنادق,بكالوريوس,,,current,,2025-03-22 17:47:17,,True,admin
1983,الجامعة التقنية الشمالية - العراق,مكائن زراعية,بكالوريوس,,,graduated,,2025-03-22 19:10:01,,True,admin
1986,كلّية المنصور,التكلّم والكتابة,بكالوريوس,,,graduated,,2025-03-22 19:13:10,,True,admin
1987,جامعة البلقاء التطبيقيّة,أمن الشبكات والمعلومات,بكالوريوس,,,current,,2025-03-22 19:14:51,,True,admin
1990,جامعة البلقاء التطبيقيّة,أمن المعلومات والفضاء الإلكتروني,بكالوريوس,,,current,,2025-03-22 19:26:40,,True,admin
1996,جامعة صلاح الدين - العراق,اللغة الألمانيّة وآدابها,بكالوريوس,,,graduated,,2025-03-22 19:40:15,,True,admin
1998,جامعة مؤتة,اللغة الإنجليزيّة وآدابها,بكالوريوس,,,current,,2025-03-22 20:03:10,,True,admin
2004,الجامعة الأمريكيّة في مادبا,هندسة العمارة,بكالوريوس,,,graduated,,2025-03-22 20:30:25,,True,admin
2012,جامعة عمان الأهليّة,الشبكات والأمن السيبراني,بكالوريوس,,,current,,2025-03-22 22:09:35,,True,admin
2013,جامعة البلقاء التطبيقيّة,علم البيانات,بكالوريوس,,,current,,2025-03-22 22:09:47,,True,admin
2017,جامعة البلقاء التطبيقيّة,هندسة الحاسوب,بكالوريوس,,,current,,2025-03-22 23:50:18,,True,admin
2025,جامعة البترا,التصميم الجرافيكي,بكالوريوس,,,current,,2025-03-24 10:38:39,,True,admin
2027,جامعة مؤتة,التمريض,بكالوريوس,,,graduated,,2025-03-24 17:30:35,,True,admin
2053,جامعة البلقاء التطبيقيّة,إدارة الأعمال,بكالوريوس,,,current,,2025-03-25 01:45:51,,True,admin
2060,المعهد التقني زاخو - العراق,التمريض,بكالوريوس,,,current,,2025-03-26 23:47:23,,True,admin
2104,جامعة البلقاء التطبيقيّة,التربية الخاصة,بكالوريوس,,,current,,2025-03-28 23:22:24,,True,admin
2114,جامعة الحسين التقنيّة,علم البيانات والذكاء الاصطناعي,بكالوريوس,,,current,,2025-03-29 11:41:15,,True,admin
2115,جامعة مؤتة,اللغات الأوروبيّة,بكالوريوس,,,graduated,,2025-03-29 12:47:51,,True,admin
2218,الجامعة الأردنيّة,طب وجراحة الأسنان,بكالوريوس,,,graduated,,2025-04-02 21:05:39,,True,admin
2219,جامعة الزيتونة الأردنيّة,إدارة الأعمال,بكالوريوس,,,graduated,,2025-04-02 21:38:11,,True,admin
2220,University of Pécs,علم النفس,بكالوريوس,,,graduated,,2025-04-03 11:11:53,,True,admin
2221,الجامعة الأردنيّة,إدارة الأعمال,بكالوريوس,,,graduated,,2025-04-03 11:20:40,,True,admin
2222,جامعة مؤتة,هندسة الحاسوب وأمن الشبكات,بكالوريوس,,,graduated,,2025-04-03 11:22:31,,True,admin
2223,الجامعة الأردنيّة,الهندسة الكيميائيّة,بكالوريوس,,,current,,2025-04-03 11:23:41,,True,admin
2232,الجامعة الألمانيّة الأردنيّة,الهندسة المدنيّة,بكالوريوس,,,graduated,,2025-04-05 09:51:11,,True,admin
2268,جامعة العلوم والتكنولوجيا الأردنيّة,هندسة الجينات,بكالوريوس,,,current,,2025-04-17 23:12:13,,True,admin
2269,الجامعة الأردنيّة,هندسة العمارة,بكالوريوس,,,graduated,,2025-04-18 19:52:40,,True,admin
2270,الجامعة الهاشميّة,الإدارة السياحيّة,بكالوريوس,,,graduated,,2025-04-18 23:45:23,,True,admin
2300,جامعة الحسين التقنيّة,علم الحاسوب,بكالوريوس,,,current,,2025-04-26 14:11:38,,True,admin
2301,الجامعة الهاشميّة,أدب ودراسات ثقافة بالإنجليزي,بكالوريوس,,,graduated,,2025-04-27 12:39:08,,True,admin
2302,جامعة دهوك التقنيّة - العراق,الإدارة السياحيّة,بكالوريوس,,,current,,2025-04-27 16:35:38,,True,admin
2305,جامعة البلقاء التطبيقيّة,التربية الخاصة,بكالوريوس,,,graduated,,2025-04-28 19:10:37,,True,admin
2370,الجامعة الأردنيّة,دكتور في الصيدلة,بكالوريوس,,,current,,2025-05-07 15:45:35,,True,admin
2371,الجامعة الأمريكيّة في مادبا,هندسة العمارة,بكالوريوس,,,current,,2025-05-07 15:45:48,,True,admin
2372,الجامعة الأردنيّة,الهندسة المدنيّة,بكالوريوس,,,current,,2025-05-07 22:17:27,,True,admin
2446,الجامعة الهاشميّة,الطب البشري,بكالوريوس,,,current,,2025-05-28 08:57:38,,True,admin
2449,جامعة اليرموك,التسويق,بكالوريوس,,,current,,2025-05-28 10:03:30,,True,admin
2450,جامعة العلوم والتكنولوجيا الأردنيّة,دكتور في الصيدلة,بكالوريوس,,,current,,2025-05-28 10:05:22,,True,admin
2458,جامعة العلوم والتكنولوجيا الأردنيّة,طب وجراحة الأسنان,بكالوريوس,,,current,,2025-05-28 17:33:09,,True,admin
2459,جامعة البلقاء التطبيقيّة,إدارة السياحة والضيافة,بكالوريوس,,,current,,2025-05-28 17:41:02,,True,admin
2460,جامعة اليرموك,الاقتصاد,بكالوريوس,,,current,,2025-05-28 17:47:09,,True,admin
2462,جامعة اليرموك,الهندسة الطبيّة الحيويّة,بكالوريوس,,,current,,2025-05-28 20:39:15,,True,admin
2505,جامعة جيهان - العراق,تربية إنجليزي,بكالوريوس,,,graduated,,2025-06-14 17:39:50,,True,admin
2519,جامعة مؤتة,المحاسبة,بكالوريوس,,,current,,2025-06-16 17:21:22,,True,admin
2520,جامعة مؤتة,دكتور في الصيدلة,بكالوريوس,,,current,,2025-06-16 17:21:49,,True,admin
2521,جامعة مؤتة,الهندسة الزراعيّة,بكالوريوس,,,graduated,,2025-06-16 17:23:20,,True,admin
2522,جامعة مؤتة,هندسة الحاسوب وأمن الشبكات,بكالوريوس,,,current,,2025-06-16 17:38:52,,True,admin
2523,جامعة مؤتة,هندسة الحاسوب وأمن الشبكات,بكالوريوس,,,graduated,,2025-06-16 17:40:40,,True,admin
2524,جامعة الإسراء,تكنولوجيا التخدير والإنعاش,بكالوريوس,,,current,,2025-06-16 18:11:59,,True,admin
2525,جامعة مؤتة,المحاسبة,بكالوريوس,,,graduated,,2025-06-16 18:15:35,,True,admin
2526,جامعة مؤتة,الصيدلة,بكالوريوس,,,graduated,,2025-06-16 18:29:04,,True,admin
2527,جامعة مؤتة,الطب والجراحة,بكالوريوس,,,current,,2025-06-16 18:52:45,,True,admin
2528,جامعة مؤتة,التغذية والصناعات الغذائيّة,بكالوريوس,,,graduated,,2025-06-16 19:05:35,,True,admin
2529,جامعة البلقاء التطبيقيّة,إدارة السياحة والضيافة,بكالوريوس,,,current,,2025-06-17 03:44:30,,True,admin
2530,جامعة مؤتة,علم الغذاء والتغذية,ماجستير,,,graduated,,2025-06-18 17:03:38,,True,admin
2531,جامعة مؤتة,نظم المعلومات الإداريّة,بكالوريوس,,,graduated,,2025-06-18 21:13:55,,True,admin
2532,جامعة الشعب,إدارة الأعمال,بكالوريوس,,,graduated,,2025-06-18 21:29:15,,True,admin
2533,الجامعة الهاشميّة,العلوم الماليّة والمصرفيّة,بكالوريوس,,,current,,2025-06-18 21:54:51,,True,admin
2534,Universiti Sains Malaysia,لغويات اللغة الإنجليزيّة,بكالوريوس,,,graduated,,2025-06-19 00:50:52,,True,admin
2535,الجامعة الأمريكيّة في مادبا,إدارة الأعمال,بكالوريوس,,,graduated,,2025-06-19 07:46:18,,True,admin
2536,جامعة مؤتة,الطب والجراحة,بكالوريوس,,,graduated,,2025-06-19 14:15:51,,True,admin
2538,جامعة مؤتة,التربية الرياضيّة,بكالوريوس,,,graduated,,2025-06-19 16:33:51,,True,admin
2539,جامعة البترا,إدارة الأعمال,بكالوريوس,,,graduated,,2025-06-19 17:30:55,,True,admin
2540,جامعة عجلون الوطنيّة,الرياضيات,بكالوريوس,,,current,,2025-06-20 12:11:59,,True,admin
2544,الجامعة الأمريكيّة في مادبا,هندسة العمارة,بكالوريوس,,,current,,2025-06-24 15:39:04,,True,admin
2551,جامعة العلوم التطبيقيّة الخاصة,اللغة الإنجليزيّة,بكالوريوس,,,graduated,,2025-06-25 11:53:01,,True,admin
2552,جامعة مؤتة,العلوم الماليّة والمصرفيّة,بكالوريوس,,,graduated,,2025-06-25 12:59:08,,True,admin
2554,جامعة صلاح الدين - العراق,علوم الأرض,بكالوريوس,,,graduated,,2025-06-26 10:01:07,,True,admin
2563,,معلم حضانة ورياض الأطفال,بكالوريوس,,,graduated,,2025-06-27 03:51:21,,True,admin
2572,الجامعة الهاشميّة,العلوم الماليّة والمصرفيّة,بكالوريوس,,,graduated,,2025-07-09 19:42:17,,True,admin
2579,جامعة البلقاء التطبيقيّة,التمريض,بكالوريوس,,,graduated,,2025-07-16 10:40:31,,True,admin
2623,كلية عمون الجامعيّة التطبيقيّة,فنون الطهي,بكالوريوس,,,graduated,,2025-09-10 20:53:09,,True,admin
2632,جامعة البلقاء التطبيقيّة,الطب البشري,بكالوريوس,,,current,,2025-09-10 21:48:08,,True,admin
2633,جامعة الشّرق الأوسط,التسويق الإلكتروني والتواصل الاجتماعي,بكالوريوس,,,current,,2025-09-10 22:45:43,,True,admin
2634,جامعة البلقاء التطبيقيّة,إدارة الأعمال,بكالوريوس,,,current,,2025-09-10 22:51:51,,True,admin
2643,جامعة الشّرق الأوسط,اللغة الإنجليزيّة وآدابها,بكالوريوس,,,current,,2025-09-12 18:32:40,,True,admin
2648,جامعة إبن سينا للعلوم الطبيّة,طب وجراحة الأسنان,بكالوريوس,,,graduated,,2025-09-14 17:30:30,,True,admin
2649,جامعة العلوم والتكنولوجيا الأردنيّة,التغذية وتكنولوجيا الغذاء,بكالوريوس,,,graduated,,2025-09-15 21:57:49,,True,admin
2650,جامعة الزيتونة الأردنيّة,اللغة الإنجليزيّة وآدابها,بكالوريوس,,,graduated,,2025-09-15 22:15:16,,True,admin
2716,جامعة الحسين التقنيّة,الأمن السيبراني,بكالوريوس,,,current,,2025-10-28 21:22:24,,True,admin
2729,جامعة الأميرة سميّة للتكنولوجيا,إدارة الأعمال,بكالوريوس,,,current,,2025-10-30 14:05:04,,True,admin
2730,الجامعة الأردنيّة,موسيقى,بكالوريوس,,,graduated,,2025-10-30 14:37:52,,True,admin
2731,جامعة البلقاء التطبيقيّة,نظم المعلومات الإداريّة,بكالوريوس,,,current,,2025-10-30 14:48:03,,True,admin
2738,جامعة عمان الأهليّة,تكنولوجيا تحليل الأعمال,بكالوريوس,,,current,,2025-10-31 16:01:21,,True,admin
2744,جامعة الحسين التقنيّة,هندسة العمارة,بكالوريوس,,,current,,2025-10-31 20:58:23,,True,admin
2756,الجامعة الأمريكيّة في مادبا,التسويق الرقمي والابتكار,بكالوريوس,,,current,,2025-11-01 12:53:22,,True,admin
2767,جامعة اليرموك,التربية البدنيّة وعلوم الرياضة,بكالوريوس,,,current,,2025-11-01 13:38:15,,True,admin
2806,جامعة عجلون الوطنيّة,الذكاء الاصطناعي,بكالوريوس,,,current,,2025-11-01 16:21:38,,True,admin
2812,الجامعة الأردنيّة,المحاسبة,بكالوريوس,,,graduated,,2025-11-01 17:44:14,,True,admin
2820,جامعة مؤتة,المحاسبة,بكالوريوس,,,current,,2025-11-01 20:04:12,,True,admin
2832,جامعة الأميرة سميّة للتكنولوجيا,هندسة أمن الشبكات والمعلومات,بكالوريوس,,,current,,2025-11-02 09:06:38,,True,admin
2836,جامعة مؤتة,الكيمياء الصناعيّة,بكالوريوس,,,current,,2025-11-02 15:31:58,,True,admin
2837,جامعة مؤتة,جغرافيا,بكالوريوس,,,graduated,,2025-11-02 15:32:31,,True,admin
2839,جامعة مؤتة,هندسة العمارة,بكالوريوس,,,current,,2025-11-02 15:45:41,,True,admin
2840,جامعة مؤتة,اللغة الإنجليزيّة التطبيقيّة,بكالوريوس,,,current,,2025-11-02 15:47:15,,True,admin
2841,جامعة مؤتة,المحاسبة الجنائيّة,بكالوريوس,,,current,,2025-11-02 15:47:19,,True,admin
2842,جامعة مؤتة,المحاسبة الجنائيّة,بكالوريوس,,,current,,2025-11-02 15:49:59,,True,admin
2843,الجامعة الأردنيّة,اللغة الإنجليزيّة وآدابها,بكالوريوس,,,graduated,,2025-11-02 15:57:35,,True,admin
2867,الجامعة الألمانيّة الأردنيّة,إدارة الأعمال الذكيّة وتحليل البيانات,بكالوريوس,,,current,,2025-11-03 19:20:56,,True,admin
2868,الجامعة الهاشميّة,إدارة الموارد التراثيّة والمتاحف,بكالوريوس,,,current,,2025-11-03 19:55:34,,True,admin
2871,جامعة الإسراء,علم النفس,بكالوريوس,,,current,,2025-11-03 23:43:39,,True,admin
2874,جامعة البلقاء التطبيقيّة,نظم المعلومات المحاسبيّة,بكالوريوس,,,current,,2025-11-04 00:17:50,,True,admin
2877,جامعة العلوم التطبيقيّة الخاصة,الذكاء الاصطناعي,بكالوريوس,,,current,,2025-11-04 08:13:58,,True,admin
2878,جامعة الأميرة سميّة للتكنولوجيا,ريادة الأعمال,ماجستير,,,graduated,,2025-11-04 10:39:05,,True,admin
2879,جامعة البلقاء التطبيقيّة,اللغة الإنجليزيّة وآدابها,بكالوريوس,,,current,,2025-11-04 10:45:12,,True,admin
2881,جامعة العلوم الاسلإمية العالميّة,اللغة العربيّة وآدابها,بكالوريوس,,,current,,2025-11-04 10:49:25,,True,admin
2882,جامعة مؤتة,الآثار والسياحة,بكالوريوس,,,graduated,,2025-11-04 12:44:13,,True,admin
2883,جامعة العلوم التطبيقيّة الخاصة,هندسة البرمجيات,بكالوريوس,,,graduated,,2025-11-04 12:48:22,,True,admin
2884,جامعة البترا,التصميم الداخلي,بكالوريوس,,,graduated,,2025-11-04 12:53:27,,True,admin
2885,جامعة العلوم التطبيقيّة الخاصة,هندسة البرمجيات,بكالوريوس,,,graduated,,2025-11-04 13:26:56,,True,admin
2886,الجامعة الهاشميّة,إدارة الأعمال,بكالوريوس,,,current,,2025-11-04 13:36:14,,True,admin
2887,جامعة العلوم والتكنولوجيا الأردنيّة,تقنيات حيويّة وهندسة وراثيّة,بكالوريوس,,,graduated,,2025-11-04 14:12:03,,True,admin
2889,جامعة مؤتة,علم الحركة والتدريب الرياضي,بكالوريوس,,,current,,2025-11-04 19:16:47,,True,admin
2893,جامعة البلقاء التطبيقيّة,هندسة البرمجيات,بكالوريوس,,,current,,2025-11-05 07:25:13,,True,admin
2894,جامعة البلقاء التطبيقيّة,اللغة العربيّة,بكالوريوس,,,current,,2025-11-05 07:27:01,,True,admin
2895,الجامعة الأردنيّة,الأمن السيبراني,بكالوريوس,,,current,,2025-11-05 07:31:11,,True,admin
2896,الجامعة الأردنيّة,اللغة العربيّة,بكالوريوس,,,current,,2025-11-05 07:32:51,,True,admin
2913,كليّة لومينوس الجامعيّة التقنيّة,إدارة عمليات لوجستيّة,بكالوريوس,,,graduated,,2025-11-05 13:11:33,,True,admin
2918,جامعة الزيتونة الأردنيّة,التمريض,بكالوريوس,,,current,,2025-11-05 15:13:06,,True,admin
2919,كلية عمون الجامعيّة التطبيقيّة,إدارة فنادق,بكالوريوس,,,graduated,,2025-11-05 19:24:23,,True,admin
2922,جامعة البلقاء التطبيقيّة,الهندسة الكهربائيّة والقوى الكهربائيّة,بكالوريوس,,,graduated,,2025-11-05 21:21:05,,True,admin
2924,جامعة عجلون الوطنيّة,الإرشاد النفسي,بكالوريوس,,,current,,2025-11-06 20:13:22,,True,admin
2945,جامعة اليرموك,العلوم الماليّة والمصرفيّة,بكالوريوس,,,graduated,,2025-11-08 17:41:23,,True,admin
2976,جامعة إربد الأهليّة,العلوم الماليّة والمصرفيّة,بكالوريوس,,,current,,2025-11-10 19:05:12,,True,admin
2994,في كندا,هندسة الحاسوب,بكالوريوس,,,graduated,,2025-11-13 22:42:51,,True,admin
3007,الجامعة الهاشميّة,الهندسة الصناعيّة,بكالوريوس,,,current,,2026-01-23 12:08:47,,True,admin
3010,الجامعة الأردنيّة,الهندسة الصناعيّة,بكالوريوس,,,graduated,,2026-01-23 14:52:14,,True,admin
3012,الجامعة الألمانيّة الأردنيّة,هندسة الطاقة,بكالوريوس,,,current,,2026-01-23 15:00:55,,True,admin
3014,جامعة العلوم والتكنولوجيا الأردنيّة,الهندسة الميكانيكيّة,بكالوريوس,,,current,,2026-01-23 15:17:51,,True,admin
3015,الجامعة الهاشميّة,العلوم الطبيّة المخبريّة,بكالوريوس,,,current,,2026-01-23 16:47:13,,True,admin
3016,جامعة جدارا,دكتور في الصيدلة,بكالوريوس,,,current,,2026-01-23 19:49:32,,True,admin
3017,الجامعة الأردنيّة,التمريض,بكالوريوس,,,current,,2026-01-23 19:50:03,,True,admin
3018,الجامعة الهاشميّة,الهندسة الصناعيّة,بكالوريوس,,,current,,2026-01-23 20:05:22,,True,admin
3022,جامعة الحسين التقنيّة,هندسة الطاقة,بكالوريوس,,,current,,2026-01-23 20:47:52,,True,admin
3023,جامعة عمان الأهليّة,طب وجراحة الأسنان,بكالوريوس,,,current,,2026-01-23 20:57:49,,True,admin
3025,جامعة عمان الأهليّة,إدارة الأعمال,بكالوريوس,,,current,,2026-01-24 05:39:15,,True,admin
3026,جامعة اليرموك,الفنون الرقميّة,بكالوريوس,,,current,,2026-01-24 16:17:17,,True,admin
3027,جامعة العلوم والتكنولوجيا الأردنيّة,تصميم وتطوير ألعاب الحاسوب,بكالوريوس,,,current,,2026-01-24 16:26:57,,True,admin
3028,جامعة اليرموك,الطب البشري,بكالوريوس,,,current,,2026-01-24 16:29:53,,True,admin
3029,جامعة العلوم والتكنولوجيا الأردنيّة,هندسة وأمن شبكات الحاسوب,بكالوريوس,,,current,,2026-01-24 16:29:56,,True,admin
3030,جامعة جدارا,التربية الرياضيّة,بكالوريوس,,,current,,2026-01-24 17:04:22,,True,admin
3031,جامعة عجلون الوطنيّة,الذكاء الاصطناعي وتحليل البيانات,بكالوريوس,,,current,,2026-01-24 17:09:23,,True,admin
3034,جامعة البلقاء التطبيقيّة,المحاسبة,بكالوريوس,,,current,,2026-01-24 18:10:14,,True,admin
3035,جامعة مؤتة - الجناح العسكري,الرياضيات,بكالوريوس,,,current,,2026-01-24 18:54:43,,True,admin
3036,جامعة اليرموك,التصميم الجرافيكي,بكالوريوس,,,current,,2026-01-24 19:22:00,,True,admin
3038,جامعة مؤتة,الهندسة المكانيكيّة - قوى حراريّة وطاقة,بكالوريوس,,,current,,2026-01-24 20:00:53,,True,admin
3039,جامعة اليرموك,الاقتصاد,بكالوريوس,,,current,,2026-01-24 20:30:17,,True,admin
3040,جامعة عجلون الوطنيّة,الحقوق / القانون,بكالوريوس,,,graduated,,2026-01-24 21:33:30,,True,admin
3041,جامعة اليرموك,الطب البشري,بكالوريوس,,,current,,2026-01-24 21:46:57,,True,admin
3042,جامعة عين شمس - مصر,طب وجراحة الأسنان,بكالوريوس,,,current,,2026-01-24 22:05:52,,True,admin
3043,الجامعة الأردنيّة,إدارة الأعمال,بكالوريوس,,,current,,2026-01-24 22:36:22,,True,admin
3044,جامعة جدارا,التربية الرياضيّة,بكالوريوس,,,current,,2026-01-24 23:16:10,,True,admin
3046,الجامعة الأردنيّة,طب وجراحة الأسنان,بكالوريوس,,,current,,2026-01-25 10:51:02,,True,admin
3047,جامعة الزيتونة الأردنيّة,المحاسبة,بكالوريوس,,,graduated,,2026-01-25 11:40:53,,True,admin
3048,جامعة مؤتة,الهندسة المدنيّة,بكالوريوس,,,graduated,,2026-01-25 11:47:17,,True,admin
3049,الجامعة الأردنيّة,اقتصاد المال والأعمال,بكالوريوس,,,graduated,,2026-01-25 11:49:16,,True,admin
3050,جامعة عمان الأهليّة,الصيدلة,بكالوريوس,,,current,,2026-01-25 13:44:59,,True,admin
3052,جامعة الأميرة سميّة للتكنولوجيا,المحاسبة,بكالوريوس,,,current,,2026-01-25 13:59:29,,True,admin
3056,جامعة زاخو - العراق,علوم البيئة,بكالوريوس,,,graduated,,2026-01-25 14:26:36,,True,admin
3059,الجامعة الأردنيّة,إدارة الأعمال,بكالوريوس,,,graduated,,2026-01-25 15:19:18,,True,admin
3060,جامعة عمان العربيّة,هندسة البرمجيات,بكالوريوس,,,graduated,,2026-01-25 15:20:17,,True,admin
3061,جامعة عمان الأهليّة,التصميم الداخلي,بكالوريوس,,,current,,2026-01-25 15:47:05,,True,admin
3062,الجامعة الأردنيّة,اللغات (فرنسي - إنجليزي),بكالوريوس,,,current,,2026-01-25 16:21:37,,True,admin
3063,جامعة مؤتة,اللغة الإنجليزيّة التطبيقيّة,بكالوريوس,,,current,,2026-01-25 17:12:32,,True,admin
3064,جامعة مؤتة,التغذية والصناعات الغذائيّة,بكالوريوس,,,graduated,,2026-01-25 18:20:15,,True,admin
3065,الجامعة الهاشميّة,اللغة الإنجليزيّة وآدابها,بكالوريوس,,,graduated,,2026-01-25 18:40:43,,True,admin
3066,الجامعة الأردنيّة,التمويل,بكالوريوس,,,graduated,,2026-01-25 19:57:46,,True,admin
3067,جامعة مؤتة,الطب البشري,بكالوريوس,,,graduated,,2026-01-25 22:47:05,,True,admin
3068,جامعة العلوم التطبيقيّة الخاصة,المحاسبة,بكالوريوس,,,graduated,,2026-01-25 22:51:28,,True,admin
3069,الجامعة الأردنيّة,الذكاء الاصطناعي,بكالوريوس,,,graduated,,2026-01-25 22:59:13,,True,admin
3070,جامعة البلقاء التطبيقيّة,اللغة الإنجليزيّة وآدابها,بكالوريوس,,,current,,2026-01-26 13:57:47,,True,admin
3071,جامعة اليرموك,الحقوق / القانون,بكالوريوس,,,graduated,,2026-01-26 14:16:17,,True,admin
3072,University of the People,إدارة الأعمال,بكالوريوس,,,graduated,,2026-01-26 14:26:47,,True,admin
3073,جامعة عين شمس - مصر,الطب البشري,بكالوريوس,,,graduated,,2026-01-26 14:47:06,,True,admin
3074,الجامعة الأردنيّة,المحاسبة,بكالوريوس,,,current,,2026-01-26 15:58:12,,True,admin
3075,جامعة اليرموك,التربية البدنيّة التطبيقيّة,بكالوريوس,,,current,,2026-01-26 16:18:16,,True,admin
3076,الجامعة الهاشميّة,اللغة الإنجليزيّة وآدابها,بكالوريوس,,,graduated,,2026-01-26 16:26:28,,True,admin
3078,الجامعة الهاشميّة,الهندسة المدنيّة,بكالوريوس,,,graduated,,2026-01-26 17:31:54,,True,admin
3079,جامعة آل البيت,التربية الخاصة,بكالوريوس,,,graduated,,2026-01-26 18:05:39,,True,admin
3080,جامعة البلقاء التطبيقيّة,العلوم الماليّة والمصرفيّة,بكالوريوس,,,graduated,,2026-01-26 19:00:27,,True,admin
3081,جامعة اليرموك,هندسة الاتصالات,بكالوريوس,,,current,,2026-01-26 19:04:09,,True,admin
3082,جامعة اليرموك,المحاسبة,بكالوريوس,,,current,,2026-01-26 19:07:22,,True,admin
3083,جامعة العلوم والتكنولوجيا الأردنيّة,هندسة العمارة,بكالوريوس,,,current,,2026-01-26 19:09:21,,True,admin
3084,جامعة عمان الأهليّة,التكنولوجيا الحيويّة الصيدلانيّة,بكالوريوس,,,current,,2026-01-26 21:24:35,,True,admin
3085,الجامعة الأردنيّة,الحقوق / القانون,بكالوريوس,,,current,,2026-01-26 22:58:56,,True,admin
3086,الجامعة الأردنيّة,الحقوق / القانون,بكالوريوس,,,current,,2026-01-26 23:24:59,,True,admin
3087,جامعة العلوم التطبيقيّة الخاصة,اللغة الإنجليزية والترجمة,بكالوريوس,,,graduated,,2026-01-27 07:47:13,,True,admin
3088,جامعة اليرموك,التسويق,بكالوريوس,,,current,,2026-01-29 00:17:18,,True,admin
3089,جامعة مؤتة,هندسة الحاسوب وأمن الشبكات,بكالوريوس,,,current,,2026-01-29 12:23:50,,True,admin
3090,كليّة المجتمع العربي,شيف,بكالوريوس,,,graduated,,2026-01-30 08:18:05,,True,admin
805,جامعة العلوم والتكنولوجيا الأردنيّة,الصيدلة,بكالوريوس,,,graduated,,2025-02-06 13:23:06,,True,admin
805,جامعة العلوم والتكنولوجيا الأردنيّة,أخلاقيات العلوم الطبيّة والحيويّة,ماجستير,,,graduated,,2025-02-06 13:23:06,,True,admin
1255,جامعة الأميرة سميّة للتكنولوجيا,إدارة الأعمال,بكالوريوس,,,graduated,,2025-03-01 14:25:20,,True,admin
90,جامعة الأميرة سميّة للتكنولوجيا,ريادة الأعمال,بكالوريوس,,,current,,2025-01-31 11:14:24,,True,admin
271,جامعة البلقاء التطبيقيّة,الذكاء الاصطناعي والروبوتات,بكالوريوس,,,graduated,,2025-01-31 11:17:40,,True,admin
2912,جامعة مؤتة,العلوم الماليّة والمصرفيّة,بكالوريوس,,,current,,2025-11-05 12:50:56,,True,admin
245,جامعة البلقاء التطبيقيّة,الهندسة الكهربائيّة والقوى الكهربائيّة,بكالوريوس,,,graduated,,2025-01-31 11:16:48,,True,admin
141,الجامعة الهاشميّة,الطب البشري,بكالوريوس,,,current,,2025-01-31 11:14:59,,True,admin
1281,جامعة العلوم والتكنولوجيا الأردنيّة,هندسة الحاسوب,بكالوريوس,,,graduated,,2025-03-05 08:22:07,,True,admin
1253,جامعة آل البيت,التمويل والمصارف,بكالوريوس,,,graduated,,2025-03-01 12:50:05,,True,admin
1272,جامعة الزيتونة الأردنيّة,إدارة الأعمال,بكالوريوس,,,graduated,,2025-03-04 12:51:54,,True,admin
254,الجامعة الأردنيّة,التصميم الداخلي,بكالوريوس,,,current,,2025-01-31 11:17:01,,True,admin
1391,الجامعة الأردنيّة,الهندسة المدنيّة,بكالوريوس,,,current,,2025-03-11 10:52:37,,True,admin
1126,الجامعة الأردنيّة,العلاج الطبيعي,بكالوريوس,,,graduated,,2025-02-23 14:17:18,,True,admin
0,الجامعة الهاشميّة,الطب البشري,بكالوريوس,,,current,,2025-01-31 11:12:11,,True,admin
1405,جامعة البلقاء التطبيقيّة,المحاسبة,بكالوريوس,,,graduated,,2025-03-11 11:43:48,,True,admin
594,الجامعة الهاشميّة,العلاقات الدوليّة والدراسات الاستراتيجيّة,بكالوريوس,,,graduated,,2025-02-01 22:59:31,,True,admin
1393,جامعة عمان الأهليّة,إدارة الأعمال,بكالوريوس,,,current,,2025-03-11 10:55:00,,True,admin
3058,الجامعة الأردنيّة,اللغات (فرنسي - إنجليزي),بكالوريوس,,,current,,2026-01-25 15:18:01,,True,admin
1050,كليّة لومينوس الجامعيّة التقنيّة,إدارة عمليات لوجستيّة,دبلوم,2019-10-15,2021-02-15,graduated,,2025-02-20 16:54:29,,True,admin
1833,الجامعة الهاشميّة,الاقتصاد,بكالوريوس,,,current,,2025-03-19 15:15:48,,True,admin
19,الجامعة الألمانيّة الأردنيّة,الهندسة الصناعيّة,بكالوريوس,,,graduated,,2025-01-31 11:13:04,,True,admin
483,الجامعة الأردنيّة,اللغة الإنجليزيّة,بكالوريوس,,,graduated,,2025-02-01 15:39:32,,True,admin
71,جامعة العلوم والتكنولوجيا الأردنيّة,اللغة الإنجليزيّة واللغويات,بكالوريوس,,,graduated,,2025-01-31 11:13:56,,True,admin
197,الجامعة الهاشميّة,إدارة أراضي ومياه,بكالوريوس,,,graduated,,2025-01-31 11:15:50,,True,admin
412,جامعة العلوم التطبيقيّة الخاصة,إدارة الأعمال,بكالوريوس,,,graduated,,2025-02-01 13:19:33,,True,admin
43,الجامعة الأردنيّة,العلوم السياسيّة,بكالوريوس,,,graduated,,2025-01-31 11:13:28,,True,admin
258,الجامعة الأردنيّة - فرع العقبة,إدارة المخاطر والتأمين,بكالوريوس,,,graduated,,2025-01-31 11:17:10,,True,admin
1058,جامعة عمان العربيّة,التسويق,بكالوريوس,,,graduated,,2025-02-21 20:59:58,,True,admin
1274,كلّية الرافدين - العراق,هندسة تقنيات الحاسبات,بكالوريوس,,,graduated,,2025-03-04 13:01:58,,True,admin
169,جامعة البترا,معلم صف,بكالوريوس,,,graduated,,2025-01-31 11:15:32,,True,admin
1621,جامعة العلوم والتكنولوجيا الأردنيّة,نظم المعلومات الحاسوبيّة,بكالوريوس,,,graduated,,2025-03-15 20:14:08,,True,admin
1061,"University of California, Riverside",التاريخ والعلوم السياسيّة,بكالوريوس,,,graduated,,2025-02-21 21:32:01,,True,admin
81,جامعة الزرقاء,الذكاء الاصطناعي,بكالوريوس,,,current,,2025-01-31 11:14:13,,True,admin
66,الجامعة الهاشميّة,الهندسة الصناعيّة,بكالوريوس,,,graduated,,2025-01-31 11:13:50,,True,admin
498,جامعة العلوم والتكنولوجيا الأردنيّة,الصيدلة,بكالوريوس,,,graduated,,2025-02-01 16:05:19,,True,admin
1851,جامعة البلقاء التطبيقيّة,المحاسبة,بكالوريوس,,,graduated,,2025-03-20 12:51:00,,True,admin
590,جامعة اليرموك,هندسة الإلكترونيات,بكالوريوس,,,graduated,,2025-02-01 22:43:40,,True,admin
37,جامعة عمان العربيّة,الأمن السيبراني,بكالوريوس,,,graduated,,2025-01-31 11:13:23,,True,admin
105,الجامعة الألمانيّة الأردنيّة,هندسة الطاقة المتجددة,بكالوريوس,,,graduated,,2025-01-31 11:14:35,,True,admin
101,جامعة البلقاء التطبيقيّة,هندسة الحاسوب,بكالوريوس,,,graduated,,2025-01-31 11:14:32,,True,admin
187,جامعة آل البيت,هندسة الطاقة المتجددة,بكالوريوس,,,graduated,,2025-01-31 11:15:44,,True,admin
2217,الجامعة الأردنيّة,الهندسة الكيميائيّة,بكالوريوس,,,graduated,,2025-04-02 20:56:43,,True,admin
98,جامعة العلوم والتكنولوجيا الأردنيّة,الهندسة الصناعيّة,بكالوريوس,,,graduated,,2025-01-31 11:14:28,,True,admin
128,جامعة الأميرة سميّة للتكنولوجيا,علم الحاسوب,بكالوريوس,,,graduated,,2025-01-31 11:14:50,,True,admin
1826,جامعة الموصل - العراق,هندسة الإلكترونيات,بكالوريوس,,,graduated,,2025-03-19 12:42:41,,True,admin
1310,الجامعة الهاشميّة,الهندسة الطبيّة الحيويّة,بكالوريوس,,,graduated,,2025-03-09 22:09:10,,True,admin
205,جامعة الزيتونة الأردنيّة,التمريض,بكالوريوس,,,current,,2025-01-31 11:15:57,,True,admin
77,جامعة البلقاء التطبيقيّة,العلوم الماليّة والمصرفيّة,بكالوريوس,,,graduated,,2025-01-31 11:14:09,,True,admin
110,الجامعة الأردنيّة,التربية الخاصة,بكالوريوس,,,graduated,,2025-01-31 11:14:39,,True,admin
15,الجامعة الهاشميّة,المحاسبة,بكالوريوس,,,graduated,,2025-01-31 11:13:01,,True,admin
167,جامعة العلوم والتكنولوجيا الأردنيّة,الهندسة المدنيّة,بكالوريوس,,,graduated,,2025-01-31 11:15:27,,True,admin
480,الجامعة الأمريكيّة في مادبا,الهندسة الميكانيكيّة,بكالوريوس,,,current,,2025-02-01 15:25:08,,True,admin
195,جامعة الشّرق الأوسط,الإعلام (إذاعة وتلفزيون),بكالوريوس,,,graduated,,2025-01-31 11:15:47,,True,admin
272,كلّية الإدارة والاقتصاد,إحصاء,بكالوريوس,,,graduated,,2025-01-31 11:17:41,,True,admin
298,جامعة البلقاء التطبيقيّة,الهندسة الميكانيكيّة,بكالوريوس,,,graduated,,2025-01-31 11:18:44,,True,admin
221,جامعة البلقاء التطبيقيّة,الهندسة الميكانيكيّة,بكالوريوس,,,graduated,,2025-01-31 11:16:14,,True,admin
151,جامعة الزرقاء,هندسة الطاقة المتجددة,بكالوريوس,,,graduated,,2025-01-31 11:15:07,,True,admin
76,إعداديّة الصناعة - العراق,الحاسوب,بكالوريوس,,,graduated,,2025-01-31 11:14:05,,True,admin
2303,جامعة البلقاء التطبيقيّة,العلوم الماليّة والمصرفيّة,بكالوريوس,,,graduated,,2025-04-28 00:04:55,,True,admin
264,جامعة آل البيت,نظم المعلومات الحاسوبيّة,بكالوريوس,,,graduated,,2025-01-31 11:17:17,,True,admin
1264,Northeastern University,الهندسة المدنيّة,بكالوريوس,,,graduated,,2025-03-01 19:37:37,,True,admin
1855,كلية عمون الجامعيّة التطبيقيّة,إدارة فنادق,بكالوريوس,,,graduated,,2025-03-20 14:44:03,,True,admin
145,الجامعة الهاشميّة,علم الحاسوب وتطبيقاته,بكالوريوس,,,graduated,,2025-01-31 11:15:01,,True,admin
310,جامعة بغداد - العراق,الطب البشري,بكالوريوس,,,graduated,,2025-01-31 11:20:08,,True,admin
1315,الجامعة التكنولوجيّة - العراق,هندسة الحاسبات,بكالوريوس,,,graduated,,2025-03-10 14:29:55,,True,admin
137,الجامعة الهاشميّة,إدارة أراضي ومياه,بكالوريوس,,,graduated,,2025-01-31 11:14:57,,True,admin
263,جامعة آل البيت,المحاسبة,بكالوريوس,,,graduated,,2025-01-31 11:17:16,,True,admin
611,جامعة العلوم التطبيقيّة الخاصة,المحاسبة,بكالوريوس,,,graduated,,2025-02-02 10:18:23,,True,admin
1982,جامعة بغداد - العراق,إدارة الأعمال,بكالوريوس,,,graduated,,2025-03-22 19:04:27,,True,admin
163,جامعة الزيتونة الأردنيّة,معلم صف,بكالوريوس,,,graduated,,2025-01-31 11:15:20,,True,admin
705,الجامعة الأردنيّة,الطب البشري,بكالوريوس,,,current,,2025-02-03 14:23:56,,True,admin
186,جامعة العلوم والتكنولوجيا الأردنيّة,إدارة سياسات صحيّة,بكالوريوس,,,current,,2025-01-31 11:15:44,,True,admin
1649,جامعة الطفيلة التقنيّة,نظم المعلومات الحاسوبيّة,بكالوريوس,,,current,,2025-03-16 09:34:01,,True,admin
1245,جامعة البلقاء التطبيقيّة,الطب البشري,بكالوريوس,,,current,,2025-02-28 03:21:59,,True,admin
2007,University of the People,إدارة الأعمال,بكالوريوس,,,current,,2025-03-22 20:51:25,,True,admin
1582,جامعة صلاح الدين - العراق,اللغة الفرنسيّة وآدابها,بكالوريوس,,,graduated,,2025-03-14 17:26:25,,True,admin
293,الجامعة الهاشميّة,إدارة فنادق,بكالوريوس,,,current,,2025-01-31 11:18:33,,True,admin
223,جامعة الشّرق الأوسط,الصحافة والإعلام,بكالوريوس,,,current,,2025-01-31 11:16:16,,True,admin
2304,الجامعة الهاشميّة,الاستثمار والتمويل,ماجستير,,,graduated,,2025-04-28 18:12:07,,True,admin
1400,جامعة البلقاء التطبيقيّة,علم الحاسوب,بكالوريوس,,,graduated,,2025-03-11 11:25:56,,True,admin
241,الجامعة الأمريكيّة في مادبا,التغذية والصحة النفسيّة,بكالوريوس,,,current,,2025-01-31 11:16:43,,True,admin
1256,جامعة عمان الأهليّة,التصميم الجرافيكي والوسائط المتعددة,بكالوريوس,,,current,,2025-03-01 14:46:42,,True,admin
762,جامعة اليرموك,الطب البشري,بكالوريوس,,,current,,2025-02-04 13:52:51,,True,admin
404,جامعة العلوم والتكنولوجيا الأردنيّة,تقنيات حيويّة وهندسة وراثيّة,بكالوريوس,,,current,,2025-02-01 12:23:59,,True,admin
966,الجامعة الأمريكيّة في مادبا,العلوم الماليّة والمصرفيّة,بكالوريوس,,,graduated,,2025-02-18 13:31:59,,True,admin
124,جامعة الشّرق الأوسط,الإدارة السياحيّة,بكالوريوس,,,graduated,,2025-01-31 11:14:47,,True,admin
1622,جامعة العلوم والتكنولوجيا الأردنيّة,الهندسة الكهربائيّة,بكالوريوس,,,current,,2025-03-15 20:32:02,,True,admin
791,الجامعة الأمريكيّة في مادبا,المحاسبة الدوليّة والتمويل,بكالوريوس,,,current,,2025-02-05 17:12:40,,True,admin
1569,جامعة البلقاء التطبيقيّة,الهندسة المدنيّة,بكالوريوس,,,graduated,,2025-03-14 12:41:23,,True,admin
59,الجامعة الهاشميّة,المحاسبة والقانون التجاري,بكالوريوس,,,graduated,,2025-01-31 11:13:46,,True,admin
267,الجامعة الهاشميّة,الهندسة الصناعيّة,بكالوريوس,,,graduated,,2025-01-31 11:17:21,,True,admin
2851,جامعة مؤتة,اللغة العربيّة,بكالوريوس,,,current,,2025-11-03 00:02:06,,True,admin
1314,الجامعة الهاشميّة,إدارة الأعمال,بكالوريوس,,,current,,2025-03-10 14:23:29,,True,admin
400,جامعة العلوم والتكنولوجيا الأردنيّة,الطب البشري,بكالوريوس,,,current,,2025-02-01 12:13:29,,True,admin
587,جامعة البلقاء التطبيقيّة,إدارة الأعمال,بكالوريوس,,,graduated,,2025-02-01 22:40:21,,True,admin
587,جامعة الزرقاء,إدارة الأعمال,بكالوريوس,,,switched,,2025-02-01 22:40:21,,True,admin
203,جامعة البلقاء التطبيقيّة,التحقيقات الجنائية الرقمية,بكالوريوس,,,current,,2025-01-31 11:15:55,,True,admin
318,Young Women`s Christian Association (YWCA),إدارة مكاتب وسكرتاريا,بكالوريوس,,,graduated,,2025-01-31 11:23:15,,True,admin
280,الجامعة الأمريكيّة في مادبا,أحياء وتكنولوجيا حيويّة,بكالوريوس,,,current,,2025-01-31 11:18:06,,True,admin
406,Young Women`s Christian Association (YWCA),إدارة المكاتب والمحاسبة,بكالوريوس,,,graduated,,2025-02-01 12:34:29,,True,admin
204,جامعة الإسراء,التمريض,بكالوريوس,,,current,,2025-01-31 11:15:55,,True,admin
965,الجامعة الهاشميّة,الهندسة الصناعيّة,بكالوريوس,,,graduated,,2025-02-18 13:29:59,,True,admin
313,جامعة البلقاء التطبيقيّة,إدارة الأعمال,بكالوريوس,,,graduated,,2025-01-31 11:21:26,,True,admin
313,جامعة البلقاء التطبيقيّة,إدارة مشاريع,ماجستير,,,graduated,,2025-01-31 11:21:26,,True,admin
269,جامعة البلقاء التطبيقيّة,اضطرابات توحد,بكالوريوس,,,current,,2025-01-31 11:17:34,,True,admin
323,جامعة الزرقاء,المحاسبة,بكالوريوس,,,current,,2025-01-31 11:29:09,,True,admin
253,جامعة آل البيت,اقتصاد المال والأعمال,بكالوريوس,,,graduated,,2025-01-31 11:17:01,,True,admin
206,جامعة العلوم والتكنولوجيا الأردنيّة,تقنيات حيويّة وهندسة وراثيّة,بكالوريوس,,,graduated,,2025-01-31 11:15:57,,True,admin
3032,جامعة العلوم والتكنولوجيا الأردنيّة,علم الحاسوب,بكالوريوس,,,current,,2026-01-24 17:45:48,,True,admin
1347,جامعة فيلادلفيا,الصيدلة,بكالوريوس,,,graduated,,2025-03-10 15:59:32,,True,admin
918,كلية عمون الجامعيّة التطبيقيّة,إدارة فنادق وسياحة,بكالوريوس,,,graduated,,2025-02-16 15:32:27,,True,admin
138,جامعة الأميرة سميّة للتكنولوجيا,التسويق الإلكتروني,ماجستير,,,graduated,,2025-01-31 11:14:58,,True,admin
232,جامعة عمان الأهليّة,التصميم الداخلي,بكالوريوس,,,current,,2025-01-31 11:16:27,,True,admin
211,كليّة لومينوس الجامعيّة التقنيّة,إدارة عمليات لوجستيّة,بكالوريوس,,,current,,2025-01-31 11:16:02,,True,admin
1,الجامعة الألمانيّة الأردنيّة,هندسة الحاسوب,بكالوريوس,,,current,,2025-01-31 11:12:21,,True,admin
3077,جامعة البلقاء التطبيقيّة,هندسة الطاقة الكهربائيّة,بكالوريوس,,,graduated,,2026-01-26 16:51:49,,True,admin
1399,جامعة الحسين التقنيّة,علم الحاسوب,بكالوريوس,,,current,,2025-03-11 11:15:24,,True,admin
3156,جامعة آل البيت,الأمن السيبراني,بكالوريوس,,,current,,2024-03-23 22:26:10,,True,admin
948,جامعة الحسين التقنيّة,علم البيانات والذكاء الاصطناعي,بكالوريوس,2021-10-15,2025-06-26,graduated,3.95,2025-02-17 13:17:50,,True,admin
3184,جامعة الحسين التقنيّة,هندسة الطاقة,بكالوريوس,,,graduated,,2026-05-28 13:46:22,,True,admin
3238,الجامعة الألمانيّة الأردنيّة,إدارة الأعمال,ماجستير,,,graduated,,2026-07-07 09:53:25,,True,admin
3239,كليّة المجتمع العربي,هندسة المساحة,بكالوريوس,,,graduated,,2026-07-07 09:56:35,,True,admin
3240,الجامعة الهاشميّة,إدارة المخاطر والتأمين,,,,graduated,,2026-07-07 09:59:17,,True,admin
3241,جامعة الزيتونة الأردنيّة,المحاسبة,بكالوريوس,,,graduated,,2026-07-07 10:02:24,,True,admin
3242,الجامعة الهاشميّة,التسويق الرقمي,بكالوريوس,,,graduated,,2026-07-07 10:05:35,,True,admin
2375,الجامعة الأردنيّة,التسويق,بكالوريوس,,,graduated,,2026-07-07 10:13:32,,True,admin
680,جامعة البلقاء التطبيقيّة,نظم المعلومات الإداريّة,بكالوريوس,,,graduated,,2026-07-07 10:16:50,,True,admin
1304,جامعة البلقاء التطبيقيّة,هندسة البرمجيات,بكالوريوس,,,graduated,,2026-07-07 10:17:10,,True,admin
807,جامعة البلقاء التطبيقيّة,المختبرات الطبيّة,بكالوريوس,,,graduated,,2026-07-07 10:17:27,,True,admin
233,الجامعة الأردنيّة,الرياضيات,بكالوريوس,,,graduated,,2026-07-07 10:18:17,,True,admin
3188,جامعة عمان العربيّة,إدارة,ماجستير,,,graduated,,2026-07-07 10:18:36,,True,admin
1395,الجامعة الهاشميّة,نظم المعلومات الإداريّة,بكالوريوس,,,switched,,2026-07-12 21:25:34,,True,admin
1395,جامعة البلقاء التطبيقيّة,نظم المعلومات الإداريّة,بكالوريوس,,,current,,2026-07-12 21:25:34,,True,admin
3306,الجامعة الهاشميّة,نظم المعلومات الحاسوبيّة,بكالوريوس,,,current,,2026-07-13 00:19:06,,True,admin
3307,جامعة البلقاء التطبيقيّة,أمن المعلومات والفضاء الإلكتروني,بكالوريوس,,,current,,2026-07-13 23:29:54,,True,admin
3179,جامعة البلقاء التطبيقيّة,نظم المعلومات الإداريّة,بكالوريوس,,,current,,2026-07-21 09:14:03,,True,admin
3321,جامعة اليرموك,الطب والجراحة,بكالوريوس,,,graduated,,2026-07-28 08:56:36,,True,admin
3322,جامعة العلوم والتكنولوجيا الأردنيّة,العلاج التنفسي,بكالوريوس,,,current,,2026-07-28 09:00:30,,True,admin
1395,الجامعة الهاشميّة,نظم المعلومات الإداريّة,بكالوريوس,,,current,,2025-03-11 10:57:56,2026-07-12 21:25:34,False,admin
3188,جامعة عمان العربيّة,إدارة,ماجستير,,,current,,2026-05-29 13:40:34,2026-07-07 10:18:36,False,admin
233,الجامعة الأردنيّة,الرياضيات,بكالوريوس,,,current,,2025-01-31 11:16:28,2026-07-07 10:18:17,False,admin
807,جامعة البلقاء التطبيقيّة,المختبرات الطبيّة,بكالوريوس,,,current,,2025-02-06 15:04:46,2026-07-07 10:17:27,False,admin
1304,جامعة البلقاء التطبيقيّة,هندسة البرمجيات,بكالوريوس,,,current,,2025-03-09 16:27:11,2026-07-07 10:17:10,False,admin
680,جامعة البلقاء التطبيقيّة,نظم المعلومات الإداريّة,بكالوريوس,,,current,,2025-02-03 02:09:11,2026-07-07 10:16:50,False,admin
2375,الجامعة الأردنيّة,التسويق,بكالوريوس,,,current,,2025-05-11 13:51:42,2026-07-07 10:13:32,False,admin
3093,جامعة الحسين التقنيّة,هندسة الطاقة,بكالوريوس,,,graduated,,2026-02-27 18:33:03,2026-05-28 13:46:23,False,admin
